﻿<?xml version="1.0" encoding="UTF-8"?>
<MetaDataObject xmlns="http://v8.1c.ru/8.3/MDClasses" xmlns:app="http://v8.1c.ru/8.2/managed-application/core" xmlns:cfg="http://v8.1c.ru/8.1/data/enterprise/current-config" xmlns:cmi="http://v8.1c.ru/8.2/managed-application/cmi" xmlns:ent="http://v8.1c.ru/8.1/data/enterprise" xmlns:lf="http://v8.1c.ru/8.2/managed-application/logform" xmlns:style="http://v8.1c.ru/8.1/data/ui/style" xmlns:sys="http://v8.1c.ru/8.1/data/ui/fonts/system" xmlns:v8="http://v8.1c.ru/8.1/data/core" xmlns:v8ui="http://v8.1c.ru/8.1/data/ui" xmlns:web="http://v8.1c.ru/8.1/data/ui/colors/web" xmlns:win="http://v8.1c.ru/8.1/data/ui/colors/windows" xmlns:xen="http://v8.1c.ru/8.3/xcf/enums" xmlns:xpr="http://v8.1c.ru/8.3/xcf/predef" xmlns:xr="http://v8.1c.ru/8.3/xcf/readable" xmlns:xs="http://www.w3.org/2001/XMLSchema" xmlns:xsi="http://www.w3.org/2001/XMLSchema-instance" version="2.18">
	<Configuration uuid="a9add430-fde9-42a7-9058-ccb960e9390c">
		<InternalInfo>
			<xr:ContainedObject>
				<xr:ClassId>9cd510cd-abfc-11d4-9434-004095e12fc7</xr:ClassId>
				<xr:ObjectId>b48c46e8-60e6-4039-836e-5ef67ec7ca91</xr:ObjectId>
			</xr:ContainedObject>
			<xr:ContainedObject>
				<xr:ClassId>9fcd25a0-4822-11d4-9414-008048da11f9</xr:ClassId>
				<xr:ObjectId>f12853cc-5dfd-4026-bd7a-360d4a3e8eee</xr:ObjectId>
			</xr:ContainedObject>
			<xr:ContainedObject>
				<xr:ClassId>e3687481-0a87-462c-a166-9f34594f9bba</xr:ClassId>
				<xr:ObjectId>540f064d-2a0a-42a3-a999-7adaaf4ebf4a</xr:ObjectId>
			</xr:ContainedObject>
			<xr:ContainedObject>
				<xr:ClassId>9de14907-ec23-4a07-96f0-85521cb6b53b</xr:ClassId>
				<xr:ObjectId>7366694d-2153-49c8-b18c-d8df9b499c9e</xr:ObjectId>
			</xr:ContainedObject>
			<xr:ContainedObject>
				<xr:ClassId>51f2d5d8-ea4d-4064-8892-82951750031e</xr:ClassId>
				<xr:ObjectId>1a1ece69-c36d-4751-bc2c-9abef6d95228</xr:ObjectId>
			</xr:ContainedObject>
			<xr:ContainedObject>
				<xr:ClassId>e68182ea-4237-4383-967f-90c1e3370bc7</xr:ClassId>
				<xr:ObjectId>a19e445c-2e77-4a3d-98b3-5d768b2194ca</xr:ObjectId>
			</xr:ContainedObject>
			<xr:ContainedObject>
				<xr:ClassId>fb282519-d103-4dd3-bc12-cb271d631dfc</xr:ClassId>
				<xr:ObjectId>6f9eb8ce-62d3-4e70-8c6c-81f25bc7602e</xr:ObjectId>
			</xr:ContainedObject>
		</InternalInfo>
		<Properties>
			<ObjectBelonging>Adopted</ObjectBelonging>
			<Name>BURO1</Name>
			<Synonym>
				<v8:item>
					<v8:lang>ru</v8:lang>
					<v8:content>BURO1</v8:content>
				</v8:item>
			</Synonym>
			<Comment/>
			<ConfigurationExtensionPurpose>Customization</ConfigurationExtensionPurpose>
			<KeepMappingToExtendedConfigurationObjectsByIDs>true</KeepMappingToExtendedConfigurationObjectsByIDs>
			<NamePrefix>B1_</NamePrefix>
			<ConfigurationExtensionCompatibilityMode>Version8_3_12</ConfigurationExtensionCompatibilityMode>
			<DefaultRunMode>ManagedApplication</DefaultRunMode>
			<UsePurposes>
				<v8:Value xsi:type="app:ApplicationUsePurpose">PlatformApplication</v8:Value>
			</UsePurposes>
			<ScriptVariant>Russian</ScriptVariant>
			<Vendor/>
			<Version/>
			<DefaultLanguage>Language.Русский</DefaultLanguage>
			<BriefInformation/>
			<DetailedInformation/>
			<Copyright/>
			<VendorInformationAddress/>
			<ConfigurationInformationAddress/>
			<InterfaceCompatibilityMode>Taxi</InterfaceCompatibilityMode>
		</Properties>
		<ChildObjects>
			<Language>Русский</Language>
			<Subsystem>ГИИС_ДМДК</Subsystem>
			<StyleItem>ФонУправляющегоПоля</StyleItem>
			<CommonPicture>СостоянияДокументаУ</CommonPicture>
			<CommonPicture>ПодборПоАртикулу</CommonPicture>
			<CommonPicture>ПодборПоШК</CommonPicture>
			<CommonPicture>ТерминалСбораДанных</CommonPicture>
			<CommonPicture>КоллекцияСтатусовДокументов</CommonPicture>
			<CommonPicture>ПометкаНаУдалениеНаоборот</CommonPicture>
			<CommonPicture>ВходящееСобытие</CommonPicture>
			<CommonModule>B1_ПрограммноеСозданиеЭлементов</CommonModule>
			<CommonModule>ИнтеграцияГИИСДМДКЮТДСервер</CommonModule>
			<CommonModule>ПодборыУ</CommonModule>
			<CommonModule>B1_СохранениеФайлов</CommonModule>
			<CommonModule>РаботаСПочтовымиСообщениямиСлужебный</CommonModule>
			<CommonModule>ДополнительныеОтчетыИОбработки</CommonModule>
			<CommonModule>смсРаботаССообщениями</CommonModule>
			<CommonModule>ИнтеграцияГИИСДМДКСлужебныйКлиентСервер</CommonModule>
			<CommonModule>B1_ИнтеграцияГИИСДМДКСерверВызовСервера</CommonModule>
			<CommonCommand>B1_СоздатьВозвратВПроизводствоНаОснованииПреобразованияВЛом</CommonCommand>
			<CommonForm>ФормаВыбораНоменклатурыИзТаблицыУ</CommonForm>
			<Catalog>СерииНоменклатуры</Catalog>
			<Catalog>Номенклатура</Catalog>
			<Catalog>Пробы</Catalog>
			<Catalog>Размер</Catalog>
			<Catalog>ХарактеристикиНоменклатуры</Catalog>
			<Catalog>ТипыЦенНоменклатуры</Catalog>
			<Catalog>Валюты</Catalog>
			<Catalog>ДоговорыКонтрагентов</Catalog>
			<Catalog>УсловияОплаты</Catalog>
			<Catalog>ПроизводственныеУчастки</Catalog>
			<Catalog>ЦветаМеталла</Catalog>
			<Catalog>КлассификаторЕдиницИзмерения</Catalog>
			<Catalog>Проекты</Catalog>
			<Catalog>Контрагенты</Catalog>
			<Catalog>Организации</Catalog>
			<Catalog>Склады</Catalog>
			<Catalog>Качество</Catalog>
			<Catalog>ХозяйственныеОперации</Catalog>
			<Catalog>Пользователи</Catalog>
			<Catalog>Подразделения</Catalog>
			<Catalog>БанковскиеСчета</Catalog>
			<Catalog>КлассификаторСтранМира</Catalog>
			<Catalog>ЕдиницыИзмерения</Catalog>
			<Catalog>СтатьиЗатрат</Catalog>
			<Catalog>НомераГТД</Catalog>
			<Catalog>НоменклатурныеГруппы</Catalog>
			<Catalog>АналитикаТипаИзделия</Catalog>
			<Catalog>Цвета</Catalog>
			<Catalog>ФормыОгранки</Catalog>
			<Catalog>ГруппыДефектов</Catalog>
			<Catalog>ГруппыЦветов</Catalog>
			<Catalog>Рассевы</Catalog>
			<Catalog>ВидыПартийГИИС</Catalog>
			<Catalog>КлассификаторГеометрийКамняГИИСДМДК</Catalog>
			<Catalog>КлассификаторСпособовОблагораживанияГИИСДМДК</Catalog>
			<Catalog>ЦеновыеГруппы</Catalog>
			<Catalog>ТипыИзделий</Catalog>
			<Catalog>ДрагоценныеКамни</Catalog>
			<Catalog>КодыВидовТоваров</Catalog>
			<Catalog>Комплекты</Catalog>
			<Catalog>УдалитьВидыКодировокиИзделий</Catalog>
			<Catalog>ОКПД2</Catalog>
			<Catalog>СегментыНоменклатуры</Catalog>
			<Catalog>Покрытие</Catalog>
			<Catalog>ГруппыКодированияКамнейГИИСДМДК</Catalog>
			<Catalog>КлассификаторВесовыхГруппГИИСДМДК</Catalog>
			<Catalog>ТоварныеКатегории</Catalog>
			<Catalog>ТоварныеПозиции</Catalog>
			<Catalog>КлассификаторСтепенейВнутреннегоОтраженияГИИСДМДК</Catalog>
			<Catalog>КлассификаторНаличияСколовДефектовГИИСДМДК</Catalog>
			<Catalog>КлассификаторГруппОгранкиГИИСДМДК</Catalog>
			<Catalog>ТоварныеГруппы</Catalog>
			<Catalog>ДополнительнаяКлассификацияГИИСДМДК</Catalog>
			<Catalog>ФизическиеЛица</Catalog>
			<Catalog>СертификатыКлючейЭлектроннойПодписиИШифрования</Catalog>
			<Catalog>B1_ПредопределенныеЗначения</Catalog>
			<Catalog>УчетныеЗаписиЭлектроннойПочты</Catalog>
			<Document>ПоступлениеТоваровУслуг</Document>
			<Document>ПоступлениеПродукцииИзПроизводства</Document>
			<Document>ЗаказКлиента</Document>
			<Document>ПрисвоениеУИНОстаткам</Document>
			<Document>ВводОстатковАгрегированныхПартий</Document>
			<Document>ПеремещениеТоваров</Document>
			<Document>РеализацияТоваровУслуг</Document>
			<Document>ОтчетКомиссионераОПродажах</Document>
			<Document>УстановкаЦенНоменклатуры</Document>
			<Document>ПродажаЧерезМаркетплейс</Document>
			<Document>ВозвратТоваровПоставщику</Document>
			<Document>СписаниеТоваров</Document>
			<Document>ПередачаМатериаловВПроизводство</Document>
			<Document>ИнвентаризацияУИН</Document>
			<Document>ПреобразованиеВЛом</Document>
			<Document>ЗаказПоставщику</Document>
			<Document>ВозвратПродукцииВПроизводство</Document>
			<Document>ИнтернетЗаказ</Document>
			<Document>СчетФактураВыданный</Document>
			<Enum>ВидыСкладов</Enum>
			<Enum>ВидыНоменклатуры</Enum>
			<Enum>ТипыШаблонов</Enum>
			<Enum>ВидыДоговоровКонтрагентов</Enum>
			<Enum>МатериалВПроизводстве</Enum>
			<Enum>СтавкиНДС</Enum>
			<Enum>СтатусОтветаГИИСДМДК</Enum>
			<Enum>ОписаниеСпецификацииХарактеристикДляВводаОстатковГИИСДМДК</Enum>
			<Enum>ВидыОперацииКомплектацииЦенностей</Enum>
			<Enum>УсловияСкидкиНаценки</Enum>
			<Enum>СпособыРасчетаКомиссионногоВознаграждения</Enum>
			<Enum>ВидыОтчетовПоПлатежамКомиссия</Enum>
			<DataProcessor>ЗаполнениеШтрихкодовВТабличнойЧасти</DataProcessor>
			<DataProcessor>ПечатьЭтикетокИЦенников</DataProcessor>
			<DataProcessor>B1_ЗаполнениеУИНВСерияхНоменклатуры</DataProcessor>
			<DataProcessor>ПодборНоменклатуры</DataProcessor>
			<DataProcessor>ВыгрузкаНаСайтУФ</DataProcessor>
			<DataProcessor>B1_ЗаполнитьТЧИзДанныхВБ</DataProcessor>
			<DataProcessor>РабочееМестоОператораГИИСДМДК</DataProcessor>
			<DataProcessor>B1_РаботаСАртикуламиВБ</DataProcessor>
			<InformationRegister>ЗначенияСвойствОбъектов</InformationRegister>
			<InformationRegister>ЦеныНоменклатуры</InformationRegister>
			<AccumulationRegister>ПартииТоваровНаСкладах</AccumulationRegister>
			<AccumulationRegister>СвободныеОстатки</AccumulationRegister>
			<AccumulationRegister>ТоварыВНеавтоматизированныхТорговыхТочках</AccumulationRegister>
			<ChartOfCharacteristicTypes>СвойстваОбъектов</ChartOfCharacteristicTypes>
		</ChildObjects>
	</Configuration>
</MetaDataObject>