﻿<?xml version="1.0" encoding="UTF-8"?>
<MetaDataObject xmlns="http://v8.1c.ru/8.3/MDClasses" xmlns:app="http://v8.1c.ru/8.2/managed-application/core" xmlns:cfg="http://v8.1c.ru/8.1/data/enterprise/current-config" xmlns:cmi="http://v8.1c.ru/8.2/managed-application/cmi" xmlns:ent="http://v8.1c.ru/8.1/data/enterprise" xmlns:lf="http://v8.1c.ru/8.2/managed-application/logform" xmlns:style="http://v8.1c.ru/8.1/data/ui/style" xmlns:sys="http://v8.1c.ru/8.1/data/ui/fonts/system" xmlns:v8="http://v8.1c.ru/8.1/data/core" xmlns:v8ui="http://v8.1c.ru/8.1/data/ui" xmlns:web="http://v8.1c.ru/8.1/data/ui/colors/web" xmlns:win="http://v8.1c.ru/8.1/data/ui/colors/windows" xmlns:xen="http://v8.1c.ru/8.3/xcf/enums" xmlns:xpr="http://v8.1c.ru/8.3/xcf/predef" xmlns:xr="http://v8.1c.ru/8.3/xcf/readable" xmlns:xs="http://www.w3.org/2001/XMLSchema" xmlns:xsi="http://www.w3.org/2001/XMLSchema-instance" version="2.18">
	<Catalog uuid="09a87de1-a775-40c3-bc9f-e673175d70b6">
		<InternalInfo>
			<xr:GeneratedType name="CatalogObject.БанковскиеСчета" category="Object">
				<xr:TypeId>33375c5f-dd05-45b5-bbea-06e248eb5e4f</xr:TypeId>
				<xr:ValueId>c81d1b90-7804-4389-bade-00431e5e47da</xr:ValueId>
			</xr:GeneratedType>
			<xr:GeneratedType name="CatalogRef.БанковскиеСчета" category="Ref">
				<xr:TypeId>bc1a7ba7-7d07-44c8-aded-b397b84a2b16</xr:TypeId>
				<xr:ValueId>5d891f13-424c-4c60-9ac0-7d8edb202797</xr:ValueId>
			</xr:GeneratedType>
			<xr:GeneratedType name="CatalogSelection.БанковскиеСчета" category="Selection">
				<xr:TypeId>d1abeb46-9040-419f-a2e3-eaed36cfad93</xr:TypeId>
				<xr:ValueId>0d646f67-5c66-485c-8197-7373bccd9f87</xr:ValueId>
			</xr:GeneratedType>
			<xr:GeneratedType name="CatalogList.БанковскиеСчета" category="List">
				<xr:TypeId>90a7f122-a46f-487e-930a-da53a0146bb6</xr:TypeId>
				<xr:ValueId>49d1c35b-a6ea-4492-9dc6-56fe883f8887</xr:ValueId>
			</xr:GeneratedType>
			<xr:GeneratedType name="CatalogManager.БанковскиеСчета" category="Manager">
				<xr:TypeId>4a110800-de3b-47bf-9c6a-27ad8364419b</xr:TypeId>
				<xr:ValueId>35e4ce49-0fdb-4648-9cb8-881187ff113e</xr:ValueId>
			</xr:GeneratedType>
		</InternalInfo>
		<Properties>
			<ObjectBelonging>Adopted</ObjectBelonging>
			<Name>БанковскиеСчета</Name>
			<Comment/>
			<ExtendedConfigurationObject>37514980-5c29-46e1-8c8b-66ff07bdfad1</ExtendedConfigurationObject>
		</Properties>
		<ChildObjects/>
	</Catalog>
</MetaDataObject>