﻿<?xml version="1.0" encoding="UTF-8"?>
<MetaDataObject xmlns="http://v8.1c.ru/8.3/MDClasses" xmlns:app="http://v8.1c.ru/8.2/managed-application/core" xmlns:cfg="http://v8.1c.ru/8.1/data/enterprise/current-config" xmlns:cmi="http://v8.1c.ru/8.2/managed-application/cmi" xmlns:ent="http://v8.1c.ru/8.1/data/enterprise" xmlns:lf="http://v8.1c.ru/8.2/managed-application/logform" xmlns:style="http://v8.1c.ru/8.1/data/ui/style" xmlns:sys="http://v8.1c.ru/8.1/data/ui/fonts/system" xmlns:v8="http://v8.1c.ru/8.1/data/core" xmlns:v8ui="http://v8.1c.ru/8.1/data/ui" xmlns:web="http://v8.1c.ru/8.1/data/ui/colors/web" xmlns:win="http://v8.1c.ru/8.1/data/ui/colors/windows" xmlns:xen="http://v8.1c.ru/8.3/xcf/enums" xmlns:xpr="http://v8.1c.ru/8.3/xcf/predef" xmlns:xr="http://v8.1c.ru/8.3/xcf/readable" xmlns:xs="http://www.w3.org/2001/XMLSchema" xmlns:xsi="http://www.w3.org/2001/XMLSchema-instance" version="2.18">
	<Catalog uuid="54432326-2277-48e8-b0d0-c1d023e744ab">
		<InternalInfo>
			<xr:GeneratedType name="CatalogObject.ЕдиницыИзмерения" category="Object">
				<xr:TypeId>e74b55c4-9956-4dea-bc0f-57edfd9fb9a7</xr:TypeId>
				<xr:ValueId>cfd2ddb1-bf4f-4498-8372-840ac8db44c4</xr:ValueId>
			</xr:GeneratedType>
			<xr:GeneratedType name="CatalogRef.ЕдиницыИзмерения" category="Ref">
				<xr:TypeId>157b40c7-6dc3-410a-83dd-7557b3d5c0f6</xr:TypeId>
				<xr:ValueId>786bd208-2934-4241-8344-53c2dc641225</xr:ValueId>
			</xr:GeneratedType>
			<xr:GeneratedType name="CatalogSelection.ЕдиницыИзмерения" category="Selection">
				<xr:TypeId>f8fe9132-e05f-460b-9906-8e8cc9d90569</xr:TypeId>
				<xr:ValueId>fd9b02f8-b8cb-494c-9aab-9633e168a580</xr:ValueId>
			</xr:GeneratedType>
			<xr:GeneratedType name="CatalogList.ЕдиницыИзмерения" category="List">
				<xr:TypeId>eed86cbc-c9ee-4f8f-9942-44d7c4b3e9f9</xr:TypeId>
				<xr:ValueId>26547708-d7ce-4122-9d63-ae58c57d745c</xr:ValueId>
			</xr:GeneratedType>
			<xr:GeneratedType name="CatalogManager.ЕдиницыИзмерения" category="Manager">
				<xr:TypeId>01addd8c-7688-4a69-b01e-881e21dd52fe</xr:TypeId>
				<xr:ValueId>e67bfb8f-4507-436d-b913-da0b93cdcb9a</xr:ValueId>
			</xr:GeneratedType>
		</InternalInfo>
		<Properties>
			<ObjectBelonging>Adopted</ObjectBelonging>
			<Name>ЕдиницыИзмерения</Name>
			<Comment/>
			<ExtendedConfigurationObject>64ca95ae-8962-4205-9ba9-c7dceb8007d3</ExtendedConfigurationObject>
		</Properties>
		<ChildObjects/>
	</Catalog>
</MetaDataObject>