﻿<?xml version="1.0" encoding="UTF-8"?>
<MetaDataObject xmlns="http://v8.1c.ru/8.3/MDClasses" xmlns:app="http://v8.1c.ru/8.2/managed-application/core" xmlns:cfg="http://v8.1c.ru/8.1/data/enterprise/current-config" xmlns:cmi="http://v8.1c.ru/8.2/managed-application/cmi" xmlns:ent="http://v8.1c.ru/8.1/data/enterprise" xmlns:lf="http://v8.1c.ru/8.2/managed-application/logform" xmlns:style="http://v8.1c.ru/8.1/data/ui/style" xmlns:sys="http://v8.1c.ru/8.1/data/ui/fonts/system" xmlns:v8="http://v8.1c.ru/8.1/data/core" xmlns:v8ui="http://v8.1c.ru/8.1/data/ui" xmlns:web="http://v8.1c.ru/8.1/data/ui/colors/web" xmlns:win="http://v8.1c.ru/8.1/data/ui/colors/windows" xmlns:xen="http://v8.1c.ru/8.3/xcf/enums" xmlns:xpr="http://v8.1c.ru/8.3/xcf/predef" xmlns:xr="http://v8.1c.ru/8.3/xcf/readable" xmlns:xs="http://www.w3.org/2001/XMLSchema" xmlns:xsi="http://www.w3.org/2001/XMLSchema-instance" version="2.18">
	<Catalog uuid="f6e0f35e-a17e-48e2-bd26-eaf10697fda2">
		<InternalInfo>
			<xr:GeneratedType name="CatalogObject.КлассификаторЕдиницИзмерения" category="Object">
				<xr:TypeId>f0a475e8-61e1-48a9-af74-ead1d0320232</xr:TypeId>
				<xr:ValueId>d2ca456a-04ac-4527-afe6-fc9b27ad3042</xr:ValueId>
			</xr:GeneratedType>
			<xr:GeneratedType name="CatalogRef.КлассификаторЕдиницИзмерения" category="Ref">
				<xr:TypeId>664f4e48-53e4-424b-a2e4-a36e3f7b7dc2</xr:TypeId>
				<xr:ValueId>320c044f-d7e0-4dae-86f8-c748d80fc74f</xr:ValueId>
			</xr:GeneratedType>
			<xr:GeneratedType name="CatalogSelection.КлассификаторЕдиницИзмерения" category="Selection">
				<xr:TypeId>c1b24691-79a7-45e5-a26a-96b6dc4080f4</xr:TypeId>
				<xr:ValueId>ecf119e8-4881-4b18-9d13-5543d519974e</xr:ValueId>
			</xr:GeneratedType>
			<xr:GeneratedType name="CatalogList.КлассификаторЕдиницИзмерения" category="List">
				<xr:TypeId>0349c6d2-1d12-4a80-bd6d-c9861bddea71</xr:TypeId>
				<xr:ValueId>f31bd9a3-671b-4248-b594-81895e7c7629</xr:ValueId>
			</xr:GeneratedType>
			<xr:GeneratedType name="CatalogManager.КлассификаторЕдиницИзмерения" category="Manager">
				<xr:TypeId>8807631f-18a9-47c0-8923-d419d2824e2f</xr:TypeId>
				<xr:ValueId>13af559b-2b88-498c-833b-75b810dcbe85</xr:ValueId>
			</xr:GeneratedType>
		</InternalInfo>
		<Properties>
			<ObjectBelonging>Adopted</ObjectBelonging>
			<Name>КлассификаторЕдиницИзмерения</Name>
			<Comment/>
			<ExtendedConfigurationObject>b550d163-91b9-434d-9b57-93bbd219c46f</ExtendedConfigurationObject>
		</Properties>
		<ChildObjects/>
	</Catalog>
</MetaDataObject>