﻿<?xml version="1.0" encoding="UTF-8"?>
<MetaDataObject xmlns="http://v8.1c.ru/8.3/MDClasses" xmlns:app="http://v8.1c.ru/8.2/managed-application/core" xmlns:cfg="http://v8.1c.ru/8.1/data/enterprise/current-config" xmlns:cmi="http://v8.1c.ru/8.2/managed-application/cmi" xmlns:ent="http://v8.1c.ru/8.1/data/enterprise" xmlns:lf="http://v8.1c.ru/8.2/managed-application/logform" xmlns:style="http://v8.1c.ru/8.1/data/ui/style" xmlns:sys="http://v8.1c.ru/8.1/data/ui/fonts/system" xmlns:v8="http://v8.1c.ru/8.1/data/core" xmlns:v8ui="http://v8.1c.ru/8.1/data/ui" xmlns:web="http://v8.1c.ru/8.1/data/ui/colors/web" xmlns:win="http://v8.1c.ru/8.1/data/ui/colors/windows" xmlns:xen="http://v8.1c.ru/8.3/xcf/enums" xmlns:xpr="http://v8.1c.ru/8.3/xcf/predef" xmlns:xr="http://v8.1c.ru/8.3/xcf/readable" xmlns:xs="http://www.w3.org/2001/XMLSchema" xmlns:xsi="http://www.w3.org/2001/XMLSchema-instance" version="2.18">
	<Catalog uuid="a67a08d9-d85e-48c9-943b-598ec9b8d73a">
		<InternalInfo>
			<xr:GeneratedType name="CatalogObject.КлассификаторГеометрийКамняГИИСДМДК" category="Object">
				<xr:TypeId>82d7f38f-7f2c-4951-89e1-39f075105f07</xr:TypeId>
				<xr:ValueId>4607321d-ac59-43d0-9b89-e23b6986d3a8</xr:ValueId>
			</xr:GeneratedType>
			<xr:GeneratedType name="CatalogRef.КлассификаторГеометрийКамняГИИСДМДК" category="Ref">
				<xr:TypeId>9e9d5da6-52a5-4054-b62e-b76d40f778c2</xr:TypeId>
				<xr:ValueId>98c8beaa-9053-4a54-aba2-cb923d229c6f</xr:ValueId>
			</xr:GeneratedType>
			<xr:GeneratedType name="CatalogSelection.КлассификаторГеометрийКамняГИИСДМДК" category="Selection">
				<xr:TypeId>62dd8c14-d636-4b65-9947-914a9a51962e</xr:TypeId>
				<xr:ValueId>daaf42c8-4687-4db1-ad43-c5d9d7aa0c11</xr:ValueId>
			</xr:GeneratedType>
			<xr:GeneratedType name="CatalogList.КлассификаторГеометрийКамняГИИСДМДК" category="List">
				<xr:TypeId>a87c3e39-afcd-4985-931d-8112dfdaad04</xr:TypeId>
				<xr:ValueId>821f85c5-b222-49fb-95e2-b2a831eb5946</xr:ValueId>
			</xr:GeneratedType>
			<xr:GeneratedType name="CatalogManager.КлассификаторГеометрийКамняГИИСДМДК" category="Manager">
				<xr:TypeId>db2069e3-e8fd-462a-baa7-77261f6087d6</xr:TypeId>
				<xr:ValueId>7c3b7d0e-4970-4204-95b9-da7c60ac6d04</xr:ValueId>
			</xr:GeneratedType>
		</InternalInfo>
		<Properties>
			<ObjectBelonging>Adopted</ObjectBelonging>
			<Name>КлассификаторГеометрийКамняГИИСДМДК</Name>
			<Comment/>
			<ExtendedConfigurationObject>04149c22-eb2c-4320-afc5-75d52449b595</ExtendedConfigurationObject>
		</Properties>
		<ChildObjects/>
	</Catalog>
</MetaDataObject>