﻿<?xml version="1.0" encoding="UTF-8"?>
<MetaDataObject xmlns="http://v8.1c.ru/8.3/MDClasses" xmlns:app="http://v8.1c.ru/8.2/managed-application/core" xmlns:cfg="http://v8.1c.ru/8.1/data/enterprise/current-config" xmlns:cmi="http://v8.1c.ru/8.2/managed-application/cmi" xmlns:ent="http://v8.1c.ru/8.1/data/enterprise" xmlns:lf="http://v8.1c.ru/8.2/managed-application/logform" xmlns:style="http://v8.1c.ru/8.1/data/ui/style" xmlns:sys="http://v8.1c.ru/8.1/data/ui/fonts/system" xmlns:v8="http://v8.1c.ru/8.1/data/core" xmlns:v8ui="http://v8.1c.ru/8.1/data/ui" xmlns:web="http://v8.1c.ru/8.1/data/ui/colors/web" xmlns:win="http://v8.1c.ru/8.1/data/ui/colors/windows" xmlns:xen="http://v8.1c.ru/8.3/xcf/enums" xmlns:xpr="http://v8.1c.ru/8.3/xcf/predef" xmlns:xr="http://v8.1c.ru/8.3/xcf/readable" xmlns:xs="http://www.w3.org/2001/XMLSchema" xmlns:xsi="http://www.w3.org/2001/XMLSchema-instance" version="2.18">
	<Catalog uuid="1eafe2d8-dcb2-49e4-a728-8183827f3023">
		<InternalInfo>
			<xr:GeneratedType name="CatalogObject.Контрагенты" category="Object">
				<xr:TypeId>c606853f-e385-4b1e-b182-4fc5570120f8</xr:TypeId>
				<xr:ValueId>f20ce8f4-117f-440f-9f47-5b34510159a4</xr:ValueId>
			</xr:GeneratedType>
			<xr:GeneratedType name="CatalogRef.Контрагенты" category="Ref">
				<xr:TypeId>aaea85cd-55a7-46bb-8e91-b4d4255e18a0</xr:TypeId>
				<xr:ValueId>1260f889-04fc-4d78-af3d-cce96a110174</xr:ValueId>
			</xr:GeneratedType>
			<xr:GeneratedType name="CatalogSelection.Контрагенты" category="Selection">
				<xr:TypeId>254a86b4-954a-48f2-8a27-05a60633c49f</xr:TypeId>
				<xr:ValueId>49ca7ae7-88da-4f1d-9aae-36a8c92d9952</xr:ValueId>
			</xr:GeneratedType>
			<xr:GeneratedType name="CatalogList.Контрагенты" category="List">
				<xr:TypeId>d7022733-a6ce-4381-ab68-aa7f812ebf6f</xr:TypeId>
				<xr:ValueId>075dafaf-903c-4f43-89eb-9798205dbe34</xr:ValueId>
			</xr:GeneratedType>
			<xr:GeneratedType name="CatalogManager.Контрагенты" category="Manager">
				<xr:TypeId>449700fd-bd8b-43f1-8715-17f7a27613f4</xr:TypeId>
				<xr:ValueId>6a907e43-aa42-4adc-b70a-5a5833d92f7b</xr:ValueId>
			</xr:GeneratedType>
		</InternalInfo>
		<Properties>
			<ObjectBelonging>Adopted</ObjectBelonging>
			<Name>Контрагенты</Name>
			<Comment/>
			<ExtendedConfigurationObject>b6412cac-a3e5-4c01-b215-6903507b9229</ExtendedConfigurationObject>
		</Properties>
		<ChildObjects>
			<Form>ФормаЭлементаУ</Form>
		</ChildObjects>
	</Catalog>
</MetaDataObject>