﻿<?xml version="1.0" encoding="UTF-8"?>
<MetaDataObject xmlns="http://v8.1c.ru/8.3/MDClasses" xmlns:app="http://v8.1c.ru/8.2/managed-application/core" xmlns:cfg="http://v8.1c.ru/8.1/data/enterprise/current-config" xmlns:cmi="http://v8.1c.ru/8.2/managed-application/cmi" xmlns:ent="http://v8.1c.ru/8.1/data/enterprise" xmlns:lf="http://v8.1c.ru/8.2/managed-application/logform" xmlns:style="http://v8.1c.ru/8.1/data/ui/style" xmlns:sys="http://v8.1c.ru/8.1/data/ui/fonts/system" xmlns:v8="http://v8.1c.ru/8.1/data/core" xmlns:v8ui="http://v8.1c.ru/8.1/data/ui" xmlns:web="http://v8.1c.ru/8.1/data/ui/colors/web" xmlns:win="http://v8.1c.ru/8.1/data/ui/colors/windows" xmlns:xen="http://v8.1c.ru/8.3/xcf/enums" xmlns:xpr="http://v8.1c.ru/8.3/xcf/predef" xmlns:xr="http://v8.1c.ru/8.3/xcf/readable" xmlns:xs="http://www.w3.org/2001/XMLSchema" xmlns:xsi="http://www.w3.org/2001/XMLSchema-instance" version="2.18">
	<Catalog uuid="f1c8bc96-eb06-466a-8f63-d7cd8e53e68d">
		<InternalInfo>
			<xr:GeneratedType name="CatalogObject.Номенклатура" category="Object">
				<xr:TypeId>a8aaf40b-26db-45e3-a4b4-259da4a30530</xr:TypeId>
				<xr:ValueId>9b64ce9e-c193-4285-bb69-f3f331fd4574</xr:ValueId>
			</xr:GeneratedType>
			<xr:GeneratedType name="CatalogRef.Номенклатура" category="Ref">
				<xr:TypeId>6c89414e-cf7b-4a01-aad6-c168b1b3187d</xr:TypeId>
				<xr:ValueId>ae2dffd8-2df6-4378-ba88-a52289a8224e</xr:ValueId>
			</xr:GeneratedType>
			<xr:GeneratedType name="CatalogSelection.Номенклатура" category="Selection">
				<xr:TypeId>1349385d-f141-4f11-b604-c9abfe5e8ce2</xr:TypeId>
				<xr:ValueId>99646dbd-6c06-41be-9336-b3f614b66e86</xr:ValueId>
			</xr:GeneratedType>
			<xr:GeneratedType name="CatalogList.Номенклатура" category="List">
				<xr:TypeId>99ce9af2-c7c4-47e0-8073-2b2c25d6999f</xr:TypeId>
				<xr:ValueId>424dda9c-a404-49ec-936a-170e2d0316de</xr:ValueId>
			</xr:GeneratedType>
			<xr:GeneratedType name="CatalogManager.Номенклатура" category="Manager">
				<xr:TypeId>f910b8e4-9289-4766-8700-1b065c15157e</xr:TypeId>
				<xr:ValueId>22f27664-2917-4542-b4b3-ab32ce7d1b20</xr:ValueId>
			</xr:GeneratedType>
		</InternalInfo>
		<Properties>
			<ObjectBelonging>Adopted</ObjectBelonging>
			<Name>Номенклатура</Name>
			<Comment/>
			<ExtendedConfigurationObject>22d218e8-ed66-4c7c-9e9f-3a9e5c99ab15</ExtendedConfigurationObject>
			<Hierarchical>true</Hierarchical>
			<CodeLength>9</CodeLength>
			<DescriptionLength>100</DescriptionLength>
			<CodeType>String</CodeType>
			<CodeAllowedLength>Fixed</CodeAllowedLength>
		</Properties>
		<ChildObjects>
			<Attribute uuid="8309b3c2-4574-403f-915b-7cea6f425140">
				<InternalInfo/>
				<Properties>
					<ObjectBelonging>Adopted</ObjectBelonging>
					<Name>Проба</Name>
					<Comment/>
					<ExtendedConfigurationObject>c9b77b0f-0b4d-4d15-9e82-d5483412ffe0</ExtendedConfigurationObject>
					<Type>
						<v8:Type>cfg:CatalogRef.Пробы</v8:Type>
					</Type>
				</Properties>
			</Attribute>
			<Attribute uuid="c7f45eeb-dd7b-4843-ba99-a23f78b8e7e4">
				<InternalInfo/>
				<Properties>
					<ObjectBelonging>Adopted</ObjectBelonging>
					<Name>Артикул</Name>
					<Comment/>
					<ExtendedConfigurationObject>594a7db8-6ff0-408e-8b71-ff8f03b1cd17</ExtendedConfigurationObject>
					<Type>
						<v8:Type>xs:string</v8:Type>
						<v8:StringQualifiers>
							<v8:Length>50</v8:Length>
							<v8:AllowedLength>Variable</v8:AllowedLength>
						</v8:StringQualifiers>
					</Type>
				</Properties>
			</Attribute>
			<Attribute uuid="528b8c98-dfda-4767-8da0-c427a7c7bfd7">
				<InternalInfo/>
				<Properties>
					<ObjectBelonging>Adopted</ObjectBelonging>
					<Name>БазоваяЕдиницаИзмерения</Name>
					<Comment/>
					<ExtendedConfigurationObject>6ce691f0-16c7-4982-9e6a-19bf10febe03</ExtendedConfigurationObject>
					<Type>
						<v8:Type>cfg:CatalogRef.КлассификаторЕдиницИзмерения</v8:Type>
					</Type>
				</Properties>
			</Attribute>
			<Attribute uuid="ad8f0369-fa4b-4886-b819-283254f90873">
				<Properties>
					<Name>B1_АртикулВБ</Name>
					<Synonym>
						<v8:item>
							<v8:lang>ru</v8:lang>
							<v8:content>Артикул Wildberries</v8:content>
						</v8:item>
					</Synonym>
					<Comment/>
					<Type>
						<v8:Type>xs:decimal</v8:Type>
						<v8:NumberQualifiers>
							<v8:Digits>16</v8:Digits>
							<v8:FractionDigits>0</v8:FractionDigits>
							<v8:AllowedSign>Nonnegative</v8:AllowedSign>
						</v8:NumberQualifiers>
					</Type>
					<PasswordMode>false</PasswordMode>
					<Format>
						<v8:item>
							<v8:lang>ru</v8:lang>
							<v8:content>ЧН=""; ЧГ=0</v8:content>
						</v8:item>
					</Format>
					<EditFormat>
						<v8:item>
							<v8:lang>ru</v8:lang>
							<v8:content>ЧН=""; ЧГ=0</v8:content>
						</v8:item>
					</EditFormat>
					<ToolTip/>
					<MarkNegatives>false</MarkNegatives>
					<Mask/>
					<MultiLine>false</MultiLine>
					<ExtendedEdit>false</ExtendedEdit>
					<MinValue xsi:nil="true"/>
					<MaxValue xsi:nil="true"/>
					<FillFromFillingValue>false</FillFromFillingValue>
					<FillValue xsi:nil="true"/>
					<FillChecking>DontCheck</FillChecking>
					<ChoiceFoldersAndItems>Items</ChoiceFoldersAndItems>
					<ChoiceParameterLinks/>
					<ChoiceParameters/>
					<QuickChoice>Auto</QuickChoice>
					<CreateOnInput>Auto</CreateOnInput>
					<ChoiceForm/>
					<LinkByType/>
					<ChoiceHistoryOnInput>Auto</ChoiceHistoryOnInput>
					<Use>ForItem</Use>
					<Indexing>DontIndex</Indexing>
					<FullTextSearch>Use</FullTextSearch>
					<DataHistory>Use</DataHistory>
				</Properties>
			</Attribute>
			<Attribute uuid="ca3a9a40-cf28-48fd-81c1-d5c4706e0c10">
				<Properties>
					<Name>B1_ДопАртикулДляВБПоУмолчанию</Name>
					<Synonym>
						<v8:item>
							<v8:lang>ru</v8:lang>
							<v8:content>Доп артикул по умолчанию для WB</v8:content>
						</v8:item>
					</Synonym>
					<Comment/>
					<Type>
						<v8:Type>xs:string</v8:Type>
						<v8:StringQualifiers>
							<v8:Length>25</v8:Length>
							<v8:AllowedLength>Variable</v8:AllowedLength>
						</v8:StringQualifiers>
					</Type>
					<PasswordMode>false</PasswordMode>
					<Format/>
					<EditFormat/>
					<ToolTip/>
					<MarkNegatives>false</MarkNegatives>
					<Mask/>
					<MultiLine>false</MultiLine>
					<ExtendedEdit>false</ExtendedEdit>
					<MinValue xsi:nil="true"/>
					<MaxValue xsi:nil="true"/>
					<FillFromFillingValue>false</FillFromFillingValue>
					<FillValue xsi:type="xs:string"/>
					<FillChecking>DontCheck</FillChecking>
					<ChoiceFoldersAndItems>Items</ChoiceFoldersAndItems>
					<ChoiceParameterLinks/>
					<ChoiceParameters/>
					<QuickChoice>Auto</QuickChoice>
					<CreateOnInput>Auto</CreateOnInput>
					<ChoiceForm/>
					<LinkByType/>
					<ChoiceHistoryOnInput>Auto</ChoiceHistoryOnInput>
					<Use>ForItem</Use>
					<Indexing>DontIndex</Indexing>
					<FullTextSearch>Use</FullTextSearch>
					<DataHistory>Use</DataHistory>
				</Properties>
			</Attribute>
			<Attribute uuid="e7d0af63-a565-40df-affa-5497fcd07eb2">
				<InternalInfo/>
				<Properties>
					<ObjectBelonging>Adopted</ObjectBelonging>
					<Name>АналитикаТипаИзделия</Name>
					<Comment/>
					<ExtendedConfigurationObject>19b3ea3e-55a8-4728-a398-5dece63796af</ExtendedConfigurationObject>
					<Type>
						<v8:Type>cfg:CatalogRef.АналитикаТипаИзделия</v8:Type>
					</Type>
				</Properties>
			</Attribute>
			<Attribute uuid="29627af4-a971-400b-99a1-f1f30edb973b">
				<InternalInfo/>
				<Properties>
					<ObjectBelonging>Adopted</ObjectBelonging>
					<Name>Скидка</Name>
					<Comment/>
					<ExtendedConfigurationObject>2b925fbe-f678-4218-8ea6-93316ee598df</ExtendedConfigurationObject>
					<Type>
						<v8:Type>xs:boolean</v8:Type>
					</Type>
				</Properties>
			</Attribute>
			<Attribute uuid="af8b6c90-ca3a-43be-9247-63c658900a1d">
				<InternalInfo/>
				<Properties>
					<ObjectBelonging>Adopted</ObjectBelonging>
					<Name>Камень</Name>
					<Comment/>
					<ExtendedConfigurationObject>195f1040-bd80-4e9d-93ba-809a8b736358</ExtendedConfigurationObject>
					<Type>
						<v8:Type>cfg:CatalogRef.ДрагоценныеКамни</v8:Type>
					</Type>
				</Properties>
			</Attribute>
			<Attribute uuid="a67e9378-b6ad-4024-84d8-af22fa9f470e">
				<InternalInfo/>
				<Properties>
					<ObjectBelonging>Adopted</ObjectBelonging>
					<Name>ВидПартииМеталла</Name>
					<Comment/>
					<ExtendedConfigurationObject>0c732420-7c52-4caf-84c3-1848c60af6b4</ExtendedConfigurationObject>
					<Type>
						<v8:Type>cfg:CatalogRef.ВидыПартийГИИС</v8:Type>
					</Type>
				</Properties>
			</Attribute>
			<Attribute uuid="b61aacb1-3f24-417d-bacd-373245474d68">
				<InternalInfo/>
				<Properties>
					<ObjectBelonging>Adopted</ObjectBelonging>
					<Name>Весовой</Name>
					<Comment/>
					<ExtendedConfigurationObject>b3445890-17ca-4684-80bb-a15c791cd07e</ExtendedConfigurationObject>
					<Type>
						<v8:Type>xs:boolean</v8:Type>
					</Type>
				</Properties>
			</Attribute>
			<Attribute uuid="967c8863-4cd8-4b9e-b02c-42689ac74421">
				<InternalInfo/>
				<Properties>
					<ObjectBelonging>Adopted</ObjectBelonging>
					<Name>ТипИзделия</Name>
					<Comment/>
					<ExtendedConfigurationObject>d08da7d0-72d5-4663-9a4d-3a14028a77a6</ExtendedConfigurationObject>
					<Type>
						<v8:Type>cfg:CatalogRef.ТипыИзделий</v8:Type>
					</Type>
				</Properties>
			</Attribute>
			<Attribute uuid="b766f198-5479-4b7c-bf16-95a6cf6aa711">
				<InternalInfo/>
				<Properties>
					<ObjectBelonging>Adopted</ObjectBelonging>
					<Name>ВидНоменклатуры</Name>
					<Comment/>
					<ExtendedConfigurationObject>929356da-72bf-4e2d-8df5-7538ad257d80</ExtendedConfigurationObject>
					<Type>
						<v8:Type>cfg:EnumRef.ВидыНоменклатуры</v8:Type>
					</Type>
				</Properties>
			</Attribute>
			<Attribute uuid="5e0c983b-fa8b-4365-9b68-20b9f78c18b7">
				<InternalInfo/>
				<Properties>
					<ObjectBelonging>Adopted</ObjectBelonging>
					<Name>КодВидаТовара</Name>
					<Comment/>
					<ExtendedConfigurationObject>fb717d5a-50b6-48d0-93b9-97c801d43bd8</ExtendedConfigurationObject>
					<Type>
						<v8:Type>cfg:CatalogRef.КодыВидовТоваров</v8:Type>
					</Type>
				</Properties>
			</Attribute>
			<Attribute uuid="505acf73-a502-426f-a338-4965be082bbd">
				<InternalInfo/>
				<Properties>
					<ObjectBelonging>Adopted</ObjectBelonging>
					<Name>ЦветМеталла</Name>
					<Comment/>
					<ExtendedConfigurationObject>0547aecf-a2b5-49eb-a3ae-b5d572bc22f2</ExtendedConfigurationObject>
					<Type>
						<v8:Type>cfg:CatalogRef.ЦветаМеталла</v8:Type>
					</Type>
				</Properties>
			</Attribute>
			<Attribute uuid="ce14f595-e26a-495d-b4b1-c135079d6d57">
				<InternalInfo/>
				<Properties>
					<ObjectBelonging>Adopted</ObjectBelonging>
					<Name>ФормаОгранки</Name>
					<Comment/>
					<ExtendedConfigurationObject>7fddea3a-9e6e-4548-b801-aaaa7c02c76b</ExtendedConfigurationObject>
					<Type>
						<v8:Type>cfg:CatalogRef.ФормыОгранки</v8:Type>
					</Type>
				</Properties>
			</Attribute>
			<Attribute uuid="dcc24199-9dc9-42f0-9c67-a159d5e7bd3c">
				<InternalInfo/>
				<Properties>
					<ObjectBelonging>Adopted</ObjectBelonging>
					<Name>Комплект</Name>
					<Comment/>
					<ExtendedConfigurationObject>3506bddd-35ed-46d4-b870-6cfe7e06792a</ExtendedConfigurationObject>
					<Type>
						<v8:Type>cfg:CatalogRef.Комплекты</v8:Type>
					</Type>
				</Properties>
			</Attribute>
			<Attribute uuid="8882a74a-1686-4d94-884e-bb1430deb68c">
				<InternalInfo/>
				<Properties>
					<ObjectBelonging>Adopted</ObjectBelonging>
					<Name>СтавкаНДС</Name>
					<Comment/>
					<ExtendedConfigurationObject>808d3bdd-c671-4059-b681-c05cac2cb70a</ExtendedConfigurationObject>
					<Type>
						<v8:Type>cfg:EnumRef.СтавкиНДС</v8:Type>
					</Type>
				</Properties>
			</Attribute>
			<Attribute uuid="5fefac31-b835-420c-8944-951e3531da75">
				<InternalInfo/>
				<Properties>
					<ObjectBelonging>Adopted</ObjectBelonging>
					<Name>УдалитьВестиУчетПоХарактеристикам</Name>
					<Comment/>
					<ExtendedConfigurationObject>4deb579c-9b20-49af-b5d0-7d7618c0bf80</ExtendedConfigurationObject>
					<Type>
						<v8:Type>xs:boolean</v8:Type>
					</Type>
				</Properties>
			</Attribute>
			<Attribute uuid="cec40535-f3fb-4dda-98ae-a7ae704b8ab4">
				<InternalInfo/>
				<Properties>
					<ObjectBelonging>Adopted</ObjectBelonging>
					<Name>ГеометрияКамняГИИСДМДК</Name>
					<Comment/>
					<ExtendedConfigurationObject>dc32555c-5dcb-42f8-b57e-965257cf3512</ExtendedConfigurationObject>
					<Type>
						<v8:Type>cfg:CatalogRef.КлассификаторГеометрийКамняГИИСДМДК</v8:Type>
					</Type>
				</Properties>
			</Attribute>
			<Attribute uuid="cb5160d6-ef64-4ff3-8cfb-1de2b671d79b">
				<InternalInfo/>
				<Properties>
					<ObjectBelonging>Adopted</ObjectBelonging>
					<Name>ХитПродаж</Name>
					<Comment/>
					<ExtendedConfigurationObject>7fb31e1c-e163-42c3-8dde-bf115dc32969</ExtendedConfigurationObject>
					<Type>
						<v8:Type>xs:boolean</v8:Type>
					</Type>
				</Properties>
			</Attribute>
			<Attribute uuid="4c222149-8863-45cb-9dc6-d952199b482a">
				<InternalInfo/>
				<Properties>
					<ObjectBelonging>Adopted</ObjectBelonging>
					<Name>НаименованиеПолное</Name>
					<Comment/>
					<ExtendedConfigurationObject>901aa8e3-2517-40b5-a8e9-95701c09d71f</ExtendedConfigurationObject>
					<Type>
						<v8:Type>xs:string</v8:Type>
						<v8:StringQualifiers>
							<v8:Length>0</v8:Length>
							<v8:AllowedLength>Variable</v8:AllowedLength>
						</v8:StringQualifiers>
					</Type>
				</Properties>
			</Attribute>
			<Attribute uuid="ec42e8b3-d8ed-4c38-98ef-227f0039de78">
				<InternalInfo/>
				<Properties>
					<ObjectBelonging>Adopted</ObjectBelonging>
					<Name>Кодировка</Name>
					<Comment/>
					<ExtendedConfigurationObject>03230c23-8e27-4d93-86c9-8403d16a4ffb</ExtendedConfigurationObject>
					<Type>
						<v8:Type>cfg:CatalogRef.УдалитьВидыКодировокиИзделий</v8:Type>
					</Type>
				</Properties>
			</Attribute>
			<Attribute uuid="247e9c4d-4829-4486-952f-12071abf6f62">
				<InternalInfo/>
				<Properties>
					<ObjectBelonging>Adopted</ObjectBelonging>
					<Name>НаименованиеГИИСДМДК</Name>
					<Comment/>
					<ExtendedConfigurationObject>63c0a639-4cbc-40d6-bc4d-ef3b7e3f323d</ExtendedConfigurationObject>
					<Type>
						<v8:Type>xs:string</v8:Type>
						<v8:StringQualifiers>
							<v8:Length>100</v8:Length>
							<v8:AllowedLength>Variable</v8:AllowedLength>
						</v8:StringQualifiers>
					</Type>
				</Properties>
			</Attribute>
			<Attribute uuid="ce99ae39-5f1c-4e64-b496-797075ac11a9">
				<InternalInfo/>
				<Properties>
					<ObjectBelonging>Adopted</ObjectBelonging>
					<Name>ЦветКамня</Name>
					<Comment/>
					<ExtendedConfigurationObject>d242401f-0e73-4961-96aa-5717efb756a9</ExtendedConfigurationObject>
					<Type>
						<v8:Type>cfg:CatalogRef.Цвета</v8:Type>
					</Type>
				</Properties>
			</Attribute>
			<Attribute uuid="d3e803d5-3c7c-41f9-ace8-7379eddfd0d4">
				<InternalInfo/>
				<Properties>
					<ObjectBelonging>Adopted</ObjectBelonging>
					<Name>Размер2</Name>
					<Comment/>
					<ExtendedConfigurationObject>5cce6d0a-8001-47c1-afc4-afedf7b39b6c</ExtendedConfigurationObject>
					<Type>
						<v8:Type>xs:decimal</v8:Type>
						<v8:NumberQualifiers>
							<v8:Digits>10</v8:Digits>
							<v8:FractionDigits>2</v8:FractionDigits>
							<v8:AllowedSign>Nonnegative</v8:AllowedSign>
						</v8:NumberQualifiers>
					</Type>
				</Properties>
			</Attribute>
			<Attribute uuid="e62babc4-7ca8-4436-bbd1-c1c36ce45a36">
				<InternalInfo/>
				<Properties>
					<ObjectBelonging>Adopted</ObjectBelonging>
					<Name>ГруппаЦвета</Name>
					<Comment/>
					<ExtendedConfigurationObject>a44b1a6c-db2a-4fa6-864f-49a5d01d5a13</ExtendedConfigurationObject>
					<Type>
						<v8:Type>cfg:CatalogRef.ГруппыЦветов</v8:Type>
					</Type>
				</Properties>
			</Attribute>
			<Attribute uuid="a9725871-1421-4562-aa9d-9281da821eda">
				<InternalInfo/>
				<Properties>
					<ObjectBelonging>Adopted</ObjectBelonging>
					<Name>ГруппаДефекта</Name>
					<Comment/>
					<ExtendedConfigurationObject>e9909d07-f0c4-4c17-85bb-9c5ced9c6a00</ExtendedConfigurationObject>
					<Type>
						<v8:Type>cfg:CatalogRef.ГруппыДефектов</v8:Type>
					</Type>
				</Properties>
			</Attribute>
			<Attribute uuid="3d243e6a-b1d1-4b44-93ae-c1384c6719a4">
				<InternalInfo/>
				<Properties>
					<ObjectBelonging>Adopted</ObjectBelonging>
					<Name>ОсновнойПоставщик</Name>
					<Comment/>
					<ExtendedConfigurationObject>f12d2b07-ce4e-4a01-be75-4c287d98fd2a</ExtendedConfigurationObject>
					<Type>
						<v8:Type>cfg:CatalogRef.Контрагенты</v8:Type>
					</Type>
				</Properties>
			</Attribute>
			<Attribute uuid="5f54e1c0-b207-4e3d-a7b0-7345cc3bf6ed">
				<InternalInfo/>
				<Properties>
					<ObjectBelonging>Adopted</ObjectBelonging>
					<Name>ОКПД2</Name>
					<Comment/>
					<ExtendedConfigurationObject>a1fccd47-86b2-42f4-b78b-a823fe843bd6</ExtendedConfigurationObject>
					<Type>
						<v8:Type>cfg:CatalogRef.ОКПД2</v8:Type>
					</Type>
				</Properties>
			</Attribute>
			<Attribute uuid="cab0798d-1d32-4f50-bfff-10aa8f635ff4">
				<InternalInfo/>
				<Properties>
					<ObjectBelonging>Adopted</ObjectBelonging>
					<Name>Рассев</Name>
					<Comment/>
					<ExtendedConfigurationObject>11b55ef7-efbf-42c9-822f-707e3293d428</ExtendedConfigurationObject>
					<Type>
						<v8:Type>cfg:CatalogRef.Рассевы</v8:Type>
					</Type>
				</Properties>
			</Attribute>
			<Attribute uuid="f14f3ec9-3924-4aab-b502-4087f71663c6">
				<InternalInfo/>
				<Properties>
					<ObjectBelonging>Adopted</ObjectBelonging>
					<Name>Размер1</Name>
					<Comment/>
					<ExtendedConfigurationObject>8a6122ee-d00d-4064-8f6a-062bebbf0904</ExtendedConfigurationObject>
					<Type>
						<v8:Type>xs:decimal</v8:Type>
						<v8:NumberQualifiers>
							<v8:Digits>10</v8:Digits>
							<v8:FractionDigits>2</v8:FractionDigits>
							<v8:AllowedSign>Nonnegative</v8:AllowedSign>
						</v8:NumberQualifiers>
					</Type>
				</Properties>
			</Attribute>
			<Attribute uuid="111e1ea6-4ce1-4ca4-ac62-b16d99ffe713">
				<InternalInfo/>
				<Properties>
					<ObjectBelonging>Adopted</ObjectBelonging>
					<Name>Размер3</Name>
					<Comment/>
					<ExtendedConfigurationObject>96af2be2-c3c2-497f-921d-9266baafebeb</ExtendedConfigurationObject>
					<Type>
						<v8:Type>xs:decimal</v8:Type>
						<v8:NumberQualifiers>
							<v8:Digits>10</v8:Digits>
							<v8:FractionDigits>2</v8:FractionDigits>
							<v8:AllowedSign>Nonnegative</v8:AllowedSign>
						</v8:NumberQualifiers>
					</Type>
				</Properties>
			</Attribute>
			<Attribute uuid="95cf5cbc-6c9b-450f-9aa6-f4ffe01121df">
				<InternalInfo/>
				<Properties>
					<ObjectBelonging>Adopted</ObjectBelonging>
					<Name>СпособОблагораживанияГИИСДМДК</Name>
					<Comment/>
					<ExtendedConfigurationObject>46fd399e-7e08-442e-b8d7-ead08ef351c5</ExtendedConfigurationObject>
					<Type>
						<v8:Type>cfg:CatalogRef.КлассификаторСпособовОблагораживанияГИИСДМДК</v8:Type>
					</Type>
				</Properties>
			</Attribute>
			<Attribute uuid="54827258-f5e9-4e9a-9783-16792acc74fd">
				<InternalInfo/>
				<Properties>
					<ObjectBelonging>Adopted</ObjectBelonging>
					<Name>ДляЗаказа</Name>
					<Comment/>
					<ExtendedConfigurationObject>d61861c6-a1a0-4ac9-8e54-478c6d111b88</ExtendedConfigurationObject>
					<Type>
						<v8:Type>xs:boolean</v8:Type>
					</Type>
				</Properties>
			</Attribute>
			<Attribute uuid="218508fb-f1d8-4d39-bf1f-29c0defd4e51">
				<InternalInfo/>
				<Properties>
					<ObjectBelonging>Adopted</ObjectBelonging>
					<Name>СреднийВес</Name>
					<Comment/>
					<ExtendedConfigurationObject>3d151046-93c2-4a67-a5a0-45026f641c82</ExtendedConfigurationObject>
					<Type>
						<v8:Type>xs:decimal</v8:Type>
						<v8:NumberQualifiers>
							<v8:Digits>8</v8:Digits>
							<v8:FractionDigits>2</v8:FractionDigits>
							<v8:AllowedSign>Nonnegative</v8:AllowedSign>
						</v8:NumberQualifiers>
					</Type>
				</Properties>
			</Attribute>
			<Attribute uuid="e3fa59c8-8490-48db-a09f-d24482b564d2">
				<InternalInfo/>
				<Properties>
					<ObjectBelonging>Adopted</ObjectBelonging>
					<Name>СтранаПроисхождения</Name>
					<Comment/>
					<ExtendedConfigurationObject>2bbab7d4-7e34-4d95-908e-cdb0bbc38416</ExtendedConfigurationObject>
					<Type>
						<v8:Type>cfg:CatalogRef.КлассификаторСтранМира</v8:Type>
					</Type>
				</Properties>
			</Attribute>
			<Attribute uuid="473dabc0-4301-41b3-a7d2-8c030b81cb52">
				<InternalInfo/>
				<Properties>
					<ObjectBelonging>Adopted</ObjectBelonging>
					<Name>НомерГТД</Name>
					<Comment/>
					<ExtendedConfigurationObject>ada04b89-4345-4d10-99f6-167be0f52ed0</ExtendedConfigurationObject>
					<Type>
						<v8:Type>cfg:CatalogRef.НомераГТД</v8:Type>
					</Type>
				</Properties>
			</Attribute>
			<Attribute uuid="5ff9d7b1-3247-44db-856b-dbb97c32c15b">
				<InternalInfo/>
				<Properties>
					<ObjectBelonging>Adopted</ObjectBelonging>
					<Name>ОсновноеКачество</Name>
					<Comment/>
					<ExtendedConfigurationObject>99293673-9ddd-47f3-9018-b402262524cc</ExtendedConfigurationObject>
					<Type>
						<v8:Type>cfg:CatalogRef.Качество</v8:Type>
					</Type>
				</Properties>
			</Attribute>
			<Attribute uuid="3c7f705e-2439-440c-a76a-c8e94587f18d">
				<InternalInfo/>
				<Properties>
					<ObjectBelonging>Adopted</ObjectBelonging>
					<Name>Новинка</Name>
					<Comment/>
					<ExtendedConfigurationObject>28059101-8f5f-4edd-853d-df0d75266757</ExtendedConfigurationObject>
					<Type>
						<v8:Type>xs:boolean</v8:Type>
					</Type>
				</Properties>
			</Attribute>
			<Attribute uuid="39b9f134-6a06-4fb7-9fb5-ad99b66b88ab">
				<InternalInfo/>
				<Properties>
					<ObjectBelonging>Adopted</ObjectBelonging>
					<Name>Комментарий</Name>
					<Comment/>
					<ExtendedConfigurationObject>767330c1-de4d-4a59-ad48-942ee72b570b</ExtendedConfigurationObject>
					<Type>
						<v8:Type>xs:string</v8:Type>
						<v8:StringQualifiers>
							<v8:Length>0</v8:Length>
							<v8:AllowedLength>Variable</v8:AllowedLength>
						</v8:StringQualifiers>
					</Type>
				</Properties>
			</Attribute>
			<Attribute uuid="be5b56ad-5c71-435b-802c-a0a29ef4aa5b">
				<InternalInfo/>
				<Properties>
					<ObjectBelonging>Adopted</ObjectBelonging>
					<Name>СтатьяЗатрат</Name>
					<Comment/>
					<ExtendedConfigurationObject>c6df1715-7b36-4745-b70b-db9243490a4e</ExtendedConfigurationObject>
					<Type>
						<v8:Type>cfg:CatalogRef.СтатьиЗатрат</v8:Type>
					</Type>
				</Properties>
			</Attribute>
			<Attribute uuid="73ef9ed1-a6be-46bb-b5d2-cef8b95ce4c6">
				<InternalInfo/>
				<Properties>
					<ObjectBelonging>Adopted</ObjectBelonging>
					<Name>НоменклатурнаяГруппаЗатрат</Name>
					<Comment/>
					<ExtendedConfigurationObject>8d6e9e84-a626-421f-90fe-7ae1621c3a3d</ExtendedConfigurationObject>
					<Type>
						<v8:Type>cfg:CatalogRef.НоменклатурныеГруппы</v8:Type>
					</Type>
				</Properties>
			</Attribute>
			<Attribute uuid="7c02ffac-0e15-41d0-b547-172f2b57434e">
				<InternalInfo/>
				<Properties>
					<ObjectBelonging>Adopted</ObjectBelonging>
					<Name>ОтветственныйМенеджерЗаПокупки</Name>
					<Comment/>
					<ExtendedConfigurationObject>d7c2d8a6-8465-4c72-b9bf-5d677d0910e3</ExtendedConfigurationObject>
					<Type>
						<v8:Type>cfg:CatalogRef.Пользователи</v8:Type>
					</Type>
				</Properties>
			</Attribute>
			<Attribute uuid="c606657c-dbcf-4238-9072-4b209596445d">
				<InternalInfo/>
				<Properties>
					<ObjectBelonging>Adopted</ObjectBelonging>
					<Name>ОсновнойПроизводитель</Name>
					<Comment/>
					<ExtendedConfigurationObject>738a374b-875b-4ec0-9bfe-70b40dec9e8f</ExtendedConfigurationObject>
					<Type>
						<v8:Type>cfg:CatalogRef.Контрагенты</v8:Type>
					</Type>
				</Properties>
			</Attribute>
			<Attribute uuid="18efb3e9-eec1-4ef4-875d-11c62d637af6">
				<InternalInfo/>
				<Properties>
					<ObjectBelonging>Adopted</ObjectBelonging>
					<Name>НоменклатурнаяГруппа</Name>
					<Comment/>
					<ExtendedConfigurationObject>69d94c32-c3f9-4e8c-8190-9f940535247a</ExtendedConfigurationObject>
					<Type>
						<v8:Type>cfg:CatalogRef.НоменклатурныеГруппы</v8:Type>
					</Type>
				</Properties>
			</Attribute>
			<Attribute uuid="6a789106-78d8-403d-8fe1-48aa5fafe6b5">
				<InternalInfo/>
				<Properties>
					<ObjectBelonging>Adopted</ObjectBelonging>
					<Name>Описание</Name>
					<Comment/>
					<ExtendedConfigurationObject>da91cb32-8b1d-49a5-8095-fa236fb5eb7e</ExtendedConfigurationObject>
					<Type>
						<v8:Type>xs:string</v8:Type>
						<v8:StringQualifiers>
							<v8:Length>1024</v8:Length>
							<v8:AllowedLength>Variable</v8:AllowedLength>
						</v8:StringQualifiers>
					</Type>
				</Properties>
			</Attribute>
			<Attribute uuid="5f8d7eb5-335c-4307-a1da-56a34fe6169a">
				<InternalInfo/>
				<Properties>
					<ObjectBelonging>Adopted</ObjectBelonging>
					<Name>ЦеноваяГруппа</Name>
					<Comment/>
					<ExtendedConfigurationObject>096524aa-17c9-4364-bcab-dca0bf63f876</ExtendedConfigurationObject>
					<Type>
						<v8:Type>cfg:CatalogRef.ЦеновыеГруппы</v8:Type>
					</Type>
				</Properties>
			</Attribute>
			<Attribute uuid="2b04061d-212c-465f-85f5-d54856419eb3">
				<InternalInfo/>
				<Properties>
					<ObjectBelonging>Adopted</ObjectBelonging>
					<Name>ВесовойКоэффициентВхождения</Name>
					<Comment/>
					<ExtendedConfigurationObject>7899ccf5-a7b8-47bc-86b2-d5ce823d5379</ExtendedConfigurationObject>
					<Type>
						<v8:Type>xs:decimal</v8:Type>
						<v8:NumberQualifiers>
							<v8:Digits>10</v8:Digits>
							<v8:FractionDigits>0</v8:FractionDigits>
							<v8:AllowedSign>Any</v8:AllowedSign>
						</v8:NumberQualifiers>
					</Type>
				</Properties>
			</Attribute>
			<Attribute uuid="6c5c81d8-0ff5-4685-8be8-7c2739fadcd9">
				<InternalInfo/>
				<Properties>
					<ObjectBelonging>Adopted</ObjectBelonging>
					<Name>ТоварОтпускаемыйПоСвободнойЦенеБезОстатков</Name>
					<Comment/>
					<ExtendedConfigurationObject>ca01a5ff-b8db-44a7-8028-627f28af5c91</ExtendedConfigurationObject>
					<Type>
						<v8:Type>xs:boolean</v8:Type>
					</Type>
				</Properties>
			</Attribute>
			<Attribute uuid="f2b43be4-b234-46e0-972f-1454fef4496c">
				<Properties>
					<Name>B1_ЛимитОстаткаНаСкладах</Name>
					<Synonym>
						<v8:item>
							<v8:lang>ru</v8:lang>
							<v8:content>Лимит остатка на складах</v8:content>
						</v8:item>
					</Synonym>
					<Comment/>
					<Type>
						<v8:Type>xs:decimal</v8:Type>
						<v8:NumberQualifiers>
							<v8:Digits>10</v8:Digits>
							<v8:FractionDigits>0</v8:FractionDigits>
							<v8:AllowedSign>Nonnegative</v8:AllowedSign>
						</v8:NumberQualifiers>
					</Type>
					<PasswordMode>false</PasswordMode>
					<Format/>
					<EditFormat/>
					<ToolTip/>
					<MarkNegatives>false</MarkNegatives>
					<Mask/>
					<MultiLine>false</MultiLine>
					<ExtendedEdit>false</ExtendedEdit>
					<MinValue xsi:nil="true"/>
					<MaxValue xsi:nil="true"/>
					<FillFromFillingValue>false</FillFromFillingValue>
					<FillValue xsi:nil="true"/>
					<FillChecking>DontCheck</FillChecking>
					<ChoiceFoldersAndItems>Items</ChoiceFoldersAndItems>
					<ChoiceParameterLinks/>
					<ChoiceParameters/>
					<QuickChoice>Auto</QuickChoice>
					<CreateOnInput>Auto</CreateOnInput>
					<ChoiceForm/>
					<LinkByType/>
					<ChoiceHistoryOnInput>Auto</ChoiceHistoryOnInput>
					<Use>ForItem</Use>
					<Indexing>DontIndex</Indexing>
					<FullTextSearch>Use</FullTextSearch>
					<DataHistory>Use</DataHistory>
				</Properties>
			</Attribute>
			<Form>ФормаСпискаУ</Form>
			<Form>ФормаВыбораУ</Form>
			<Form>ФормаЭлементаУ</Form>
		</ChildObjects>
	</Catalog>
</MetaDataObject>