﻿<?xml version="1.0" encoding="UTF-8"?>
<MetaDataObject xmlns="http://v8.1c.ru/8.3/MDClasses" xmlns:app="http://v8.1c.ru/8.2/managed-application/core" xmlns:cfg="http://v8.1c.ru/8.1/data/enterprise/current-config" xmlns:cmi="http://v8.1c.ru/8.2/managed-application/cmi" xmlns:ent="http://v8.1c.ru/8.1/data/enterprise" xmlns:lf="http://v8.1c.ru/8.2/managed-application/logform" xmlns:style="http://v8.1c.ru/8.1/data/ui/style" xmlns:sys="http://v8.1c.ru/8.1/data/ui/fonts/system" xmlns:v8="http://v8.1c.ru/8.1/data/core" xmlns:v8ui="http://v8.1c.ru/8.1/data/ui" xmlns:web="http://v8.1c.ru/8.1/data/ui/colors/web" xmlns:win="http://v8.1c.ru/8.1/data/ui/colors/windows" xmlns:xen="http://v8.1c.ru/8.3/xcf/enums" xmlns:xpr="http://v8.1c.ru/8.3/xcf/predef" xmlns:xr="http://v8.1c.ru/8.3/xcf/readable" xmlns:xs="http://www.w3.org/2001/XMLSchema" xmlns:xsi="http://www.w3.org/2001/XMLSchema-instance" version="2.18">
	<Catalog uuid="ea7e68dc-5040-4dfc-a005-4348b23d7ba8">
		<InternalInfo>
			<xr:GeneratedType name="CatalogObject.Пользователи" category="Object">
				<xr:TypeId>22f5d9e1-0bd3-42b6-965d-6df85322ad2e</xr:TypeId>
				<xr:ValueId>841b36ce-3a58-414c-bad8-0d3b79f82d5c</xr:ValueId>
			</xr:GeneratedType>
			<xr:GeneratedType name="CatalogRef.Пользователи" category="Ref">
				<xr:TypeId>af30a6f5-89b2-4a23-b4fe-916e6529aec7</xr:TypeId>
				<xr:ValueId>5ca839f8-69b7-42d0-b777-504adba1f7ab</xr:ValueId>
			</xr:GeneratedType>
			<xr:GeneratedType name="CatalogSelection.Пользователи" category="Selection">
				<xr:TypeId>b3c8f37e-7731-45db-aa99-eaf6e3dd85bb</xr:TypeId>
				<xr:ValueId>3fcc24ae-75c4-4c17-b5ab-f03ac3ee1e66</xr:ValueId>
			</xr:GeneratedType>
			<xr:GeneratedType name="CatalogList.Пользователи" category="List">
				<xr:TypeId>be56428b-a4e6-45bd-a0a8-25af4e75e13c</xr:TypeId>
				<xr:ValueId>69bba750-642b-409f-af77-2c0943926dd5</xr:ValueId>
			</xr:GeneratedType>
			<xr:GeneratedType name="CatalogManager.Пользователи" category="Manager">
				<xr:TypeId>08b008c2-6415-43b1-a40e-4b20f50e2ba6</xr:TypeId>
				<xr:ValueId>50b69164-84ef-432c-9a66-7003d7982ef2</xr:ValueId>
			</xr:GeneratedType>
		</InternalInfo>
		<Properties>
			<ObjectBelonging>Adopted</ObjectBelonging>
			<Name>Пользователи</Name>
			<Comment/>
			<ExtendedConfigurationObject>5ea6a4d5-a340-4148-a140-08284a74b14f</ExtendedConfigurationObject>
		</Properties>
		<ChildObjects/>
	</Catalog>
</MetaDataObject>