﻿<?xml version="1.0" encoding="UTF-8"?>
<MetaDataObject xmlns="http://v8.1c.ru/8.3/MDClasses" xmlns:app="http://v8.1c.ru/8.2/managed-application/core" xmlns:cfg="http://v8.1c.ru/8.1/data/enterprise/current-config" xmlns:cmi="http://v8.1c.ru/8.2/managed-application/cmi" xmlns:ent="http://v8.1c.ru/8.1/data/enterprise" xmlns:lf="http://v8.1c.ru/8.2/managed-application/logform" xmlns:style="http://v8.1c.ru/8.1/data/ui/style" xmlns:sys="http://v8.1c.ru/8.1/data/ui/fonts/system" xmlns:v8="http://v8.1c.ru/8.1/data/core" xmlns:v8ui="http://v8.1c.ru/8.1/data/ui" xmlns:web="http://v8.1c.ru/8.1/data/ui/colors/web" xmlns:win="http://v8.1c.ru/8.1/data/ui/colors/windows" xmlns:xen="http://v8.1c.ru/8.3/xcf/enums" xmlns:xpr="http://v8.1c.ru/8.3/xcf/predef" xmlns:xr="http://v8.1c.ru/8.3/xcf/readable" xmlns:xs="http://www.w3.org/2001/XMLSchema" xmlns:xsi="http://www.w3.org/2001/XMLSchema-instance" version="2.18">
	<Catalog uuid="fc5d934c-7826-4332-82c2-2c162dc4e800">
		<InternalInfo>
			<xr:GeneratedType name="CatalogObject.ПроизводственныеУчастки" category="Object">
				<xr:TypeId>cd22b2ca-7f75-4a9c-ab4a-4067b5332b57</xr:TypeId>
				<xr:ValueId>a7a7b151-6be2-439a-bb31-362784621a47</xr:ValueId>
			</xr:GeneratedType>
			<xr:GeneratedType name="CatalogRef.ПроизводственныеУчастки" category="Ref">
				<xr:TypeId>446289c9-4ca6-47ad-b4bc-e6879c51b653</xr:TypeId>
				<xr:ValueId>11c32c5f-33ed-4e1d-b73c-42a8aa8777aa</xr:ValueId>
			</xr:GeneratedType>
			<xr:GeneratedType name="CatalogSelection.ПроизводственныеУчастки" category="Selection">
				<xr:TypeId>178fa52b-cb01-48d8-b77f-461366f01cc4</xr:TypeId>
				<xr:ValueId>68e6b88b-d0ce-4c6b-89a1-2d9c4ed611dd</xr:ValueId>
			</xr:GeneratedType>
			<xr:GeneratedType name="CatalogList.ПроизводственныеУчастки" category="List">
				<xr:TypeId>c747d983-981d-477f-b451-75efb660e848</xr:TypeId>
				<xr:ValueId>66f54f5e-43fe-4333-aec0-f35c7e0bc279</xr:ValueId>
			</xr:GeneratedType>
			<xr:GeneratedType name="CatalogManager.ПроизводственныеУчастки" category="Manager">
				<xr:TypeId>28d71e62-983f-4800-85b7-0f016449411b</xr:TypeId>
				<xr:ValueId>af67a98e-09b4-47ce-8b12-9990674703d7</xr:ValueId>
			</xr:GeneratedType>
		</InternalInfo>
		<Properties>
			<ObjectBelonging>Adopted</ObjectBelonging>
			<Name>ПроизводственныеУчастки</Name>
			<Comment/>
			<ExtendedConfigurationObject>2cfc6690-47df-4218-be4e-51f8f3afcfec</ExtendedConfigurationObject>
		</Properties>
		<ChildObjects/>
	</Catalog>
</MetaDataObject>