﻿<?xml version="1.0" encoding="UTF-8"?>
<MetaDataObject xmlns="http://v8.1c.ru/8.3/MDClasses" xmlns:app="http://v8.1c.ru/8.2/managed-application/core" xmlns:cfg="http://v8.1c.ru/8.1/data/enterprise/current-config" xmlns:cmi="http://v8.1c.ru/8.2/managed-application/cmi" xmlns:ent="http://v8.1c.ru/8.1/data/enterprise" xmlns:lf="http://v8.1c.ru/8.2/managed-application/logform" xmlns:style="http://v8.1c.ru/8.1/data/ui/style" xmlns:sys="http://v8.1c.ru/8.1/data/ui/fonts/system" xmlns:v8="http://v8.1c.ru/8.1/data/core" xmlns:v8ui="http://v8.1c.ru/8.1/data/ui" xmlns:web="http://v8.1c.ru/8.1/data/ui/colors/web" xmlns:win="http://v8.1c.ru/8.1/data/ui/colors/windows" xmlns:xen="http://v8.1c.ru/8.3/xcf/enums" xmlns:xpr="http://v8.1c.ru/8.3/xcf/predef" xmlns:xr="http://v8.1c.ru/8.3/xcf/readable" xmlns:xs="http://www.w3.org/2001/XMLSchema" xmlns:xsi="http://www.w3.org/2001/XMLSchema-instance" version="2.18">
	<Catalog uuid="f1e87a95-bb52-4afb-af42-c14bc04290fd">
		<InternalInfo>
			<xr:GeneratedType name="CatalogObject.ФизическиеЛица" category="Object">
				<xr:TypeId>238e0ac9-1dbb-4b15-aa63-b4f2e6a28a4a</xr:TypeId>
				<xr:ValueId>6c60baa3-3a4f-40f4-acde-6ac513088a04</xr:ValueId>
			</xr:GeneratedType>
			<xr:GeneratedType name="CatalogRef.ФизическиеЛица" category="Ref">
				<xr:TypeId>1029e354-83e9-482b-b49f-0146196b0ad4</xr:TypeId>
				<xr:ValueId>95efe64c-6e33-47c4-985d-eb760717cfd6</xr:ValueId>
			</xr:GeneratedType>
			<xr:GeneratedType name="CatalogSelection.ФизическиеЛица" category="Selection">
				<xr:TypeId>6da76cfa-ef7a-46dc-9c1b-f25bd47089e0</xr:TypeId>
				<xr:ValueId>baa0858a-0e4f-4f12-98b2-cf7c84830910</xr:ValueId>
			</xr:GeneratedType>
			<xr:GeneratedType name="CatalogList.ФизическиеЛица" category="List">
				<xr:TypeId>aeff6510-e6fc-4a12-87a5-bc8df3f737bd</xr:TypeId>
				<xr:ValueId>62eba3e8-d569-4e3c-8154-e87b2fb1afb7</xr:ValueId>
			</xr:GeneratedType>
			<xr:GeneratedType name="CatalogManager.ФизическиеЛица" category="Manager">
				<xr:TypeId>7701adad-2ba2-4948-a4d0-77b561a7df8e</xr:TypeId>
				<xr:ValueId>03193052-0d0b-4acb-bd7e-1902fb6fb424</xr:ValueId>
			</xr:GeneratedType>
		</InternalInfo>
		<Properties>
			<ObjectBelonging>Adopted</ObjectBelonging>
			<Name>ФизическиеЛица</Name>
			<Comment/>
			<ExtendedConfigurationObject>aa2b6992-9aac-4cab-b5de-45624adddf37</ExtendedConfigurationObject>
		</Properties>
		<ChildObjects/>
	</Catalog>
</MetaDataObject>