﻿<?xml version="1.0" encoding="UTF-8"?>
<MetaDataObject xmlns="http://v8.1c.ru/8.3/MDClasses" xmlns:app="http://v8.1c.ru/8.2/managed-application/core" xmlns:cfg="http://v8.1c.ru/8.1/data/enterprise/current-config" xmlns:cmi="http://v8.1c.ru/8.2/managed-application/cmi" xmlns:ent="http://v8.1c.ru/8.1/data/enterprise" xmlns:lf="http://v8.1c.ru/8.2/managed-application/logform" xmlns:style="http://v8.1c.ru/8.1/data/ui/style" xmlns:sys="http://v8.1c.ru/8.1/data/ui/fonts/system" xmlns:v8="http://v8.1c.ru/8.1/data/core" xmlns:v8ui="http://v8.1c.ru/8.1/data/ui" xmlns:web="http://v8.1c.ru/8.1/data/ui/colors/web" xmlns:win="http://v8.1c.ru/8.1/data/ui/colors/windows" xmlns:xen="http://v8.1c.ru/8.3/xcf/enums" xmlns:xpr="http://v8.1c.ru/8.3/xcf/predef" xmlns:xr="http://v8.1c.ru/8.3/xcf/readable" xmlns:xs="http://www.w3.org/2001/XMLSchema" xmlns:xsi="http://www.w3.org/2001/XMLSchema-instance" version="2.18">
	<Catalog uuid="af3c6c14-ad45-4bdc-8f70-94daedd426a1">
		<InternalInfo>
			<xr:GeneratedType name="CatalogObject.НомераГТД" category="Object">
				<xr:TypeId>c81a908e-2f77-4429-a4d4-2213766cf629</xr:TypeId>
				<xr:ValueId>0d923ae2-5286-4e49-a092-bc8b0a2d38df</xr:ValueId>
			</xr:GeneratedType>
			<xr:GeneratedType name="CatalogRef.НомераГТД" category="Ref">
				<xr:TypeId>ef86a784-7867-4cda-b3bd-3df5af4adef9</xr:TypeId>
				<xr:ValueId>8314639c-5d9c-4630-afbf-ace83f3ed20c</xr:ValueId>
			</xr:GeneratedType>
			<xr:GeneratedType name="CatalogSelection.НомераГТД" category="Selection">
				<xr:TypeId>8c336a8c-5786-423e-9126-9b3cd36f0247</xr:TypeId>
				<xr:ValueId>d477a2fa-c767-4f51-a51f-07450e83ab1e</xr:ValueId>
			</xr:GeneratedType>
			<xr:GeneratedType name="CatalogList.НомераГТД" category="List">
				<xr:TypeId>6fed2782-727b-4329-9b18-29a3487c04f9</xr:TypeId>
				<xr:ValueId>19242ff1-ef2e-4697-bf6a-258ea41d4463</xr:ValueId>
			</xr:GeneratedType>
			<xr:GeneratedType name="CatalogManager.НомераГТД" category="Manager">
				<xr:TypeId>5c4df9cd-8d07-4299-a67e-d87bdd23882d</xr:TypeId>
				<xr:ValueId>effb209a-60cf-4939-9092-75e77b64252c</xr:ValueId>
			</xr:GeneratedType>
		</InternalInfo>
		<Properties>
			<ObjectBelonging>Adopted</ObjectBelonging>
			<Name>НомераГТД</Name>
			<Comment/>
			<ExtendedConfigurationObject>df5bc99a-7349-4319-ac92-cd79570ea7b9</ExtendedConfigurationObject>
		</Properties>
		<ChildObjects/>
	</Catalog>
</MetaDataObject>