﻿<?xml version="1.0" encoding="UTF-8"?>
<MetaDataObject xmlns="http://v8.1c.ru/8.3/MDClasses" xmlns:app="http://v8.1c.ru/8.2/managed-application/core" xmlns:cfg="http://v8.1c.ru/8.1/data/enterprise/current-config" xmlns:cmi="http://v8.1c.ru/8.2/managed-application/cmi" xmlns:ent="http://v8.1c.ru/8.1/data/enterprise" xmlns:lf="http://v8.1c.ru/8.2/managed-application/logform" xmlns:style="http://v8.1c.ru/8.1/data/ui/style" xmlns:sys="http://v8.1c.ru/8.1/data/ui/fonts/system" xmlns:v8="http://v8.1c.ru/8.1/data/core" xmlns:v8ui="http://v8.1c.ru/8.1/data/ui" xmlns:web="http://v8.1c.ru/8.1/data/ui/colors/web" xmlns:win="http://v8.1c.ru/8.1/data/ui/colors/windows" xmlns:xen="http://v8.1c.ru/8.3/xcf/enums" xmlns:xpr="http://v8.1c.ru/8.3/xcf/predef" xmlns:xr="http://v8.1c.ru/8.3/xcf/readable" xmlns:xs="http://www.w3.org/2001/XMLSchema" xmlns:xsi="http://www.w3.org/2001/XMLSchema-instance" version="2.18">
	<Catalog uuid="5073f0cb-566f-4c65-99f6-06ac633a65f5">
		<InternalInfo>
			<xr:GeneratedType name="CatalogObject.НоменклатурныеГруппы" category="Object">
				<xr:TypeId>f6de0c6f-f046-4816-85cf-054076539f3d</xr:TypeId>
				<xr:ValueId>2a252a83-871f-4281-82e5-6e172af3022c</xr:ValueId>
			</xr:GeneratedType>
			<xr:GeneratedType name="CatalogRef.НоменклатурныеГруппы" category="Ref">
				<xr:TypeId>7339d962-b57f-4021-8403-614c1fceb0a4</xr:TypeId>
				<xr:ValueId>8387132c-2740-4498-a16c-4519c76d5282</xr:ValueId>
			</xr:GeneratedType>
			<xr:GeneratedType name="CatalogSelection.НоменклатурныеГруппы" category="Selection">
				<xr:TypeId>75b41a42-9af3-4034-9f9f-26dd5cd80df3</xr:TypeId>
				<xr:ValueId>601643b5-41ae-40ef-adc9-425af98c7747</xr:ValueId>
			</xr:GeneratedType>
			<xr:GeneratedType name="CatalogList.НоменклатурныеГруппы" category="List">
				<xr:TypeId>8f6dcaca-bdfd-42f9-bca2-87516f9a7b0c</xr:TypeId>
				<xr:ValueId>0d86b878-7157-4146-a4d9-8a6c03f3497d</xr:ValueId>
			</xr:GeneratedType>
			<xr:GeneratedType name="CatalogManager.НоменклатурныеГруппы" category="Manager">
				<xr:TypeId>b3ebe2e5-5249-4909-b10b-f85c88930631</xr:TypeId>
				<xr:ValueId>075f3025-1bba-4478-8014-f481714f5bc7</xr:ValueId>
			</xr:GeneratedType>
		</InternalInfo>
		<Properties>
			<ObjectBelonging>Adopted</ObjectBelonging>
			<Name>НоменклатурныеГруппы</Name>
			<Comment/>
			<ExtendedConfigurationObject>ca0951bc-a22b-4ff2-9fcc-e157b1c08e11</ExtendedConfigurationObject>
		</Properties>
		<ChildObjects/>
	</Catalog>
</MetaDataObject>