﻿<?xml version="1.0" encoding="UTF-8"?>
<MetaDataObject xmlns="http://v8.1c.ru/8.3/MDClasses" xmlns:app="http://v8.1c.ru/8.2/managed-application/core" xmlns:cfg="http://v8.1c.ru/8.1/data/enterprise/current-config" xmlns:cmi="http://v8.1c.ru/8.2/managed-application/cmi" xmlns:ent="http://v8.1c.ru/8.1/data/enterprise" xmlns:lf="http://v8.1c.ru/8.2/managed-application/logform" xmlns:style="http://v8.1c.ru/8.1/data/ui/style" xmlns:sys="http://v8.1c.ru/8.1/data/ui/fonts/system" xmlns:v8="http://v8.1c.ru/8.1/data/core" xmlns:v8ui="http://v8.1c.ru/8.1/data/ui" xmlns:web="http://v8.1c.ru/8.1/data/ui/colors/web" xmlns:win="http://v8.1c.ru/8.1/data/ui/colors/windows" xmlns:xen="http://v8.1c.ru/8.3/xcf/enums" xmlns:xpr="http://v8.1c.ru/8.3/xcf/predef" xmlns:xr="http://v8.1c.ru/8.3/xcf/readable" xmlns:xs="http://www.w3.org/2001/XMLSchema" xmlns:xsi="http://www.w3.org/2001/XMLSchema-instance" version="2.18">
	<Catalog uuid="75ffcf7e-3f3e-4061-a602-9346b430bda8">
		<InternalInfo>
			<xr:GeneratedType name="CatalogObject.ЦветаМеталла" category="Object">
				<xr:TypeId>e8bc2210-6a1a-4cfc-94d5-59e5df531a25</xr:TypeId>
				<xr:ValueId>aad35482-171c-484b-8139-6b59be484382</xr:ValueId>
			</xr:GeneratedType>
			<xr:GeneratedType name="CatalogRef.ЦветаМеталла" category="Ref">
				<xr:TypeId>d956f06a-1507-4f1f-9dea-cc7b20dc7b13</xr:TypeId>
				<xr:ValueId>5b159d89-7619-4443-b002-e52ff1cc88db</xr:ValueId>
			</xr:GeneratedType>
			<xr:GeneratedType name="CatalogSelection.ЦветаМеталла" category="Selection">
				<xr:TypeId>fe86472b-53f7-44e1-b69c-5aa9fe2fc0dd</xr:TypeId>
				<xr:ValueId>c9bd9157-a118-412a-b356-c252b8b89aff</xr:ValueId>
			</xr:GeneratedType>
			<xr:GeneratedType name="CatalogList.ЦветаМеталла" category="List">
				<xr:TypeId>21597979-756f-46fd-aff1-f2772cab038f</xr:TypeId>
				<xr:ValueId>aacb6602-9144-49a1-9752-50a0524abdd6</xr:ValueId>
			</xr:GeneratedType>
			<xr:GeneratedType name="CatalogManager.ЦветаМеталла" category="Manager">
				<xr:TypeId>2dce9dea-e290-46ee-a000-9981bdf2e655</xr:TypeId>
				<xr:ValueId>d98f5182-e754-465f-89bb-05810027be47</xr:ValueId>
			</xr:GeneratedType>
		</InternalInfo>
		<Properties>
			<ObjectBelonging>Adopted</ObjectBelonging>
			<Name>ЦветаМеталла</Name>
			<Comment/>
			<ExtendedConfigurationObject>e675744a-dbef-4f43-b30f-6f53aa7f7661</ExtendedConfigurationObject>
		</Properties>
		<ChildObjects/>
	</Catalog>
</MetaDataObject>