﻿<?xml version="1.0" encoding="UTF-8"?>
<MetaDataObject xmlns="http://v8.1c.ru/8.3/MDClasses" xmlns:app="http://v8.1c.ru/8.2/managed-application/core" xmlns:cfg="http://v8.1c.ru/8.1/data/enterprise/current-config" xmlns:cmi="http://v8.1c.ru/8.2/managed-application/cmi" xmlns:ent="http://v8.1c.ru/8.1/data/enterprise" xmlns:lf="http://v8.1c.ru/8.2/managed-application/logform" xmlns:style="http://v8.1c.ru/8.1/data/ui/style" xmlns:sys="http://v8.1c.ru/8.1/data/ui/fonts/system" xmlns:v8="http://v8.1c.ru/8.1/data/core" xmlns:v8ui="http://v8.1c.ru/8.1/data/ui" xmlns:web="http://v8.1c.ru/8.1/data/ui/colors/web" xmlns:win="http://v8.1c.ru/8.1/data/ui/colors/windows" xmlns:xen="http://v8.1c.ru/8.3/xcf/enums" xmlns:xpr="http://v8.1c.ru/8.3/xcf/predef" xmlns:xr="http://v8.1c.ru/8.3/xcf/readable" xmlns:xs="http://www.w3.org/2001/XMLSchema" xmlns:xsi="http://www.w3.org/2001/XMLSchema-instance" version="2.18">
	<Catalog uuid="324f0c8b-8571-45a5-8094-ec4ad3ab4de2">
		<InternalInfo>
			<xr:GeneratedType name="CatalogObject.ДоговорыКонтрагентов" category="Object">
				<xr:TypeId>c2c4b060-9d00-49da-8a5f-b7e4c529d0c4</xr:TypeId>
				<xr:ValueId>e1aa881e-669f-4abd-8e7f-c2554bd235bc</xr:ValueId>
			</xr:GeneratedType>
			<xr:GeneratedType name="CatalogRef.ДоговорыКонтрагентов" category="Ref">
				<xr:TypeId>eef9e82f-949e-4b17-a060-5d7144e50d31</xr:TypeId>
				<xr:ValueId>7a733c5b-215b-41d5-b168-adbaca3476e6</xr:ValueId>
			</xr:GeneratedType>
			<xr:GeneratedType name="CatalogSelection.ДоговорыКонтрагентов" category="Selection">
				<xr:TypeId>b5a18ccc-a211-40cb-8769-8813f3b2522c</xr:TypeId>
				<xr:ValueId>1566b3d2-2c5d-4f8f-bbc6-5b3ed94d0ad1</xr:ValueId>
			</xr:GeneratedType>
			<xr:GeneratedType name="CatalogList.ДоговорыКонтрагентов" category="List">
				<xr:TypeId>5ce6d350-aab3-4733-81f9-c68cd5f3b78c</xr:TypeId>
				<xr:ValueId>1b8b6258-d3f4-4cd2-bf49-19ecaa6da7bf</xr:ValueId>
			</xr:GeneratedType>
			<xr:GeneratedType name="CatalogManager.ДоговорыКонтрагентов" category="Manager">
				<xr:TypeId>5b256f12-f676-4fba-853e-87302313336b</xr:TypeId>
				<xr:ValueId>54d2ec1c-336b-4cc4-b926-00f6e8231a13</xr:ValueId>
			</xr:GeneratedType>
		</InternalInfo>
		<Properties>
			<ObjectBelonging>Adopted</ObjectBelonging>
			<Name>ДоговорыКонтрагентов</Name>
			<Comment/>
			<ExtendedConfigurationObject>941f3b97-168c-421f-9729-e5300f389756</ExtendedConfigurationObject>
		</Properties>
		<ChildObjects/>
	</Catalog>
</MetaDataObject>