﻿<?xml version="1.0" encoding="UTF-8"?>
<MetaDataObject xmlns="http://v8.1c.ru/8.3/MDClasses" xmlns:app="http://v8.1c.ru/8.2/managed-application/core" xmlns:cfg="http://v8.1c.ru/8.1/data/enterprise/current-config" xmlns:cmi="http://v8.1c.ru/8.2/managed-application/cmi" xmlns:ent="http://v8.1c.ru/8.1/data/enterprise" xmlns:lf="http://v8.1c.ru/8.2/managed-application/logform" xmlns:style="http://v8.1c.ru/8.1/data/ui/style" xmlns:sys="http://v8.1c.ru/8.1/data/ui/fonts/system" xmlns:v8="http://v8.1c.ru/8.1/data/core" xmlns:v8ui="http://v8.1c.ru/8.1/data/ui" xmlns:web="http://v8.1c.ru/8.1/data/ui/colors/web" xmlns:win="http://v8.1c.ru/8.1/data/ui/colors/windows" xmlns:xen="http://v8.1c.ru/8.3/xcf/enums" xmlns:xpr="http://v8.1c.ru/8.3/xcf/predef" xmlns:xr="http://v8.1c.ru/8.3/xcf/readable" xmlns:xs="http://www.w3.org/2001/XMLSchema" xmlns:xsi="http://www.w3.org/2001/XMLSchema-instance" version="2.18">
	<Catalog uuid="1af0fa3d-1606-44fd-813c-44a3b57787e6">
		<InternalInfo>
			<xr:GeneratedType name="CatalogObject.КлассификаторСтепенейВнутреннегоОтраженияГИИСДМДК" category="Object">
				<xr:TypeId>b16e6510-905d-4c86-a70c-bd6e8d69aff5</xr:TypeId>
				<xr:ValueId>81c0d61b-ede5-4a83-a13c-771d86883e91</xr:ValueId>
			</xr:GeneratedType>
			<xr:GeneratedType name="CatalogRef.КлассификаторСтепенейВнутреннегоОтраженияГИИСДМДК" category="Ref">
				<xr:TypeId>176d2f66-8bdc-44b5-8275-f0a0077c1139</xr:TypeId>
				<xr:ValueId>b821b04d-1a7f-4c95-ad0c-06c4a92d7a90</xr:ValueId>
			</xr:GeneratedType>
			<xr:GeneratedType name="CatalogSelection.КлассификаторСтепенейВнутреннегоОтраженияГИИСДМДК" category="Selection">
				<xr:TypeId>4ff6107c-f3ef-4c2f-b2a8-c1c7f88ea598</xr:TypeId>
				<xr:ValueId>dc78bfd3-1c0d-4d16-be0e-e1fef9a36515</xr:ValueId>
			</xr:GeneratedType>
			<xr:GeneratedType name="CatalogList.КлассификаторСтепенейВнутреннегоОтраженияГИИСДМДК" category="List">
				<xr:TypeId>f1403dc2-f387-4684-99eb-f26b0878b992</xr:TypeId>
				<xr:ValueId>704a4a88-942b-420e-a0ef-86f7a3a36b0b</xr:ValueId>
			</xr:GeneratedType>
			<xr:GeneratedType name="CatalogManager.КлассификаторСтепенейВнутреннегоОтраженияГИИСДМДК" category="Manager">
				<xr:TypeId>96cf74df-7c52-4a3c-a873-1572ad16d9b4</xr:TypeId>
				<xr:ValueId>5777c9d3-ff3f-40eb-a0d6-8f19ec08c220</xr:ValueId>
			</xr:GeneratedType>
		</InternalInfo>
		<Properties>
			<ObjectBelonging>Adopted</ObjectBelonging>
			<Name>КлассификаторСтепенейВнутреннегоОтраженияГИИСДМДК</Name>
			<Comment/>
			<ExtendedConfigurationObject>65917765-e32f-493c-b780-db944ae98ec2</ExtendedConfigurationObject>
		</Properties>
		<ChildObjects/>
	</Catalog>
</MetaDataObject>