﻿<?xml version="1.0" encoding="UTF-8"?>
<MetaDataObject xmlns="http://v8.1c.ru/8.3/MDClasses" xmlns:app="http://v8.1c.ru/8.2/managed-application/core" xmlns:cfg="http://v8.1c.ru/8.1/data/enterprise/current-config" xmlns:cmi="http://v8.1c.ru/8.2/managed-application/cmi" xmlns:ent="http://v8.1c.ru/8.1/data/enterprise" xmlns:lf="http://v8.1c.ru/8.2/managed-application/logform" xmlns:style="http://v8.1c.ru/8.1/data/ui/style" xmlns:sys="http://v8.1c.ru/8.1/data/ui/fonts/system" xmlns:v8="http://v8.1c.ru/8.1/data/core" xmlns:v8ui="http://v8.1c.ru/8.1/data/ui" xmlns:web="http://v8.1c.ru/8.1/data/ui/colors/web" xmlns:win="http://v8.1c.ru/8.1/data/ui/colors/windows" xmlns:xen="http://v8.1c.ru/8.3/xcf/enums" xmlns:xpr="http://v8.1c.ru/8.3/xcf/predef" xmlns:xr="http://v8.1c.ru/8.3/xcf/readable" xmlns:xs="http://www.w3.org/2001/XMLSchema" xmlns:xsi="http://www.w3.org/2001/XMLSchema-instance" version="2.18">
	<Catalog uuid="c6333bc5-3f24-4c71-84e5-dc658344365e">
		<InternalInfo>
			<xr:GeneratedType name="CatalogObject.Валюты" category="Object">
				<xr:TypeId>95c412fc-9256-4034-9edd-2d9e2a7deb58</xr:TypeId>
				<xr:ValueId>4bff7658-747b-4b60-b2b1-17afd25726c9</xr:ValueId>
			</xr:GeneratedType>
			<xr:GeneratedType name="CatalogRef.Валюты" category="Ref">
				<xr:TypeId>64764961-679d-4062-975a-dba582693a79</xr:TypeId>
				<xr:ValueId>40fd7a68-9a35-4019-b695-f5ba69bb993f</xr:ValueId>
			</xr:GeneratedType>
			<xr:GeneratedType name="CatalogSelection.Валюты" category="Selection">
				<xr:TypeId>a295a9e8-4609-4e51-8faa-7df113c070c5</xr:TypeId>
				<xr:ValueId>8fb5a962-80c3-4c69-9021-7f50d40d9638</xr:ValueId>
			</xr:GeneratedType>
			<xr:GeneratedType name="CatalogList.Валюты" category="List">
				<xr:TypeId>d3f2841a-b11c-4fc0-8dae-d7022f6f9a35</xr:TypeId>
				<xr:ValueId>d85d6746-fb48-426e-b04c-9d9647faff95</xr:ValueId>
			</xr:GeneratedType>
			<xr:GeneratedType name="CatalogManager.Валюты" category="Manager">
				<xr:TypeId>b2b8aeca-a6c8-4395-bfc8-0968aba48da3</xr:TypeId>
				<xr:ValueId>4bdf60f4-9c1c-4221-8f3b-37221f66d150</xr:ValueId>
			</xr:GeneratedType>
		</InternalInfo>
		<Properties>
			<ObjectBelonging>Adopted</ObjectBelonging>
			<Name>Валюты</Name>
			<Comment/>
			<ExtendedConfigurationObject>c5a3571e-8650-4b72-80e3-deb370d9804d</ExtendedConfigurationObject>
		</Properties>
		<ChildObjects/>
	</Catalog>
</MetaDataObject>