﻿<?xml version="1.0" encoding="UTF-8"?>
<MetaDataObject xmlns="http://v8.1c.ru/8.3/MDClasses" xmlns:app="http://v8.1c.ru/8.2/managed-application/core" xmlns:cfg="http://v8.1c.ru/8.1/data/enterprise/current-config" xmlns:cmi="http://v8.1c.ru/8.2/managed-application/cmi" xmlns:ent="http://v8.1c.ru/8.1/data/enterprise" xmlns:lf="http://v8.1c.ru/8.2/managed-application/logform" xmlns:style="http://v8.1c.ru/8.1/data/ui/style" xmlns:sys="http://v8.1c.ru/8.1/data/ui/fonts/system" xmlns:v8="http://v8.1c.ru/8.1/data/core" xmlns:v8ui="http://v8.1c.ru/8.1/data/ui" xmlns:web="http://v8.1c.ru/8.1/data/ui/colors/web" xmlns:win="http://v8.1c.ru/8.1/data/ui/colors/windows" xmlns:xen="http://v8.1c.ru/8.3/xcf/enums" xmlns:xpr="http://v8.1c.ru/8.3/xcf/predef" xmlns:xr="http://v8.1c.ru/8.3/xcf/readable" xmlns:xs="http://www.w3.org/2001/XMLSchema" xmlns:xsi="http://www.w3.org/2001/XMLSchema-instance" version="2.18">
	<Catalog uuid="0ac137a4-ea7f-4352-bce8-792829774630">
		<InternalInfo>
			<xr:GeneratedType name="CatalogObject.ТоварныеКатегории" category="Object">
				<xr:TypeId>654e8af6-814f-48ed-aca5-ffa0c36eaf4a</xr:TypeId>
				<xr:ValueId>ba2362c2-8d16-4719-8244-4222f3627f00</xr:ValueId>
			</xr:GeneratedType>
			<xr:GeneratedType name="CatalogRef.ТоварныеКатегории" category="Ref">
				<xr:TypeId>5328e8aa-4200-4566-8f7b-2bed8b21a011</xr:TypeId>
				<xr:ValueId>7c809400-04a7-46dc-9d1b-f97f82709b8d</xr:ValueId>
			</xr:GeneratedType>
			<xr:GeneratedType name="CatalogSelection.ТоварныеКатегории" category="Selection">
				<xr:TypeId>ad1f0dca-4388-4074-921a-e8fe574cd0be</xr:TypeId>
				<xr:ValueId>4c4fc721-f410-400a-a623-291be4c11856</xr:ValueId>
			</xr:GeneratedType>
			<xr:GeneratedType name="CatalogList.ТоварныеКатегории" category="List">
				<xr:TypeId>a768f668-16cc-4d8c-9bc8-53bef8b2d12b</xr:TypeId>
				<xr:ValueId>2442addb-7f96-4849-a2ef-0555291e91ed</xr:ValueId>
			</xr:GeneratedType>
			<xr:GeneratedType name="CatalogManager.ТоварныеКатегории" category="Manager">
				<xr:TypeId>f4239d67-10c1-4c74-815e-abcbb555a5a8</xr:TypeId>
				<xr:ValueId>e6209c08-0cda-4662-8093-88795c81683e</xr:ValueId>
			</xr:GeneratedType>
		</InternalInfo>
		<Properties>
			<ObjectBelonging>Adopted</ObjectBelonging>
			<Name>ТоварныеКатегории</Name>
			<Comment/>
			<ExtendedConfigurationObject>c4a52ea9-3cde-4de9-839f-9ed824a0d3d3</ExtendedConfigurationObject>
		</Properties>
		<ChildObjects/>
	</Catalog>
</MetaDataObject>