﻿<?xml version="1.0" encoding="UTF-8"?>
<MetaDataObject xmlns="http://v8.1c.ru/8.3/MDClasses" xmlns:app="http://v8.1c.ru/8.2/managed-application/core" xmlns:cfg="http://v8.1c.ru/8.1/data/enterprise/current-config" xmlns:cmi="http://v8.1c.ru/8.2/managed-application/cmi" xmlns:ent="http://v8.1c.ru/8.1/data/enterprise" xmlns:lf="http://v8.1c.ru/8.2/managed-application/logform" xmlns:style="http://v8.1c.ru/8.1/data/ui/style" xmlns:sys="http://v8.1c.ru/8.1/data/ui/fonts/system" xmlns:v8="http://v8.1c.ru/8.1/data/core" xmlns:v8ui="http://v8.1c.ru/8.1/data/ui" xmlns:web="http://v8.1c.ru/8.1/data/ui/colors/web" xmlns:win="http://v8.1c.ru/8.1/data/ui/colors/windows" xmlns:xen="http://v8.1c.ru/8.3/xcf/enums" xmlns:xpr="http://v8.1c.ru/8.3/xcf/predef" xmlns:xr="http://v8.1c.ru/8.3/xcf/readable" xmlns:xs="http://www.w3.org/2001/XMLSchema" xmlns:xsi="http://www.w3.org/2001/XMLSchema-instance" version="2.18">
	<Catalog uuid="4273cc2f-e1de-4655-85b4-f21895bd43a6">
		<InternalInfo>
			<xr:GeneratedType name="CatalogObject.УчетныеЗаписиЭлектроннойПочты" category="Object">
				<xr:TypeId>7771deba-f237-406c-884b-731ba8e38d5e</xr:TypeId>
				<xr:ValueId>f63ca63a-0234-4abe-9773-313b5981850c</xr:ValueId>
			</xr:GeneratedType>
			<xr:GeneratedType name="CatalogRef.УчетныеЗаписиЭлектроннойПочты" category="Ref">
				<xr:TypeId>84f6aefb-0011-4e7a-bb95-a82d3c9e61bf</xr:TypeId>
				<xr:ValueId>13f86b6d-ef26-4371-ae87-7067df4aa38e</xr:ValueId>
			</xr:GeneratedType>
			<xr:GeneratedType name="CatalogSelection.УчетныеЗаписиЭлектроннойПочты" category="Selection">
				<xr:TypeId>daebefb1-c03f-4561-9955-8ead29710577</xr:TypeId>
				<xr:ValueId>e290f8ca-8443-4c78-b989-03e9a525d788</xr:ValueId>
			</xr:GeneratedType>
			<xr:GeneratedType name="CatalogList.УчетныеЗаписиЭлектроннойПочты" category="List">
				<xr:TypeId>3c1b591c-84aa-4d4b-8e4b-494fc87c1942</xr:TypeId>
				<xr:ValueId>a2ddd297-82bf-42a1-98ba-2107de59ca66</xr:ValueId>
			</xr:GeneratedType>
			<xr:GeneratedType name="CatalogManager.УчетныеЗаписиЭлектроннойПочты" category="Manager">
				<xr:TypeId>df16cffb-101d-463a-a0de-d6519b16377f</xr:TypeId>
				<xr:ValueId>42f3008d-dec6-4794-a46b-e0a93effec85</xr:ValueId>
			</xr:GeneratedType>
		</InternalInfo>
		<Properties>
			<ObjectBelonging>Adopted</ObjectBelonging>
			<Name>УчетныеЗаписиЭлектроннойПочты</Name>
			<Comment/>
			<ExtendedConfigurationObject>3cf39e67-ec20-4cea-8702-e70a36492783</ExtendedConfigurationObject>
		</Properties>
		<ChildObjects>
			<Attribute uuid="a7c92660-c0b9-4a2e-a8ce-6920f666254f">
				<Properties>
					<Name>ОтправлятьСкрытыеКопииПисемНаЭтотАдрес</Name>
					<Synonym>
						<v8:item>
							<v8:lang>ru</v8:lang>
							<v8:content>Отправлять скрытые копии писем на этот адрес</v8:content>
						</v8:item>
					</Synonym>
					<Comment/>
					<Type>
						<v8:Type>xs:boolean</v8:Type>
					</Type>
					<PasswordMode>false</PasswordMode>
					<Format/>
					<EditFormat/>
					<ToolTip/>
					<MarkNegatives>false</MarkNegatives>
					<Mask/>
					<MultiLine>false</MultiLine>
					<ExtendedEdit>false</ExtendedEdit>
					<MinValue xsi:nil="true"/>
					<MaxValue xsi:nil="true"/>
					<FillFromFillingValue>false</FillFromFillingValue>
					<FillValue xsi:nil="true"/>
					<FillChecking>DontCheck</FillChecking>
					<ChoiceFoldersAndItems>Items</ChoiceFoldersAndItems>
					<ChoiceParameterLinks/>
					<ChoiceParameters/>
					<QuickChoice>Auto</QuickChoice>
					<CreateOnInput>Auto</CreateOnInput>
					<ChoiceForm/>
					<LinkByType/>
					<ChoiceHistoryOnInput>Auto</ChoiceHistoryOnInput>
					<Use>ForItem</Use>
					<Indexing>DontIndex</Indexing>
					<FullTextSearch>Use</FullTextSearch>
					<DataHistory>Use</DataHistory>
				</Properties>
			</Attribute>
		</ChildObjects>
	</Catalog>
</MetaDataObject>