﻿<?xml version="1.0" encoding="UTF-8"?>
<MetaDataObject xmlns="http://v8.1c.ru/8.3/MDClasses" xmlns:app="http://v8.1c.ru/8.2/managed-application/core" xmlns:cfg="http://v8.1c.ru/8.1/data/enterprise/current-config" xmlns:cmi="http://v8.1c.ru/8.2/managed-application/cmi" xmlns:ent="http://v8.1c.ru/8.1/data/enterprise" xmlns:lf="http://v8.1c.ru/8.2/managed-application/logform" xmlns:style="http://v8.1c.ru/8.1/data/ui/style" xmlns:sys="http://v8.1c.ru/8.1/data/ui/fonts/system" xmlns:v8="http://v8.1c.ru/8.1/data/core" xmlns:v8ui="http://v8.1c.ru/8.1/data/ui" xmlns:web="http://v8.1c.ru/8.1/data/ui/colors/web" xmlns:win="http://v8.1c.ru/8.1/data/ui/colors/windows" xmlns:xen="http://v8.1c.ru/8.3/xcf/enums" xmlns:xpr="http://v8.1c.ru/8.3/xcf/predef" xmlns:xr="http://v8.1c.ru/8.3/xcf/readable" xmlns:xs="http://www.w3.org/2001/XMLSchema" xmlns:xsi="http://www.w3.org/2001/XMLSchema-instance" version="2.18">
	<Catalog uuid="4816eaf9-ff11-42e8-9fc5-f53e7f3a132a">
		<InternalInfo>
			<xr:GeneratedType name="CatalogObject.ВидыПартийГИИС" category="Object">
				<xr:TypeId>45b0c1d0-71a9-4670-bd86-e031dfa29abf</xr:TypeId>
				<xr:ValueId>e11ff7ac-5fed-4f9e-87be-948c1c36e606</xr:ValueId>
			</xr:GeneratedType>
			<xr:GeneratedType name="CatalogRef.ВидыПартийГИИС" category="Ref">
				<xr:TypeId>e18ef3bc-73a6-4ac9-89ed-8283fd864152</xr:TypeId>
				<xr:ValueId>f17ece3c-4e8e-42e6-92b4-1cb1626c463f</xr:ValueId>
			</xr:GeneratedType>
			<xr:GeneratedType name="CatalogSelection.ВидыПартийГИИС" category="Selection">
				<xr:TypeId>46d6398f-bbd1-4f8c-99ed-3de33e5c306d</xr:TypeId>
				<xr:ValueId>8183e99e-d8dc-4040-aecc-391879cc99d1</xr:ValueId>
			</xr:GeneratedType>
			<xr:GeneratedType name="CatalogList.ВидыПартийГИИС" category="List">
				<xr:TypeId>c1532193-91c4-4918-86b5-caca8a0da685</xr:TypeId>
				<xr:ValueId>aca748b7-0b85-4798-9b23-be84d098b9d5</xr:ValueId>
			</xr:GeneratedType>
			<xr:GeneratedType name="CatalogManager.ВидыПартийГИИС" category="Manager">
				<xr:TypeId>ae87169f-193a-4e58-ad21-ef7d4297e558</xr:TypeId>
				<xr:ValueId>a4930571-ba01-4d62-a926-65140ef0b759</xr:ValueId>
			</xr:GeneratedType>
		</InternalInfo>
		<Properties>
			<ObjectBelonging>Adopted</ObjectBelonging>
			<Name>ВидыПартийГИИС</Name>
			<Comment/>
			<ExtendedConfigurationObject>e2c4c862-d76a-409e-b890-0f0308c6d62b</ExtendedConfigurationObject>
		</Properties>
		<ChildObjects/>
	</Catalog>
</MetaDataObject>