﻿<?xml version="1.0" encoding="UTF-8"?>
<MetaDataObject xmlns="http://v8.1c.ru/8.3/MDClasses" xmlns:app="http://v8.1c.ru/8.2/managed-application/core" xmlns:cfg="http://v8.1c.ru/8.1/data/enterprise/current-config" xmlns:cmi="http://v8.1c.ru/8.2/managed-application/cmi" xmlns:ent="http://v8.1c.ru/8.1/data/enterprise" xmlns:lf="http://v8.1c.ru/8.2/managed-application/logform" xmlns:style="http://v8.1c.ru/8.1/data/ui/style" xmlns:sys="http://v8.1c.ru/8.1/data/ui/fonts/system" xmlns:v8="http://v8.1c.ru/8.1/data/core" xmlns:v8ui="http://v8.1c.ru/8.1/data/ui" xmlns:web="http://v8.1c.ru/8.1/data/ui/colors/web" xmlns:win="http://v8.1c.ru/8.1/data/ui/colors/windows" xmlns:xen="http://v8.1c.ru/8.3/xcf/enums" xmlns:xpr="http://v8.1c.ru/8.3/xcf/predef" xmlns:xr="http://v8.1c.ru/8.3/xcf/readable" xmlns:xs="http://www.w3.org/2001/XMLSchema" xmlns:xsi="http://www.w3.org/2001/XMLSchema-instance" version="2.18">
	<Catalog uuid="ac949373-7349-4268-a3e9-a180a6c0c6cc">
		<InternalInfo>
			<xr:GeneratedType name="CatalogObject.ТипыИзделий" category="Object">
				<xr:TypeId>16eefd2d-57e3-4e56-b1cd-d328cbefd84a</xr:TypeId>
				<xr:ValueId>c8a063e4-5b2c-46d9-8df9-9e574293a5be</xr:ValueId>
			</xr:GeneratedType>
			<xr:GeneratedType name="CatalogRef.ТипыИзделий" category="Ref">
				<xr:TypeId>82614103-aae6-43de-ab10-3d87d32ab1f7</xr:TypeId>
				<xr:ValueId>e961abe6-3574-414a-a065-2301670e5ecd</xr:ValueId>
			</xr:GeneratedType>
			<xr:GeneratedType name="CatalogSelection.ТипыИзделий" category="Selection">
				<xr:TypeId>546a7c74-2f2d-46d3-b6f0-0c5560c2820f</xr:TypeId>
				<xr:ValueId>0596de61-b49b-4ebd-a216-9507ffd7e665</xr:ValueId>
			</xr:GeneratedType>
			<xr:GeneratedType name="CatalogList.ТипыИзделий" category="List">
				<xr:TypeId>23330ded-679c-4d70-9bd7-f82efdfe9c3a</xr:TypeId>
				<xr:ValueId>01304961-8608-457e-aa2d-ff65e98ee7ff</xr:ValueId>
			</xr:GeneratedType>
			<xr:GeneratedType name="CatalogManager.ТипыИзделий" category="Manager">
				<xr:TypeId>a12e7bcf-3b95-423e-bd4a-f04d696156f9</xr:TypeId>
				<xr:ValueId>daaab5f5-df59-4d74-bb77-6197bafc4036</xr:ValueId>
			</xr:GeneratedType>
		</InternalInfo>
		<Properties>
			<ObjectBelonging>Adopted</ObjectBelonging>
			<Name>ТипыИзделий</Name>
			<Comment/>
			<ExtendedConfigurationObject>7e12e8cb-3bd6-4bc7-b535-d464f09df257</ExtendedConfigurationObject>
		</Properties>
		<ChildObjects/>
	</Catalog>
</MetaDataObject>