﻿<?xml version="1.0" encoding="UTF-8"?>
<MetaDataObject xmlns="http://v8.1c.ru/8.3/MDClasses" xmlns:app="http://v8.1c.ru/8.2/managed-application/core" xmlns:cfg="http://v8.1c.ru/8.1/data/enterprise/current-config" xmlns:cmi="http://v8.1c.ru/8.2/managed-application/cmi" xmlns:ent="http://v8.1c.ru/8.1/data/enterprise" xmlns:lf="http://v8.1c.ru/8.2/managed-application/logform" xmlns:style="http://v8.1c.ru/8.1/data/ui/style" xmlns:sys="http://v8.1c.ru/8.1/data/ui/fonts/system" xmlns:v8="http://v8.1c.ru/8.1/data/core" xmlns:v8ui="http://v8.1c.ru/8.1/data/ui" xmlns:web="http://v8.1c.ru/8.1/data/ui/colors/web" xmlns:win="http://v8.1c.ru/8.1/data/ui/colors/windows" xmlns:xen="http://v8.1c.ru/8.3/xcf/enums" xmlns:xpr="http://v8.1c.ru/8.3/xcf/predef" xmlns:xr="http://v8.1c.ru/8.3/xcf/readable" xmlns:xs="http://www.w3.org/2001/XMLSchema" xmlns:xsi="http://www.w3.org/2001/XMLSchema-instance" version="2.18">
	<Catalog uuid="e6c484bf-3aa4-4062-9004-56326b780867">
		<InternalInfo>
			<xr:GeneratedType name="CatalogObject.ТоварныеГруппы" category="Object">
				<xr:TypeId>917aafce-5fbb-4bbc-93c6-e17e21692c31</xr:TypeId>
				<xr:ValueId>37d09bf9-2f45-4bd2-ace9-92cd9d538fae</xr:ValueId>
			</xr:GeneratedType>
			<xr:GeneratedType name="CatalogRef.ТоварныеГруппы" category="Ref">
				<xr:TypeId>ab2c49cc-cbfe-4087-908a-e98a81de14ce</xr:TypeId>
				<xr:ValueId>44c66000-1080-47c1-8995-132caaf7619a</xr:ValueId>
			</xr:GeneratedType>
			<xr:GeneratedType name="CatalogSelection.ТоварныеГруппы" category="Selection">
				<xr:TypeId>a3387a47-e89a-4091-9c29-71f6b5b301e6</xr:TypeId>
				<xr:ValueId>386bd538-9e0c-4718-9d35-e6810512b2d5</xr:ValueId>
			</xr:GeneratedType>
			<xr:GeneratedType name="CatalogList.ТоварныеГруппы" category="List">
				<xr:TypeId>bb25ad7c-615c-4784-8010-df8ca5d3d85c</xr:TypeId>
				<xr:ValueId>3d049a5a-e03d-4583-a096-0821584d57c3</xr:ValueId>
			</xr:GeneratedType>
			<xr:GeneratedType name="CatalogManager.ТоварныеГруппы" category="Manager">
				<xr:TypeId>62a31048-43e3-4e19-bd11-bdcc081eb115</xr:TypeId>
				<xr:ValueId>47a06688-6105-479f-a34d-b8ad29c7a26f</xr:ValueId>
			</xr:GeneratedType>
		</InternalInfo>
		<Properties>
			<ObjectBelonging>Adopted</ObjectBelonging>
			<Name>ТоварныеГруппы</Name>
			<Comment/>
			<ExtendedConfigurationObject>b22f9391-a893-4b8c-8a52-bc7f4cd98743</ExtendedConfigurationObject>
		</Properties>
		<ChildObjects/>
	</Catalog>
</MetaDataObject>