﻿<?xml version="1.0" encoding="UTF-8"?>
<MetaDataObject xmlns="http://v8.1c.ru/8.3/MDClasses" xmlns:app="http://v8.1c.ru/8.2/managed-application/core" xmlns:cfg="http://v8.1c.ru/8.1/data/enterprise/current-config" xmlns:cmi="http://v8.1c.ru/8.2/managed-application/cmi" xmlns:ent="http://v8.1c.ru/8.1/data/enterprise" xmlns:lf="http://v8.1c.ru/8.2/managed-application/logform" xmlns:style="http://v8.1c.ru/8.1/data/ui/style" xmlns:sys="http://v8.1c.ru/8.1/data/ui/fonts/system" xmlns:v8="http://v8.1c.ru/8.1/data/core" xmlns:v8ui="http://v8.1c.ru/8.1/data/ui" xmlns:web="http://v8.1c.ru/8.1/data/ui/colors/web" xmlns:win="http://v8.1c.ru/8.1/data/ui/colors/windows" xmlns:xen="http://v8.1c.ru/8.3/xcf/enums" xmlns:xpr="http://v8.1c.ru/8.3/xcf/predef" xmlns:xr="http://v8.1c.ru/8.3/xcf/readable" xmlns:xs="http://www.w3.org/2001/XMLSchema" xmlns:xsi="http://www.w3.org/2001/XMLSchema-instance" version="2.18">
	<Catalog uuid="5173937a-f87f-48a7-b4ef-dcacf7a8e534">
		<InternalInfo>
			<xr:GeneratedType name="CatalogObject.СерииНоменклатуры" category="Object">
				<xr:TypeId>623e8150-20f6-4f68-8d8c-23c32e87dc97</xr:TypeId>
				<xr:ValueId>e807286d-55bf-4641-b1d4-7011610cd83b</xr:ValueId>
			</xr:GeneratedType>
			<xr:GeneratedType name="CatalogRef.СерииНоменклатуры" category="Ref">
				<xr:TypeId>749c4655-8774-4300-b96b-dc7ba2483945</xr:TypeId>
				<xr:ValueId>bbcb141c-02a0-404d-a461-e473dda1ac9d</xr:ValueId>
			</xr:GeneratedType>
			<xr:GeneratedType name="CatalogSelection.СерииНоменклатуры" category="Selection">
				<xr:TypeId>2256603e-7c8e-4f56-a6d5-5739f0428873</xr:TypeId>
				<xr:ValueId>8cc758c5-8533-410a-af8e-46a46c4c2cc7</xr:ValueId>
			</xr:GeneratedType>
			<xr:GeneratedType name="CatalogList.СерииНоменклатуры" category="List">
				<xr:TypeId>78d926b4-7ec3-4638-b328-7d357dbcbece</xr:TypeId>
				<xr:ValueId>48f5d2af-9662-4dcd-af29-7bb432de8b61</xr:ValueId>
			</xr:GeneratedType>
			<xr:GeneratedType name="CatalogManager.СерииНоменклатуры" category="Manager">
				<xr:TypeId>5e95416f-3fee-4e7b-b4e4-e8815ac7eacf</xr:TypeId>
				<xr:ValueId>b3703e11-ff52-450b-8006-f0b72b9ff1f9</xr:ValueId>
			</xr:GeneratedType>
		</InternalInfo>
		<Properties>
			<ObjectBelonging>Adopted</ObjectBelonging>
			<Name>СерииНоменклатуры</Name>
			<Comment/>
			<ExtendedConfigurationObject>653e2bcb-a3cb-4204-8bfc-d73f4ff23f2a</ExtendedConfigurationObject>
			<Owners>
				<xr:Item xsi:type="xr:MDObjectRef">Catalog.Номенклатура</xr:Item>
			</Owners>
			<CodeLength>10</CodeLength>
			<DescriptionLength>30</DescriptionLength>
			<CodeType>String</CodeType>
			<CodeAllowedLength>Fixed</CodeAllowedLength>
		</Properties>
		<ChildObjects>
			<Attribute uuid="d32b7b28-0a70-4472-a6d6-203cd48eaa38">
				<InternalInfo/>
				<Properties>
					<ObjectBelonging>Adopted</ObjectBelonging>
					<Name>УИН</Name>
					<Comment/>
					<ExtendedConfigurationObject>96cd7516-e179-4844-86d7-a72cd286997a</ExtendedConfigurationObject>
					<Type>
						<v8:Type>xs:string</v8:Type>
						<v8:StringQualifiers>
							<v8:Length>16</v8:Length>
							<v8:AllowedLength>Variable</v8:AllowedLength>
						</v8:StringQualifiers>
					</Type>
				</Properties>
			</Attribute>
			<Attribute uuid="d3a18666-a18f-4a2c-80c1-59d1cb57b2cb">
				<InternalInfo/>
				<Properties>
					<ObjectBelonging>Adopted</ObjectBelonging>
					<Name>Вес</Name>
					<Comment/>
					<ExtendedConfigurationObject>90fa898f-8ccb-4067-baa8-bfd44b8d062c</ExtendedConfigurationObject>
					<Type>
						<v8:Type>xs:decimal</v8:Type>
						<v8:NumberQualifiers>
							<v8:Digits>15</v8:Digits>
							<v8:FractionDigits>3</v8:FractionDigits>
							<v8:AllowedSign>Nonnegative</v8:AllowedSign>
						</v8:NumberQualifiers>
					</Type>
				</Properties>
			</Attribute>
			<Attribute uuid="3455d0eb-b7ab-4f54-a7f0-5590a20185b4">
				<Properties>
					<Name>B1_ОсновнаяСерияВБ</Name>
					<Synonym>
						<v8:item>
							<v8:lang>ru</v8:lang>
							<v8:content>Основная серия Wildberries</v8:content>
						</v8:item>
					</Synonym>
					<Comment/>
					<Type>
						<v8:Type>xs:boolean</v8:Type>
					</Type>
					<PasswordMode>false</PasswordMode>
					<Format/>
					<EditFormat/>
					<ToolTip/>
					<MarkNegatives>false</MarkNegatives>
					<Mask/>
					<MultiLine>false</MultiLine>
					<ExtendedEdit>false</ExtendedEdit>
					<MinValue xsi:nil="true"/>
					<MaxValue xsi:nil="true"/>
					<FillFromFillingValue>false</FillFromFillingValue>
					<FillValue xsi:nil="true"/>
					<FillChecking>DontCheck</FillChecking>
					<ChoiceFoldersAndItems>Items</ChoiceFoldersAndItems>
					<ChoiceParameterLinks/>
					<ChoiceParameters/>
					<QuickChoice>Auto</QuickChoice>
					<CreateOnInput>Auto</CreateOnInput>
					<ChoiceForm/>
					<LinkByType/>
					<ChoiceHistoryOnInput>Auto</ChoiceHistoryOnInput>
					<Use>ForItem</Use>
					<Indexing>DontIndex</Indexing>
					<FullTextSearch>Use</FullTextSearch>
					<DataHistory>Use</DataHistory>
				</Properties>
			</Attribute>
			<Attribute uuid="1eea3a27-b334-4e29-97af-42b14453cb63">
				<InternalInfo/>
				<Properties>
					<ObjectBelonging>Adopted</ObjectBelonging>
					<Name>ХарактеристикаНоменклатуры</Name>
					<Comment/>
					<ExtendedConfigurationObject>10baf088-670a-443e-83f8-2a87ce4a071d</ExtendedConfigurationObject>
					<Type>
						<v8:Type>cfg:CatalogRef.ХарактеристикиНоменклатуры</v8:Type>
					</Type>
				</Properties>
			</Attribute>
			<Attribute uuid="a3d18721-96f5-4722-a4f0-cd6776d983da">
				<InternalInfo/>
				<Properties>
					<ObjectBelonging>Adopted</ObjectBelonging>
					<Name>ВесМеталла</Name>
					<Comment/>
					<ExtendedConfigurationObject>a5c7cccb-e24c-43be-a600-189e6f68a7a2</ExtendedConfigurationObject>
					<Type>
						<v8:Type>xs:decimal</v8:Type>
						<v8:NumberQualifiers>
							<v8:Digits>15</v8:Digits>
							<v8:FractionDigits>3</v8:FractionDigits>
							<v8:AllowedSign>Nonnegative</v8:AllowedSign>
						</v8:NumberQualifiers>
					</Type>
				</Properties>
			</Attribute>
			<Attribute uuid="b1d1f91c-07a2-483e-9070-44ef786692b5">
				<InternalInfo/>
				<Properties>
					<ObjectBelonging>Adopted</ObjectBelonging>
					<Name>Размер</Name>
					<Comment/>
					<ExtendedConfigurationObject>89deae6e-6f6d-4b22-82d3-4109c9692b8a</ExtendedConfigurationObject>
					<Type>
						<v8:Type>cfg:CatalogRef.Размер</v8:Type>
					</Type>
				</Properties>
			</Attribute>
			<Attribute uuid="c760299a-ce31-4131-96d6-61bd781711f5">
				<InternalInfo/>
				<Properties>
					<ObjectBelonging>Adopted</ObjectBelonging>
					<Name>Количество</Name>
					<Comment/>
					<ExtendedConfigurationObject>fb1b6739-446c-4522-93f6-878ff72d57f0</ExtendedConfigurationObject>
					<Type>
						<v8:Type>xs:decimal</v8:Type>
						<v8:NumberQualifiers>
							<v8:Digits>15</v8:Digits>
							<v8:FractionDigits>0</v8:FractionDigits>
							<v8:AllowedSign>Nonnegative</v8:AllowedSign>
						</v8:NumberQualifiers>
					</Type>
				</Properties>
			</Attribute>
			<Attribute uuid="099f6edd-f51f-4391-b320-710eddb5a5b4">
				<InternalInfo/>
				<Properties>
					<ObjectBelonging>Adopted</ObjectBelonging>
					<Name>ТоварнаяПозиция</Name>
					<Comment/>
					<ExtendedConfigurationObject>3103109c-f747-4576-90aa-d9ed55d12f39</ExtendedConfigurationObject>
					<Type>
						<v8:Type>cfg:CatalogRef.ТоварныеПозиции</v8:Type>
					</Type>
				</Properties>
			</Attribute>
			<Attribute uuid="90c24a21-4ac5-4d04-9a7e-66139ef64bbe">
				<InternalInfo/>
				<Properties>
					<ObjectBelonging>Adopted</ObjectBelonging>
					<Name>ТоварнаяКатегория</Name>
					<Comment/>
					<ExtendedConfigurationObject>a104b51c-17a6-4192-a0d6-aacd630deaf1</ExtendedConfigurationObject>
					<Type>
						<v8:Type>cfg:CatalogRef.ТоварныеКатегории</v8:Type>
					</Type>
				</Properties>
			</Attribute>
			<Attribute uuid="6e51e1d1-207f-4308-8e1a-0e33e5c82f58">
				<InternalInfo/>
				<Properties>
					<ObjectBelonging>Adopted</ObjectBelonging>
					<Name>ЦветМеталла</Name>
					<Comment/>
					<ExtendedConfigurationObject>c69e841c-20ff-4206-a53a-f8db3551980d</ExtendedConfigurationObject>
					<Type>
						<v8:Type>cfg:CatalogRef.ЦветаМеталла</v8:Type>
					</Type>
				</Properties>
			</Attribute>
			<Attribute uuid="288f3223-a4cc-449f-b103-d5cca0847783">
				<InternalInfo/>
				<Properties>
					<ObjectBelonging>Adopted</ObjectBelonging>
					<Name>ВесМеталлаГИИСДМДК</Name>
					<Comment/>
					<ExtendedConfigurationObject>cf54fe07-ddb6-4c30-bd75-f14c7a4f09c2</ExtendedConfigurationObject>
					<Type>
						<v8:Type>xs:decimal</v8:Type>
						<v8:NumberQualifiers>
							<v8:Digits>15</v8:Digits>
							<v8:FractionDigits>3</v8:FractionDigits>
							<v8:AllowedSign>Nonnegative</v8:AllowedSign>
						</v8:NumberQualifiers>
					</Type>
				</Properties>
			</Attribute>
			<Attribute uuid="7d6ea536-3b78-4525-b2f3-70c550e0fff3">
				<InternalInfo/>
				<Properties>
					<ObjectBelonging>Adopted</ObjectBelonging>
					<Name>НомерПаспорта</Name>
					<Comment/>
					<ExtendedConfigurationObject>96493507-5222-45d0-8d21-5312221bd937</ExtendedConfigurationObject>
					<Type>
						<v8:Type>xs:string</v8:Type>
						<v8:StringQualifiers>
							<v8:Length>50</v8:Length>
							<v8:AllowedLength>Variable</v8:AllowedLength>
						</v8:StringQualifiers>
					</Type>
				</Properties>
			</Attribute>
			<Attribute uuid="78f4544f-147d-42c3-95e9-84337bcc2ad1">
				<InternalInfo/>
				<Properties>
					<ObjectBelonging>Adopted</ObjectBelonging>
					<Name>Весовой</Name>
					<Comment/>
					<ExtendedConfigurationObject>83aeb347-92ac-480a-b316-c9a4856e84aa</ExtendedConfigurationObject>
					<Type>
						<v8:Type>xs:boolean</v8:Type>
					</Type>
				</Properties>
			</Attribute>
			<Attribute uuid="a26741c7-3e84-4180-ac5f-2f3558bb7597">
				<InternalInfo/>
				<Properties>
					<ObjectBelonging>Adopted</ObjectBelonging>
					<Name>Поставщик</Name>
					<Comment/>
					<ExtendedConfigurationObject>64f90492-9bd4-4108-ba2d-6ceb31ba2efa</ExtendedConfigurationObject>
					<Type>
						<v8:Type>cfg:CatalogRef.Контрагенты</v8:Type>
					</Type>
				</Properties>
			</Attribute>
			<Attribute uuid="f0e4e816-9e10-4906-b85b-4d869f30fac9">
				<InternalInfo/>
				<Properties>
					<ObjectBelonging>Adopted</ObjectBelonging>
					<Name>ДоговорПоставки</Name>
					<Comment/>
					<ExtendedConfigurationObject>061395f2-db5b-429c-9add-986c50d030a8</ExtendedConfigurationObject>
					<Type>
						<v8:Type>cfg:CatalogRef.ДоговорыКонтрагентов</v8:Type>
					</Type>
				</Properties>
			</Attribute>
			<Attribute uuid="cc3c9abc-c8f6-41fd-8896-51161ef460f7">
				<InternalInfo/>
				<Properties>
					<ObjectBelonging>Adopted</ObjectBelonging>
					<Name>ОбщийВесВставок</Name>
					<Comment/>
					<ExtendedConfigurationObject>6c6544b8-9cb2-4da2-aac9-e8f0207c5139</ExtendedConfigurationObject>
					<Type>
						<v8:Type>xs:decimal</v8:Type>
						<v8:NumberQualifiers>
							<v8:Digits>10</v8:Digits>
							<v8:FractionDigits>3</v8:FractionDigits>
							<v8:AllowedSign>Any</v8:AllowedSign>
						</v8:NumberQualifiers>
					</Type>
				</Properties>
			</Attribute>
			<Attribute uuid="3266499e-977c-4cd6-9cb3-50dfffbc3fd8">
				<InternalInfo/>
				<Properties>
					<ObjectBelonging>Adopted</ObjectBelonging>
					<Name>ВесМеталлаВЧистоте</Name>
					<Comment/>
					<ExtendedConfigurationObject>0046af83-e5d9-4499-8622-c49db6fc6eb4</ExtendedConfigurationObject>
					<Type>
						<v8:Type>xs:decimal</v8:Type>
						<v8:NumberQualifiers>
							<v8:Digits>15</v8:Digits>
							<v8:FractionDigits>5</v8:FractionDigits>
							<v8:AllowedSign>Nonnegative</v8:AllowedSign>
						</v8:NumberQualifiers>
					</Type>
				</Properties>
			</Attribute>
			<Attribute uuid="8e2aa97e-e66c-4caf-999b-c6940e16da31">
				<InternalInfo/>
				<Properties>
					<ObjectBelonging>Adopted</ObjectBelonging>
					<Name>ОбщийВесВставокГИИСДМДК</Name>
					<Comment/>
					<ExtendedConfigurationObject>0ddd8753-1e09-4435-89b8-4b660e38b38e</ExtendedConfigurationObject>
					<Type>
						<v8:Type>xs:decimal</v8:Type>
						<v8:NumberQualifiers>
							<v8:Digits>10</v8:Digits>
							<v8:FractionDigits>3</v8:FractionDigits>
							<v8:AllowedSign>Any</v8:AllowedSign>
						</v8:NumberQualifiers>
					</Type>
				</Properties>
			</Attribute>
			<Attribute uuid="03dd70b0-e43b-4ddf-b855-adb7a23f9b4a">
				<InternalInfo/>
				<Properties>
					<ObjectBelonging>Adopted</ObjectBelonging>
					<Name>ВесМеталлаВЧистотеГИИСДМДК</Name>
					<Comment/>
					<ExtendedConfigurationObject>cf8f7b57-cace-45e3-ab15-f78b171622c4</ExtendedConfigurationObject>
					<Type>
						<v8:Type>xs:decimal</v8:Type>
						<v8:NumberQualifiers>
							<v8:Digits>15</v8:Digits>
							<v8:FractionDigits>5</v8:FractionDigits>
							<v8:AllowedSign>Nonnegative</v8:AllowedSign>
						</v8:NumberQualifiers>
					</Type>
				</Properties>
			</Attribute>
			<Attribute uuid="46de5da8-86e3-4981-b86a-2d055e4b2eaa">
				<InternalInfo/>
				<Properties>
					<ObjectBelonging>Adopted</ObjectBelonging>
					<Name>СерийныйНомер</Name>
					<Comment/>
					<ExtendedConfigurationObject>ef9dcc31-7628-4ca7-bb0a-237d4711ade3</ExtendedConfigurationObject>
					<Type>
						<v8:Type>xs:string</v8:Type>
						<v8:StringQualifiers>
							<v8:Length>25</v8:Length>
							<v8:AllowedLength>Variable</v8:AllowedLength>
						</v8:StringQualifiers>
					</Type>
				</Properties>
			</Attribute>
			<Attribute uuid="2c0f7acc-47e3-432d-9f51-6ccfbc795435">
				<InternalInfo/>
				<Properties>
					<ObjectBelonging>Adopted</ObjectBelonging>
					<Name>Сертификат</Name>
					<Comment/>
					<ExtendedConfigurationObject>c10140b6-d3e2-4a1a-9912-08dcfc2ab6e7</ExtendedConfigurationObject>
					<Type>
						<v8:Type>xs:string</v8:Type>
						<v8:StringQualifiers>
							<v8:Length>50</v8:Length>
							<v8:AllowedLength>Variable</v8:AllowedLength>
						</v8:StringQualifiers>
					</Type>
				</Properties>
			</Attribute>
			<Attribute uuid="589d0028-c99e-47fc-9e09-ad28e53e8e58">
				<InternalInfo/>
				<Properties>
					<ObjectBelonging>Adopted</ObjectBelonging>
					<Name>СрокГодности</Name>
					<Comment/>
					<ExtendedConfigurationObject>645adb5a-d301-4852-8af5-2bf835bb665e</ExtendedConfigurationObject>
					<Type>
						<v8:Type>xs:dateTime</v8:Type>
						<v8:DateQualifiers>
							<v8:DateFractions>Date</v8:DateFractions>
						</v8:DateQualifiers>
					</Type>
				</Properties>
			</Attribute>
			<Attribute uuid="a764635b-9584-4159-a1d0-830f68548ed4">
				<InternalInfo/>
				<Properties>
					<ObjectBelonging>Adopted</ObjectBelonging>
					<Name>НомерГТД</Name>
					<Comment/>
					<ExtendedConfigurationObject>0ba5bcaf-f305-46bd-9b8e-124b49079b8d</ExtendedConfigurationObject>
					<Type>
						<v8:Type>cfg:CatalogRef.НомераГТД</v8:Type>
					</Type>
				</Properties>
			</Attribute>
			<Attribute uuid="fc33872c-d9b2-4482-acbe-407a99b6d848">
				<InternalInfo/>
				<Properties>
					<ObjectBelonging>Adopted</ObjectBelonging>
					<Name>СтранаПроисхождения</Name>
					<Comment/>
					<ExtendedConfigurationObject>75416d74-17bd-4f30-b4cf-50aca88f718d</ExtendedConfigurationObject>
					<Type>
						<v8:Type>cfg:CatalogRef.КлассификаторСтранМира</v8:Type>
					</Type>
				</Properties>
			</Attribute>
			<Attribute uuid="b1dcd6c0-969e-4e6b-b6c3-56ead0e30331">
				<InternalInfo/>
				<Properties>
					<ObjectBelonging>Adopted</ObjectBelonging>
					<Name>ВесоваяГруппаГИИСДМДК</Name>
					<Comment/>
					<ExtendedConfigurationObject>f22519ba-9db4-4e86-a007-833cb83707c1</ExtendedConfigurationObject>
					<Type>
						<v8:Type>cfg:CatalogRef.КлассификаторВесовыхГруппГИИСДМДК</v8:Type>
					</Type>
				</Properties>
			</Attribute>
			<Attribute uuid="672d81a3-fdd7-4387-a4f5-837786626332">
				<InternalInfo/>
				<Properties>
					<ObjectBelonging>Adopted</ObjectBelonging>
					<Name>СтепеньВнутреннегоОтраженияГИИСДМДК</Name>
					<Comment/>
					<ExtendedConfigurationObject>8242785f-fd36-4490-9db7-78688f3215d6</ExtendedConfigurationObject>
					<Type>
						<v8:Type>cfg:CatalogRef.КлассификаторСтепенейВнутреннегоОтраженияГИИСДМДК</v8:Type>
					</Type>
				</Properties>
			</Attribute>
			<Attribute uuid="663e0f22-5b41-4406-9e5f-980dc263ada5">
				<InternalInfo/>
				<Properties>
					<ObjectBelonging>Adopted</ObjectBelonging>
					<Name>Комментарий</Name>
					<Comment/>
					<ExtendedConfigurationObject>4e71e4de-dabb-4b02-a586-c13343b83f4e</ExtendedConfigurationObject>
					<Type>
						<v8:Type>xs:string</v8:Type>
						<v8:StringQualifiers>
							<v8:Length>0</v8:Length>
							<v8:AllowedLength>Variable</v8:AllowedLength>
						</v8:StringQualifiers>
					</Type>
				</Properties>
			</Attribute>
			<Attribute uuid="a5e34fc0-7c4e-42fa-8838-2ee89c83d345">
				<InternalInfo/>
				<Properties>
					<ObjectBelonging>Adopted</ObjectBelonging>
					<Name>НаличиеСколовДефектовГИИСДМДК</Name>
					<Comment/>
					<ExtendedConfigurationObject>6f03079e-69cf-43b5-9673-36f21b218e0d</ExtendedConfigurationObject>
					<Type>
						<v8:Type>cfg:CatalogRef.КлассификаторНаличияСколовДефектовГИИСДМДК</v8:Type>
					</Type>
				</Properties>
			</Attribute>
			<Attribute uuid="d4129ff0-a2e4-4085-8d2c-56b2c36a3d74">
				<InternalInfo/>
				<Properties>
					<ObjectBelonging>Adopted</ObjectBelonging>
					<Name>ГруппаОгранкиГИИСДМДК</Name>
					<Comment/>
					<ExtendedConfigurationObject>6faefa0a-d213-4ddf-810d-4f50b3fc6659</ExtendedConfigurationObject>
					<Type>
						<v8:Type>cfg:CatalogRef.КлассификаторГруппОгранкиГИИСДМДК</v8:Type>
					</Type>
				</Properties>
			</Attribute>
			<Attribute uuid="b5ade86e-9ad0-4170-b5b2-53474e41d15e">
				<InternalInfo/>
				<Properties>
					<ObjectBelonging>Adopted</ObjectBelonging>
					<Name>ТоварнаяГруппа</Name>
					<Comment/>
					<ExtendedConfigurationObject>46bb9984-8a59-45a1-9db1-36d633219add</ExtendedConfigurationObject>
					<Type>
						<v8:Type>cfg:CatalogRef.ТоварныеГруппы</v8:Type>
					</Type>
				</Properties>
			</Attribute>
			<Attribute uuid="2e3c220c-1713-4618-ae8f-bfa114d52d28">
				<InternalInfo/>
				<Properties>
					<ObjectBelonging>Adopted</ObjectBelonging>
					<Name>Качество</Name>
					<Comment/>
					<ExtendedConfigurationObject>99a75cd4-87b4-4b4e-a29d-9090c0c2d3c2</ExtendedConfigurationObject>
					<Type>
						<v8:Type>cfg:CatalogRef.Качество</v8:Type>
					</Type>
				</Properties>
			</Attribute>
			<Attribute uuid="5e7cf565-a1d5-490a-b640-948b928a783c">
				<InternalInfo/>
				<Properties>
					<ObjectBelonging>Adopted</ObjectBelonging>
					<Name>ДополнительнаяКлассификация</Name>
					<Comment/>
					<ExtendedConfigurationObject>fa0e8f51-bf0c-45ee-b6b6-f5cceaca2e44</ExtendedConfigurationObject>
					<Type>
						<v8:Type>cfg:CatalogRef.ДополнительнаяКлассификацияГИИСДМДК</v8:Type>
					</Type>
				</Properties>
			</Attribute>
			<Attribute uuid="8a87a895-b2ca-4deb-bef8-3b8da03721e3">
				<InternalInfo/>
				<Properties>
					<ObjectBelonging>Adopted</ObjectBelonging>
					<Name>ЕстьФизическаяМаркировка</Name>
					<Comment/>
					<ExtendedConfigurationObject>3ec276d1-2414-4934-84c0-1635bc618926</ExtendedConfigurationObject>
					<Type>
						<v8:Type>xs:boolean</v8:Type>
					</Type>
				</Properties>
			</Attribute>
			<Attribute uuid="b16bdd35-1540-4d54-95c1-6efbf95e673c">
				<InternalInfo/>
				<Properties>
					<ObjectBelonging>Adopted</ObjectBelonging>
					<Name>НельзяНанестиФизическуюМаркировку</Name>
					<Comment/>
					<ExtendedConfigurationObject>ec2c6bc7-bce7-4b4c-9f4f-c74eb1bb89be</ExtendedConfigurationObject>
					<Type>
						<v8:Type>xs:boolean</v8:Type>
					</Type>
				</Properties>
			</Attribute>
			<Attribute uuid="e98a8ded-261d-4f20-a8b2-66f338af8c1b">
				<InternalInfo/>
				<Properties>
					<ObjectBelonging>Adopted</ObjectBelonging>
					<Name>ВидПартийГИИС</Name>
					<Comment/>
					<ExtendedConfigurationObject>e995a918-d6bb-4d9e-afe4-2df83d6df5f1</ExtendedConfigurationObject>
					<Type>
						<v8:Type>cfg:CatalogRef.ВидыПартийГИИС</v8:Type>
					</Type>
				</Properties>
			</Attribute>
			<TabularSection uuid="2cb4587b-3c61-4c63-97c4-11b5d641d118">
				<InternalInfo>
					<xr:GeneratedType name="CatalogTabularSection.СерииНоменклатуры.Комплектующие" category="TabularSection">
						<xr:TypeId>64a1011c-eb68-4874-b1fd-20e96dfbfafc</xr:TypeId>
						<xr:ValueId>fe56bd58-ef0a-4ab4-8173-afb12664284c</xr:ValueId>
					</xr:GeneratedType>
					<xr:GeneratedType name="CatalogTabularSectionRow.СерииНоменклатуры.Комплектующие" category="TabularSectionRow">
						<xr:TypeId>1e590b5c-a1e7-4f7c-b658-3d0316f8dfd7</xr:TypeId>
						<xr:ValueId>4d18fa0a-e9f3-4cfc-86c8-b4bb4e9065f5</xr:ValueId>
					</xr:GeneratedType>
				</InternalInfo>
				<Properties>
					<ObjectBelonging>Adopted</ObjectBelonging>
					<Name>Комплектующие</Name>
					<Comment/>
					<ExtendedConfigurationObject>117369f9-dcda-4882-ae46-29eb0477dc3b</ExtendedConfigurationObject>
				</Properties>
				<ChildObjects>
					<Attribute uuid="443f652f-5aac-4bc3-9827-c2aceaf4f8d1">
						<InternalInfo/>
						<Properties>
							<ObjectBelonging>Adopted</ObjectBelonging>
							<Name>УИН</Name>
							<Comment/>
							<ExtendedConfigurationObject>c1955159-17b2-4278-8397-4ddef4d21b4b</ExtendedConfigurationObject>
							<Type>
								<v8:Type>xs:string</v8:Type>
								<v8:StringQualifiers>
									<v8:Length>16</v8:Length>
									<v8:AllowedLength>Variable</v8:AllowedLength>
								</v8:StringQualifiers>
							</Type>
						</Properties>
					</Attribute>
				</ChildObjects>
			</TabularSection>
			<Form>ФормаЭлементаУ</Form>
		</ChildObjects>
	</Catalog>
</MetaDataObject>