﻿<?xml version="1.0" encoding="UTF-8"?>
<MetaDataObject xmlns="http://v8.1c.ru/8.3/MDClasses" xmlns:app="http://v8.1c.ru/8.2/managed-application/core" xmlns:cfg="http://v8.1c.ru/8.1/data/enterprise/current-config" xmlns:cmi="http://v8.1c.ru/8.2/managed-application/cmi" xmlns:ent="http://v8.1c.ru/8.1/data/enterprise" xmlns:lf="http://v8.1c.ru/8.2/managed-application/logform" xmlns:style="http://v8.1c.ru/8.1/data/ui/style" xmlns:sys="http://v8.1c.ru/8.1/data/ui/fonts/system" xmlns:v8="http://v8.1c.ru/8.1/data/core" xmlns:v8ui="http://v8.1c.ru/8.1/data/ui" xmlns:web="http://v8.1c.ru/8.1/data/ui/colors/web" xmlns:win="http://v8.1c.ru/8.1/data/ui/colors/windows" xmlns:xen="http://v8.1c.ru/8.3/xcf/enums" xmlns:xpr="http://v8.1c.ru/8.3/xcf/predef" xmlns:xr="http://v8.1c.ru/8.3/xcf/readable" xmlns:xs="http://www.w3.org/2001/XMLSchema" xmlns:xsi="http://www.w3.org/2001/XMLSchema-instance" version="2.18">
	<Catalog uuid="87bb1758-3640-4730-bbb3-87f711e56b39">
		<InternalInfo>
			<xr:GeneratedType name="CatalogObject.СтатьиЗатрат" category="Object">
				<xr:TypeId>ab77704d-5208-489e-88a1-4f7c5e112153</xr:TypeId>
				<xr:ValueId>0b5dee7e-1c71-47bc-87f3-f79e0b3696b9</xr:ValueId>
			</xr:GeneratedType>
			<xr:GeneratedType name="CatalogRef.СтатьиЗатрат" category="Ref">
				<xr:TypeId>91d8b9f6-cd6f-4d63-9a76-97c22ec7b12b</xr:TypeId>
				<xr:ValueId>54a7ec06-5eb8-4f7b-9dbc-84b8c3cd22cf</xr:ValueId>
			</xr:GeneratedType>
			<xr:GeneratedType name="CatalogSelection.СтатьиЗатрат" category="Selection">
				<xr:TypeId>aa89bb1c-7c86-4d26-937c-945bd7aad9b4</xr:TypeId>
				<xr:ValueId>b5b3ca45-2a9a-46b7-aa8d-669b7965e76c</xr:ValueId>
			</xr:GeneratedType>
			<xr:GeneratedType name="CatalogList.СтатьиЗатрат" category="List">
				<xr:TypeId>f8ee184a-e33f-4279-8f12-aaee6f2595af</xr:TypeId>
				<xr:ValueId>53ab9b65-ad62-497e-8c80-5fb966ff1c8b</xr:ValueId>
			</xr:GeneratedType>
			<xr:GeneratedType name="CatalogManager.СтатьиЗатрат" category="Manager">
				<xr:TypeId>0f60251b-4db0-4fa0-bfb2-2f5ed26d6f6b</xr:TypeId>
				<xr:ValueId>98d93624-e29e-4a4c-b228-9f45887d7d08</xr:ValueId>
			</xr:GeneratedType>
		</InternalInfo>
		<Properties>
			<ObjectBelonging>Adopted</ObjectBelonging>
			<Name>СтатьиЗатрат</Name>
			<Comment/>
			<ExtendedConfigurationObject>b05b3b73-daf8-4e90-aff8-282b3bedc23c</ExtendedConfigurationObject>
		</Properties>
		<ChildObjects/>
	</Catalog>
</MetaDataObject>