﻿<?xml version="1.0" encoding="UTF-8"?>
<MetaDataObject xmlns="http://v8.1c.ru/8.3/MDClasses" xmlns:app="http://v8.1c.ru/8.2/managed-application/core" xmlns:cfg="http://v8.1c.ru/8.1/data/enterprise/current-config" xmlns:cmi="http://v8.1c.ru/8.2/managed-application/cmi" xmlns:ent="http://v8.1c.ru/8.1/data/enterprise" xmlns:lf="http://v8.1c.ru/8.2/managed-application/logform" xmlns:style="http://v8.1c.ru/8.1/data/ui/style" xmlns:sys="http://v8.1c.ru/8.1/data/ui/fonts/system" xmlns:v8="http://v8.1c.ru/8.1/data/core" xmlns:v8ui="http://v8.1c.ru/8.1/data/ui" xmlns:web="http://v8.1c.ru/8.1/data/ui/colors/web" xmlns:win="http://v8.1c.ru/8.1/data/ui/colors/windows" xmlns:xen="http://v8.1c.ru/8.3/xcf/enums" xmlns:xpr="http://v8.1c.ru/8.3/xcf/predef" xmlns:xr="http://v8.1c.ru/8.3/xcf/readable" xmlns:xs="http://www.w3.org/2001/XMLSchema" xmlns:xsi="http://www.w3.org/2001/XMLSchema-instance" version="2.18">
	<Catalog uuid="5d023ee7-e914-4cad-8910-bbbb567a2eae">
		<InternalInfo>
			<xr:GeneratedType name="CatalogObject.Склады" category="Object">
				<xr:TypeId>35c5d430-5655-4c1f-92d4-89c2c0323945</xr:TypeId>
				<xr:ValueId>088a6c51-ad50-4b9c-8d10-80244dc2d95f</xr:ValueId>
			</xr:GeneratedType>
			<xr:GeneratedType name="CatalogRef.Склады" category="Ref">
				<xr:TypeId>73769bf1-39bb-41b6-8ce4-d2bf0ddc5c50</xr:TypeId>
				<xr:ValueId>a09beae9-9fca-4b48-a44d-b9c7231f0b00</xr:ValueId>
			</xr:GeneratedType>
			<xr:GeneratedType name="CatalogSelection.Склады" category="Selection">
				<xr:TypeId>70b42821-39e0-40a9-b396-0ca0f4c8c9f4</xr:TypeId>
				<xr:ValueId>94416f92-2112-4097-8a9c-15407e44de96</xr:ValueId>
			</xr:GeneratedType>
			<xr:GeneratedType name="CatalogList.Склады" category="List">
				<xr:TypeId>9bf8f46e-9dec-4e92-b99a-30a64026ceef</xr:TypeId>
				<xr:ValueId>14aa47a6-427e-47a9-acd2-8b50beb49561</xr:ValueId>
			</xr:GeneratedType>
			<xr:GeneratedType name="CatalogManager.Склады" category="Manager">
				<xr:TypeId>f25a4c99-11cd-4615-83e6-53bf6640469c</xr:TypeId>
				<xr:ValueId>e62c4ab4-6df0-44ce-b3da-77e3e0f03ec7</xr:ValueId>
			</xr:GeneratedType>
		</InternalInfo>
		<Properties>
			<ObjectBelonging>Adopted</ObjectBelonging>
			<Name>Склады</Name>
			<Comment/>
			<ExtendedConfigurationObject>c99983ef-6d61-4309-8c45-0ca81be73a41</ExtendedConfigurationObject>
		</Properties>
		<ChildObjects/>
	</Catalog>
</MetaDataObject>