﻿<?xml version="1.0" encoding="UTF-8"?>
<MetaDataObject xmlns="http://v8.1c.ru/8.3/MDClasses" xmlns:app="http://v8.1c.ru/8.2/managed-application/core" xmlns:cfg="http://v8.1c.ru/8.1/data/enterprise/current-config" xmlns:cmi="http://v8.1c.ru/8.2/managed-application/cmi" xmlns:ent="http://v8.1c.ru/8.1/data/enterprise" xmlns:lf="http://v8.1c.ru/8.2/managed-application/logform" xmlns:style="http://v8.1c.ru/8.1/data/ui/style" xmlns:sys="http://v8.1c.ru/8.1/data/ui/fonts/system" xmlns:v8="http://v8.1c.ru/8.1/data/core" xmlns:v8ui="http://v8.1c.ru/8.1/data/ui" xmlns:web="http://v8.1c.ru/8.1/data/ui/colors/web" xmlns:win="http://v8.1c.ru/8.1/data/ui/colors/windows" xmlns:xen="http://v8.1c.ru/8.3/xcf/enums" xmlns:xpr="http://v8.1c.ru/8.3/xcf/predef" xmlns:xr="http://v8.1c.ru/8.3/xcf/readable" xmlns:xs="http://www.w3.org/2001/XMLSchema" xmlns:xsi="http://www.w3.org/2001/XMLSchema-instance" version="2.18">
	<Catalog uuid="e5d2121f-2358-4382-a90c-b5da3c6a91d6">
		<InternalInfo>
			<xr:GeneratedType name="CatalogObject.ТипыЦенНоменклатуры" category="Object">
				<xr:TypeId>01e68594-514f-4b83-a359-13c59ba59202</xr:TypeId>
				<xr:ValueId>dc770bfc-db51-49c1-8188-5b26048a1cf1</xr:ValueId>
			</xr:GeneratedType>
			<xr:GeneratedType name="CatalogRef.ТипыЦенНоменклатуры" category="Ref">
				<xr:TypeId>954784e8-7cee-4357-8eb9-3b31eee00cb3</xr:TypeId>
				<xr:ValueId>21eab6c0-a6b8-442e-a4fe-165d9b8e9352</xr:ValueId>
			</xr:GeneratedType>
			<xr:GeneratedType name="CatalogSelection.ТипыЦенНоменклатуры" category="Selection">
				<xr:TypeId>17c7d2cf-b4da-4c78-a94b-6808128bdabb</xr:TypeId>
				<xr:ValueId>a395366a-671c-4bde-99bb-ee7f3718e219</xr:ValueId>
			</xr:GeneratedType>
			<xr:GeneratedType name="CatalogList.ТипыЦенНоменклатуры" category="List">
				<xr:TypeId>13cdea37-fa5b-4dc9-9f6a-2aee0d24560b</xr:TypeId>
				<xr:ValueId>b01be0e1-f4ef-4454-9bce-04723d0803b6</xr:ValueId>
			</xr:GeneratedType>
			<xr:GeneratedType name="CatalogManager.ТипыЦенНоменклатуры" category="Manager">
				<xr:TypeId>d61b072d-5577-48df-9190-0ecf22b76f4c</xr:TypeId>
				<xr:ValueId>6bcea62d-9f83-4572-beb4-accc3ce6fc62</xr:ValueId>
			</xr:GeneratedType>
		</InternalInfo>
		<Properties>
			<ObjectBelonging>Adopted</ObjectBelonging>
			<Name>ТипыЦенНоменклатуры</Name>
			<Comment/>
			<ExtendedConfigurationObject>8dadd743-7db2-40c0-a080-2b6926ff314d</ExtendedConfigurationObject>
		</Properties>
		<ChildObjects/>
	</Catalog>
</MetaDataObject>