﻿<?xml version="1.0" encoding="UTF-8"?>
<MetaDataObject xmlns="http://v8.1c.ru/8.3/MDClasses" xmlns:app="http://v8.1c.ru/8.2/managed-application/core" xmlns:cfg="http://v8.1c.ru/8.1/data/enterprise/current-config" xmlns:cmi="http://v8.1c.ru/8.2/managed-application/cmi" xmlns:ent="http://v8.1c.ru/8.1/data/enterprise" xmlns:lf="http://v8.1c.ru/8.2/managed-application/logform" xmlns:style="http://v8.1c.ru/8.1/data/ui/style" xmlns:sys="http://v8.1c.ru/8.1/data/ui/fonts/system" xmlns:v8="http://v8.1c.ru/8.1/data/core" xmlns:v8ui="http://v8.1c.ru/8.1/data/ui" xmlns:web="http://v8.1c.ru/8.1/data/ui/colors/web" xmlns:win="http://v8.1c.ru/8.1/data/ui/colors/windows" xmlns:xen="http://v8.1c.ru/8.3/xcf/enums" xmlns:xpr="http://v8.1c.ru/8.3/xcf/predef" xmlns:xr="http://v8.1c.ru/8.3/xcf/readable" xmlns:xs="http://www.w3.org/2001/XMLSchema" xmlns:xsi="http://www.w3.org/2001/XMLSchema-instance" version="2.18">
	<Catalog uuid="4d45f709-abc4-4020-bfe5-0173421ab2a5">
		<InternalInfo>
			<xr:GeneratedType name="CatalogObject.Размер" category="Object">
				<xr:TypeId>465d9cf6-8ff7-48b5-8ece-c5d9d9256fc1</xr:TypeId>
				<xr:ValueId>304147dd-b9bd-405b-a220-ed418e14f403</xr:ValueId>
			</xr:GeneratedType>
			<xr:GeneratedType name="CatalogRef.Размер" category="Ref">
				<xr:TypeId>a7e83822-ff25-43e2-ab48-ce9e240a0896</xr:TypeId>
				<xr:ValueId>288413e1-c6ac-4035-89ea-51d64e422176</xr:ValueId>
			</xr:GeneratedType>
			<xr:GeneratedType name="CatalogSelection.Размер" category="Selection">
				<xr:TypeId>ebf9cc11-f3f4-4f97-becc-0881eec1af14</xr:TypeId>
				<xr:ValueId>1d719dd1-9327-4b2a-84e0-b75faa23f936</xr:ValueId>
			</xr:GeneratedType>
			<xr:GeneratedType name="CatalogList.Размер" category="List">
				<xr:TypeId>d5b9592a-51de-48a8-83d5-de006d5d4713</xr:TypeId>
				<xr:ValueId>e97a668d-c5bd-4fe5-990f-d6e69438d2bf</xr:ValueId>
			</xr:GeneratedType>
			<xr:GeneratedType name="CatalogManager.Размер" category="Manager">
				<xr:TypeId>3cdd5465-a8f9-4689-91e6-0d0c8c539262</xr:TypeId>
				<xr:ValueId>105383dc-fc6f-4056-b5f8-9a42f136a442</xr:ValueId>
			</xr:GeneratedType>
		</InternalInfo>
		<Properties>
			<ObjectBelonging>Adopted</ObjectBelonging>
			<Name>Размер</Name>
			<Comment/>
			<ExtendedConfigurationObject>17945c68-d097-4d44-9af6-0ae33ee63d6d</ExtendedConfigurationObject>
		</Properties>
		<ChildObjects/>
	</Catalog>
</MetaDataObject>