﻿<?xml version="1.0" encoding="UTF-8"?>
<MetaDataObject xmlns="http://v8.1c.ru/8.3/MDClasses" xmlns:app="http://v8.1c.ru/8.2/managed-application/core" xmlns:cfg="http://v8.1c.ru/8.1/data/enterprise/current-config" xmlns:cmi="http://v8.1c.ru/8.2/managed-application/cmi" xmlns:ent="http://v8.1c.ru/8.1/data/enterprise" xmlns:lf="http://v8.1c.ru/8.2/managed-application/logform" xmlns:style="http://v8.1c.ru/8.1/data/ui/style" xmlns:sys="http://v8.1c.ru/8.1/data/ui/fonts/system" xmlns:v8="http://v8.1c.ru/8.1/data/core" xmlns:v8ui="http://v8.1c.ru/8.1/data/ui" xmlns:web="http://v8.1c.ru/8.1/data/ui/colors/web" xmlns:win="http://v8.1c.ru/8.1/data/ui/colors/windows" xmlns:xen="http://v8.1c.ru/8.3/xcf/enums" xmlns:xpr="http://v8.1c.ru/8.3/xcf/predef" xmlns:xr="http://v8.1c.ru/8.3/xcf/readable" xmlns:xs="http://www.w3.org/2001/XMLSchema" xmlns:xsi="http://www.w3.org/2001/XMLSchema-instance" version="2.18">
	<Catalog uuid="dafcd494-0262-4608-873f-434fcd9e888b">
		<InternalInfo>
			<xr:GeneratedType name="CatalogObject.Подразделения" category="Object">
				<xr:TypeId>8526566b-bcee-4923-a5f9-e9c04a875ed7</xr:TypeId>
				<xr:ValueId>bacfe447-fea4-458b-843f-7659d8864252</xr:ValueId>
			</xr:GeneratedType>
			<xr:GeneratedType name="CatalogRef.Подразделения" category="Ref">
				<xr:TypeId>1ae1c578-49b3-4ca0-a3b9-80b6b0a6f203</xr:TypeId>
				<xr:ValueId>3e9b7fe3-d835-42fe-bce6-94d23a16ae1f</xr:ValueId>
			</xr:GeneratedType>
			<xr:GeneratedType name="CatalogSelection.Подразделения" category="Selection">
				<xr:TypeId>1c78e8b1-07ae-4ae9-bd83-f6e0a4822027</xr:TypeId>
				<xr:ValueId>16e1d95f-5aa8-41a9-80a4-facf97877a5a</xr:ValueId>
			</xr:GeneratedType>
			<xr:GeneratedType name="CatalogList.Подразделения" category="List">
				<xr:TypeId>2c4d4fb6-43f5-46dd-9406-1e16a92cb84f</xr:TypeId>
				<xr:ValueId>5375a615-5884-4ade-8d1c-7841f82a2549</xr:ValueId>
			</xr:GeneratedType>
			<xr:GeneratedType name="CatalogManager.Подразделения" category="Manager">
				<xr:TypeId>618ca6f1-3dbc-48d5-a0af-874be4029129</xr:TypeId>
				<xr:ValueId>a13e2c98-1f39-4801-a787-79f6766826a3</xr:ValueId>
			</xr:GeneratedType>
		</InternalInfo>
		<Properties>
			<ObjectBelonging>Adopted</ObjectBelonging>
			<Name>Подразделения</Name>
			<Comment/>
			<ExtendedConfigurationObject>0f540918-e1d1-4169-b574-58e2724a48c7</ExtendedConfigurationObject>
		</Properties>
		<ChildObjects/>
	</Catalog>
</MetaDataObject>