﻿<?xml version="1.0" encoding="UTF-8"?>
<MetaDataObject xmlns="http://v8.1c.ru/8.3/MDClasses" xmlns:app="http://v8.1c.ru/8.2/managed-application/core" xmlns:cfg="http://v8.1c.ru/8.1/data/enterprise/current-config" xmlns:cmi="http://v8.1c.ru/8.2/managed-application/cmi" xmlns:ent="http://v8.1c.ru/8.1/data/enterprise" xmlns:lf="http://v8.1c.ru/8.2/managed-application/logform" xmlns:style="http://v8.1c.ru/8.1/data/ui/style" xmlns:sys="http://v8.1c.ru/8.1/data/ui/fonts/system" xmlns:v8="http://v8.1c.ru/8.1/data/core" xmlns:v8ui="http://v8.1c.ru/8.1/data/ui" xmlns:web="http://v8.1c.ru/8.1/data/ui/colors/web" xmlns:win="http://v8.1c.ru/8.1/data/ui/colors/windows" xmlns:xen="http://v8.1c.ru/8.3/xcf/enums" xmlns:xpr="http://v8.1c.ru/8.3/xcf/predef" xmlns:xr="http://v8.1c.ru/8.3/xcf/readable" xmlns:xs="http://www.w3.org/2001/XMLSchema" xmlns:xsi="http://www.w3.org/2001/XMLSchema-instance" version="2.18">
	<Catalog uuid="a3f4673d-7e5f-4fc6-8b19-836d075af627">
		<InternalInfo>
			<xr:GeneratedType name="CatalogObject.Пробы" category="Object">
				<xr:TypeId>3ba917dd-5c94-4c37-a6b7-e13ba3f6fe80</xr:TypeId>
				<xr:ValueId>a3e7e95a-1e2a-448a-8fc8-3f8473385e9d</xr:ValueId>
			</xr:GeneratedType>
			<xr:GeneratedType name="CatalogRef.Пробы" category="Ref">
				<xr:TypeId>6657b396-6b5d-4be8-8a80-adba222e4cfd</xr:TypeId>
				<xr:ValueId>052d53f2-908e-4d9e-b183-6a04e1150df8</xr:ValueId>
			</xr:GeneratedType>
			<xr:GeneratedType name="CatalogSelection.Пробы" category="Selection">
				<xr:TypeId>3e85c057-dbaa-41e8-aab3-9cea1a8dcd95</xr:TypeId>
				<xr:ValueId>66f1790c-3ea0-44e2-9b0e-ed94f7d5e00e</xr:ValueId>
			</xr:GeneratedType>
			<xr:GeneratedType name="CatalogList.Пробы" category="List">
				<xr:TypeId>7b7937c1-d4e0-46e5-9b69-af92eccbde2a</xr:TypeId>
				<xr:ValueId>d962d1ad-8339-42b9-aeb4-fd6dbbd4a3b2</xr:ValueId>
			</xr:GeneratedType>
			<xr:GeneratedType name="CatalogManager.Пробы" category="Manager">
				<xr:TypeId>fe0a7706-3ec0-415e-9267-41d75a9f4869</xr:TypeId>
				<xr:ValueId>6d4a5871-8744-42f3-a198-0f0e8ef0d935</xr:ValueId>
			</xr:GeneratedType>
		</InternalInfo>
		<Properties>
			<ObjectBelonging>Adopted</ObjectBelonging>
			<Name>Пробы</Name>
			<Comment/>
			<ExtendedConfigurationObject>e93a5508-3d42-4f68-a9df-17aba3cbaa98</ExtendedConfigurationObject>
		</Properties>
		<ChildObjects/>
	</Catalog>
</MetaDataObject>