﻿<?xml version="1.0" encoding="UTF-8"?>
<MetaDataObject xmlns="http://v8.1c.ru/8.3/MDClasses" xmlns:app="http://v8.1c.ru/8.2/managed-application/core" xmlns:cfg="http://v8.1c.ru/8.1/data/enterprise/current-config" xmlns:cmi="http://v8.1c.ru/8.2/managed-application/cmi" xmlns:ent="http://v8.1c.ru/8.1/data/enterprise" xmlns:lf="http://v8.1c.ru/8.2/managed-application/logform" xmlns:style="http://v8.1c.ru/8.1/data/ui/style" xmlns:sys="http://v8.1c.ru/8.1/data/ui/fonts/system" xmlns:v8="http://v8.1c.ru/8.1/data/core" xmlns:v8ui="http://v8.1c.ru/8.1/data/ui" xmlns:web="http://v8.1c.ru/8.1/data/ui/colors/web" xmlns:win="http://v8.1c.ru/8.1/data/ui/colors/windows" xmlns:xen="http://v8.1c.ru/8.3/xcf/enums" xmlns:xpr="http://v8.1c.ru/8.3/xcf/predef" xmlns:xr="http://v8.1c.ru/8.3/xcf/readable" xmlns:xs="http://www.w3.org/2001/XMLSchema" xmlns:xsi="http://www.w3.org/2001/XMLSchema-instance" version="2.18">
	<Catalog uuid="20cba640-c1be-45b0-bab0-e5bc44c1b6ce">
		<InternalInfo>
			<xr:GeneratedType name="CatalogObject.Проекты" category="Object">
				<xr:TypeId>8718c913-363d-45db-93d3-2fc15f09ea49</xr:TypeId>
				<xr:ValueId>c604fec6-fdcc-4d14-8941-cb47d333a85a</xr:ValueId>
			</xr:GeneratedType>
			<xr:GeneratedType name="CatalogRef.Проекты" category="Ref">
				<xr:TypeId>002a78f2-d1b9-480a-a371-d68a638256e4</xr:TypeId>
				<xr:ValueId>736cef3c-a792-479e-b53e-a970ec6f666a</xr:ValueId>
			</xr:GeneratedType>
			<xr:GeneratedType name="CatalogSelection.Проекты" category="Selection">
				<xr:TypeId>1ada42d1-c9f5-445c-be9a-8615d044d8ef</xr:TypeId>
				<xr:ValueId>d5a74d2f-3c09-42f6-8838-4073d90ee97d</xr:ValueId>
			</xr:GeneratedType>
			<xr:GeneratedType name="CatalogList.Проекты" category="List">
				<xr:TypeId>2e037f86-2ec8-4fd5-a5d4-877884ba5e83</xr:TypeId>
				<xr:ValueId>6dd20c65-1b72-426f-8e0b-e51590d414b1</xr:ValueId>
			</xr:GeneratedType>
			<xr:GeneratedType name="CatalogManager.Проекты" category="Manager">
				<xr:TypeId>a4cc7e67-71e3-4a66-bdf2-9f5037e5adf4</xr:TypeId>
				<xr:ValueId>207ae3c5-ff54-4775-81f8-298289d538d7</xr:ValueId>
			</xr:GeneratedType>
		</InternalInfo>
		<Properties>
			<ObjectBelonging>Adopted</ObjectBelonging>
			<Name>Проекты</Name>
			<Comment/>
			<ExtendedConfigurationObject>3f867cba-7151-410d-9bbf-4389dcc53817</ExtendedConfigurationObject>
		</Properties>
		<ChildObjects/>
	</Catalog>
</MetaDataObject>