﻿<?xml version="1.0" encoding="UTF-8"?>
<MetaDataObject xmlns="http://v8.1c.ru/8.3/MDClasses" xmlns:app="http://v8.1c.ru/8.2/managed-application/core" xmlns:cfg="http://v8.1c.ru/8.1/data/enterprise/current-config" xmlns:cmi="http://v8.1c.ru/8.2/managed-application/cmi" xmlns:ent="http://v8.1c.ru/8.1/data/enterprise" xmlns:lf="http://v8.1c.ru/8.2/managed-application/logform" xmlns:style="http://v8.1c.ru/8.1/data/ui/style" xmlns:sys="http://v8.1c.ru/8.1/data/ui/fonts/system" xmlns:v8="http://v8.1c.ru/8.1/data/core" xmlns:v8ui="http://v8.1c.ru/8.1/data/ui" xmlns:web="http://v8.1c.ru/8.1/data/ui/colors/web" xmlns:win="http://v8.1c.ru/8.1/data/ui/colors/windows" xmlns:xen="http://v8.1c.ru/8.3/xcf/enums" xmlns:xpr="http://v8.1c.ru/8.3/xcf/predef" xmlns:xr="http://v8.1c.ru/8.3/xcf/readable" xmlns:xs="http://www.w3.org/2001/XMLSchema" xmlns:xsi="http://www.w3.org/2001/XMLSchema-instance" version="2.18">
	<Catalog uuid="72e428c5-913a-4602-b021-eb3467d54a53">
		<InternalInfo>
			<xr:GeneratedType name="CatalogObject.Покрытие" category="Object">
				<xr:TypeId>bad75d51-61b4-4d84-9214-43294b9dbc9d</xr:TypeId>
				<xr:ValueId>32748baf-990e-423f-a8de-44d0035be877</xr:ValueId>
			</xr:GeneratedType>
			<xr:GeneratedType name="CatalogRef.Покрытие" category="Ref">
				<xr:TypeId>69b365cb-64fe-44ad-9c21-4409b722231d</xr:TypeId>
				<xr:ValueId>cd3e2bc7-1b97-48ed-9b24-940ca152710c</xr:ValueId>
			</xr:GeneratedType>
			<xr:GeneratedType name="CatalogSelection.Покрытие" category="Selection">
				<xr:TypeId>bd99218a-915f-4a98-948c-93b6cf55ffca</xr:TypeId>
				<xr:ValueId>b8d3b152-79fd-4ac2-8e15-62c9536f5108</xr:ValueId>
			</xr:GeneratedType>
			<xr:GeneratedType name="CatalogList.Покрытие" category="List">
				<xr:TypeId>847c3461-637e-4e3c-a656-342fe6b12c9a</xr:TypeId>
				<xr:ValueId>26fc43f8-aa0a-454b-8591-930350a3cee2</xr:ValueId>
			</xr:GeneratedType>
			<xr:GeneratedType name="CatalogManager.Покрытие" category="Manager">
				<xr:TypeId>72f9b9cd-7a06-41f4-ad96-b262babae86b</xr:TypeId>
				<xr:ValueId>ddf7dec2-2d4f-406c-850f-3b2af4adc172</xr:ValueId>
			</xr:GeneratedType>
		</InternalInfo>
		<Properties>
			<ObjectBelonging>Adopted</ObjectBelonging>
			<Name>Покрытие</Name>
			<Comment/>
			<ExtendedConfigurationObject>4e4218f0-f3a7-4abe-bc9c-9439a753bf8e</ExtendedConfigurationObject>
		</Properties>
		<ChildObjects/>
	</Catalog>
</MetaDataObject>