﻿<?xml version="1.0" encoding="UTF-8"?>
<MetaDataObject xmlns="http://v8.1c.ru/8.3/MDClasses" xmlns:app="http://v8.1c.ru/8.2/managed-application/core" xmlns:cfg="http://v8.1c.ru/8.1/data/enterprise/current-config" xmlns:cmi="http://v8.1c.ru/8.2/managed-application/cmi" xmlns:ent="http://v8.1c.ru/8.1/data/enterprise" xmlns:lf="http://v8.1c.ru/8.2/managed-application/logform" xmlns:style="http://v8.1c.ru/8.1/data/ui/style" xmlns:sys="http://v8.1c.ru/8.1/data/ui/fonts/system" xmlns:v8="http://v8.1c.ru/8.1/data/core" xmlns:v8ui="http://v8.1c.ru/8.1/data/ui" xmlns:web="http://v8.1c.ru/8.1/data/ui/colors/web" xmlns:win="http://v8.1c.ru/8.1/data/ui/colors/windows" xmlns:xen="http://v8.1c.ru/8.3/xcf/enums" xmlns:xpr="http://v8.1c.ru/8.3/xcf/predef" xmlns:xr="http://v8.1c.ru/8.3/xcf/readable" xmlns:xs="http://www.w3.org/2001/XMLSchema" xmlns:xsi="http://www.w3.org/2001/XMLSchema-instance" version="2.18">
	<Document uuid="fdb37f1f-2e69-4018-b4e0-81062a43ef0e">
		<InternalInfo>
			<xr:GeneratedType name="DocumentObject.ОтчетКомиссионераОПродажах" category="Object">
				<xr:TypeId>afa7a796-d973-40df-ad58-8f92aac3926b</xr:TypeId>
				<xr:ValueId>a8df4750-3070-4dfa-ac95-1f74e9f81282</xr:ValueId>
			</xr:GeneratedType>
			<xr:GeneratedType name="DocumentRef.ОтчетКомиссионераОПродажах" category="Ref">
				<xr:TypeId>c4e73611-447a-47ac-be12-35540cff194a</xr:TypeId>
				<xr:ValueId>d7c4ed83-4fda-4af2-8f9b-6d3c4821e22f</xr:ValueId>
			</xr:GeneratedType>
			<xr:GeneratedType name="DocumentSelection.ОтчетКомиссионераОПродажах" category="Selection">
				<xr:TypeId>81036d55-bcc2-4173-9c04-e3802be32128</xr:TypeId>
				<xr:ValueId>cca50119-f797-4af0-b50b-795215a3e121</xr:ValueId>
			</xr:GeneratedType>
			<xr:GeneratedType name="DocumentList.ОтчетКомиссионераОПродажах" category="List">
				<xr:TypeId>32ff03e2-a967-4fd8-87a6-5ef6058bf823</xr:TypeId>
				<xr:ValueId>9be74364-edeb-41ca-9855-0842c22752b0</xr:ValueId>
			</xr:GeneratedType>
			<xr:GeneratedType name="DocumentManager.ОтчетКомиссионераОПродажах" category="Manager">
				<xr:TypeId>5c603430-afee-4716-b439-be6fffea0070</xr:TypeId>
				<xr:ValueId>6a57452b-fa47-477a-88b3-167cbb9dba3b</xr:ValueId>
			</xr:GeneratedType>
		</InternalInfo>
		<Properties>
			<ObjectBelonging>Adopted</ObjectBelonging>
			<Name>ОтчетКомиссионераОПродажах</Name>
			<Comment/>
			<ExtendedConfigurationObject>ca644f90-a283-4e20-8e01-3ba650ed1bb7</ExtendedConfigurationObject>
			<NumberType>String</NumberType>
			<NumberLength>11</NumberLength>
			<NumberAllowedLength>Fixed</NumberAllowedLength>
			<RegisterRecords/>
		</Properties>
		<ChildObjects>
			<Attribute uuid="03d2a5e5-98fc-4bb0-867c-c0853701edf1">
				<InternalInfo/>
				<Properties>
					<ObjectBelonging>Adopted</ObjectBelonging>
					<Name>СпособРасчетаКомиссионногоВознаграждения</Name>
					<Comment/>
					<ExtendedConfigurationObject>51875ab5-fe21-4b12-a0d7-eff97f38ece2</ExtendedConfigurationObject>
					<Type>
						<v8:Type>cfg:EnumRef.СпособыРасчетаКомиссионногоВознаграждения</v8:Type>
					</Type>
				</Properties>
			</Attribute>
			<Attribute uuid="708c2a0b-2443-4722-a831-be783a63932d">
				<InternalInfo/>
				<Properties>
					<ObjectBelonging>Adopted</ObjectBelonging>
					<Name>ПроцентКомиссионногоВознаграждения</Name>
					<Comment/>
					<ExtendedConfigurationObject>40fee100-ec2f-4e0f-9862-a8de67b92426</ExtendedConfigurationObject>
					<Type>
						<v8:Type>xs:decimal</v8:Type>
						<v8:NumberQualifiers>
							<v8:Digits>5</v8:Digits>
							<v8:FractionDigits>2</v8:FractionDigits>
							<v8:AllowedSign>Any</v8:AllowedSign>
						</v8:NumberQualifiers>
					</Type>
				</Properties>
			</Attribute>
			<Attribute uuid="ca20b382-79b9-43af-9e7b-e78e1d0b06a2">
				<InternalInfo/>
				<Properties>
					<ObjectBelonging>Adopted</ObjectBelonging>
					<Name>Контрагент</Name>
					<Comment/>
					<ExtendedConfigurationObject>ca81fdc8-aec7-4dce-a4f6-c4919d524982</ExtendedConfigurationObject>
					<Type>
						<v8:Type>cfg:CatalogRef.Контрагенты</v8:Type>
					</Type>
				</Properties>
			</Attribute>
			<Attribute uuid="8cac97ff-232a-4b98-9231-42562d33c54f">
				<InternalInfo/>
				<Properties>
					<ObjectBelonging>Adopted</ObjectBelonging>
					<Name>Организация</Name>
					<Comment/>
					<ExtendedConfigurationObject>76d98cb7-90b2-4e55-8e2b-7865a8d61e56</ExtendedConfigurationObject>
					<Type>
						<v8:Type>cfg:CatalogRef.Организации</v8:Type>
					</Type>
				</Properties>
			</Attribute>
			<Attribute uuid="0b95866b-5cf7-4fe4-be13-ba3cfcc12476">
				<InternalInfo/>
				<Properties>
					<ObjectBelonging>Adopted</ObjectBelonging>
					<Name>Сделка</Name>
					<Comment/>
					<ExtendedConfigurationObject>1b74d427-cb45-44b3-899d-830ebe2a309e</ExtendedConfigurationObject>
					<Type>
						<v8:TypeSet>cfg:AnyRef</v8:TypeSet>
					</Type>
				</Properties>
			</Attribute>
			<Attribute uuid="08cac5a4-7586-4912-a330-46fca0f67459">
				<InternalInfo/>
				<Properties>
					<ObjectBelonging>Adopted</ObjectBelonging>
					<Name>СтавкаНДСВознаграждения</Name>
					<Comment/>
					<ExtendedConfigurationObject>b3104a32-5b51-46d7-beff-2cd6638ff7f5</ExtendedConfigurationObject>
					<Type>
						<v8:Type>cfg:EnumRef.СтавкиНДС</v8:Type>
					</Type>
				</Properties>
			</Attribute>
			<Attribute uuid="cd96519b-4c3f-4e80-82a6-ef5d34558e1e">
				<InternalInfo/>
				<Properties>
					<ObjectBelonging>Adopted</ObjectBelonging>
					<Name>ДоговорКонтрагента</Name>
					<Comment/>
					<ExtendedConfigurationObject>fb3866a0-34ed-4f8d-af40-28bc22972eeb</ExtendedConfigurationObject>
					<Type>
						<v8:Type>cfg:CatalogRef.ДоговорыКонтрагентов</v8:Type>
					</Type>
				</Properties>
			</Attribute>
			<Attribute uuid="e7df2e52-f598-468a-881f-65e69c869ee2">
				<InternalInfo/>
				<Properties>
					<ObjectBelonging>Adopted</ObjectBelonging>
					<Name>УдержатьКомиссионноеВознаграждение</Name>
					<Comment/>
					<ExtendedConfigurationObject>7ee70eb3-9e01-4851-942c-31407592c669</ExtendedConfigurationObject>
					<Type>
						<v8:Type>xs:boolean</v8:Type>
					</Type>
				</Properties>
			</Attribute>
			<Attribute uuid="af40b44f-b534-4853-8d91-ca5f7feaad71">
				<InternalInfo/>
				<Properties>
					<ObjectBelonging>Adopted</ObjectBelonging>
					<Name>ДокументОснование</Name>
					<Comment/>
					<ExtendedConfigurationObject>c9b389fd-5e0a-4a07-bf03-ddbdaf20a0b3</ExtendedConfigurationObject>
					<Type>
						<v8:TypeSet>cfg:DocumentRef</v8:TypeSet>
					</Type>
				</Properties>
			</Attribute>
			<Attribute uuid="c2e9c599-f99f-44bd-a351-c486ce579beb">
				<InternalInfo/>
				<Properties>
					<ObjectBelonging>Adopted</ObjectBelonging>
					<Name>УсловияОплаты</Name>
					<Comment/>
					<ExtendedConfigurationObject>35c2c442-fda8-4802-94ee-1e24fe05586c</ExtendedConfigurationObject>
					<Type>
						<v8:Type>cfg:CatalogRef.УсловияОплаты</v8:Type>
					</Type>
				</Properties>
			</Attribute>
			<Attribute uuid="f94c137c-dcbd-45f4-ae59-13e00206b3ae">
				<InternalInfo/>
				<Properties>
					<ObjectBelonging>Adopted</ObjectBelonging>
					<Name>НомерВходящегоДокумента</Name>
					<Comment/>
					<ExtendedConfigurationObject>d94d2bf8-05de-4fc1-950e-edd60d3ece2f</ExtendedConfigurationObject>
					<Type>
						<v8:Type>xs:string</v8:Type>
						<v8:StringQualifiers>
							<v8:Length>30</v8:Length>
							<v8:AllowedLength>Variable</v8:AllowedLength>
						</v8:StringQualifiers>
					</Type>
				</Properties>
			</Attribute>
			<Attribute uuid="461e30fa-b22e-4e22-8673-82616d75d5f0">
				<InternalInfo/>
				<Properties>
					<ObjectBelonging>Adopted</ObjectBelonging>
					<Name>ДатаВходящегоДокумента</Name>
					<Comment/>
					<ExtendedConfigurationObject>5e34a620-a867-4013-b4a3-428d9c362485</ExtendedConfigurationObject>
					<Type>
						<v8:Type>xs:dateTime</v8:Type>
						<v8:DateQualifiers>
							<v8:DateFractions>Date</v8:DateFractions>
						</v8:DateQualifiers>
					</Type>
				</Properties>
			</Attribute>
			<Attribute uuid="ba283f56-b0e4-4e2d-aa47-2cd6506b52cf">
				<InternalInfo/>
				<Properties>
					<ObjectBelonging>Adopted</ObjectBelonging>
					<Name>НоменклатурнаяГруппа</Name>
					<Comment/>
					<ExtendedConfigurationObject>c691b12f-efb8-4ec6-84de-0653740e6cb3</ExtendedConfigurationObject>
					<Type>
						<v8:Type>cfg:CatalogRef.НоменклатурныеГруппы</v8:Type>
					</Type>
				</Properties>
			</Attribute>
			<Attribute uuid="2f6751e5-6dbc-4626-b50b-cbe711a56ab6">
				<InternalInfo/>
				<Properties>
					<ObjectBelonging>Adopted</ObjectBelonging>
					<Name>СтатьяЗатрат</Name>
					<Comment/>
					<ExtendedConfigurationObject>b689840a-dc7a-433d-9ed6-607cb8bd5a45</ExtendedConfigurationObject>
					<Type>
						<v8:Type>cfg:CatalogRef.СтатьиЗатрат</v8:Type>
					</Type>
				</Properties>
			</Attribute>
			<Attribute uuid="0d9bd6f4-312c-41c6-a9d5-aa74b3eed7e7">
				<InternalInfo/>
				<Properties>
					<ObjectBelonging>Adopted</ObjectBelonging>
					<Name>Ответственный</Name>
					<Comment/>
					<ExtendedConfigurationObject>25856566-cf24-4856-9864-f12d87ac0827</ExtendedConfigurationObject>
					<Type>
						<v8:Type>cfg:CatalogRef.Пользователи</v8:Type>
					</Type>
				</Properties>
			</Attribute>
			<Attribute uuid="fd54002e-7788-4e96-a417-f0d38550304f">
				<InternalInfo/>
				<Properties>
					<ObjectBelonging>Adopted</ObjectBelonging>
					<Name>ХозяйственнаяОперация</Name>
					<Comment/>
					<ExtendedConfigurationObject>523a06ff-b99d-4bb0-acfc-856acd49d4ac</ExtendedConfigurationObject>
					<Type>
						<v8:Type>cfg:CatalogRef.ХозяйственныеОперации</v8:Type>
					</Type>
				</Properties>
			</Attribute>
			<Attribute uuid="e6efa3cd-c3ed-4cd2-b4f7-c147c554c792">
				<InternalInfo/>
				<Properties>
					<ObjectBelonging>Adopted</ObjectBelonging>
					<Name>Подразделение</Name>
					<Comment/>
					<ExtendedConfigurationObject>f880196e-fe32-41c9-9b24-6c54af543f2d</ExtendedConfigurationObject>
					<Type>
						<v8:Type>cfg:CatalogRef.Подразделения</v8:Type>
					</Type>
				</Properties>
			</Attribute>
			<Attribute uuid="35496c68-d9bf-45a5-b002-7b59b9fe5efe">
				<InternalInfo/>
				<Properties>
					<ObjectBelonging>Adopted</ObjectBelonging>
					<Name>Проект</Name>
					<Comment/>
					<ExtendedConfigurationObject>6ca0b4f6-e9b3-4b63-b841-bfc7ac78ed76</ExtendedConfigurationObject>
					<Type>
						<v8:Type>cfg:CatalogRef.Проекты</v8:Type>
					</Type>
				</Properties>
			</Attribute>
			<Attribute uuid="a9628fc0-e9c1-4a72-abf7-2178b0d2a452">
				<InternalInfo/>
				<Properties>
					<ObjectBelonging>Adopted</ObjectBelonging>
					<Name>ВыписыватьСчетаФактурыСводно</Name>
					<Comment/>
					<ExtendedConfigurationObject>6ee8b57f-1ec0-4b0f-aecb-62fdfc822e8a</ExtendedConfigurationObject>
					<Type>
						<v8:Type>xs:boolean</v8:Type>
					</Type>
				</Properties>
			</Attribute>
			<Attribute uuid="f514e8b5-bb44-4873-981c-b8e110226438">
				<InternalInfo/>
				<Properties>
					<ObjectBelonging>Adopted</ObjectBelonging>
					<Name>Комментарий</Name>
					<Comment/>
					<ExtendedConfigurationObject>e884711e-da7a-4275-931a-edcf33d7ddd9</ExtendedConfigurationObject>
					<Type>
						<v8:Type>xs:string</v8:Type>
						<v8:StringQualifiers>
							<v8:Length>0</v8:Length>
							<v8:AllowedLength>Variable</v8:AllowedLength>
						</v8:StringQualifiers>
					</Type>
				</Properties>
			</Attribute>
			<Attribute uuid="81a2c92c-9662-4860-a579-34844e29e013">
				<Properties>
					<Name>B1_ДатаНачалаПериодаДанныхВБ</Name>
					<Synonym>
						<v8:item>
							<v8:lang>ru</v8:lang>
							<v8:content>Дата начала периода данных ВБ</v8:content>
						</v8:item>
					</Synonym>
					<Comment/>
					<Type>
						<v8:Type>xs:dateTime</v8:Type>
						<v8:DateQualifiers>
							<v8:DateFractions>Date</v8:DateFractions>
						</v8:DateQualifiers>
					</Type>
					<PasswordMode>false</PasswordMode>
					<Format/>
					<EditFormat/>
					<ToolTip/>
					<MarkNegatives>false</MarkNegatives>
					<Mask/>
					<MultiLine>false</MultiLine>
					<ExtendedEdit>false</ExtendedEdit>
					<MinValue xsi:nil="true"/>
					<MaxValue xsi:nil="true"/>
					<FillFromFillingValue>false</FillFromFillingValue>
					<FillValue xsi:nil="true"/>
					<FillChecking>DontCheck</FillChecking>
					<ChoiceFoldersAndItems>Items</ChoiceFoldersAndItems>
					<ChoiceParameterLinks/>
					<ChoiceParameters/>
					<QuickChoice>Auto</QuickChoice>
					<CreateOnInput>Auto</CreateOnInput>
					<ChoiceForm/>
					<LinkByType/>
					<ChoiceHistoryOnInput>Auto</ChoiceHistoryOnInput>
					<Indexing>DontIndex</Indexing>
					<FullTextSearch>Use</FullTextSearch>
					<DataHistory>Use</DataHistory>
				</Properties>
			</Attribute>
			<Attribute uuid="3a8eaac4-f71b-4a32-8acb-239b8b95204b">
				<Properties>
					<Name>B1_ДатаОкончанияПериодаДанныхВБ</Name>
					<Synonym>
						<v8:item>
							<v8:lang>ru</v8:lang>
							<v8:content>Дата окончания периода данных ВБ</v8:content>
						</v8:item>
					</Synonym>
					<Comment/>
					<Type>
						<v8:Type>xs:dateTime</v8:Type>
						<v8:DateQualifiers>
							<v8:DateFractions>Date</v8:DateFractions>
						</v8:DateQualifiers>
					</Type>
					<PasswordMode>false</PasswordMode>
					<Format/>
					<EditFormat/>
					<ToolTip/>
					<MarkNegatives>false</MarkNegatives>
					<Mask/>
					<MultiLine>false</MultiLine>
					<ExtendedEdit>false</ExtendedEdit>
					<MinValue xsi:nil="true"/>
					<MaxValue xsi:nil="true"/>
					<FillFromFillingValue>false</FillFromFillingValue>
					<FillValue xsi:nil="true"/>
					<FillChecking>DontCheck</FillChecking>
					<ChoiceFoldersAndItems>Items</ChoiceFoldersAndItems>
					<ChoiceParameterLinks/>
					<ChoiceParameters/>
					<QuickChoice>Auto</QuickChoice>
					<CreateOnInput>Auto</CreateOnInput>
					<ChoiceForm/>
					<LinkByType/>
					<ChoiceHistoryOnInput>Auto</ChoiceHistoryOnInput>
					<Indexing>DontIndex</Indexing>
					<FullTextSearch>Use</FullTextSearch>
					<DataHistory>Use</DataHistory>
				</Properties>
			</Attribute>
			<Attribute uuid="809b4b52-a283-4592-9d37-b772a70b2db5">
				<Properties>
					<Name>B1_СтавкаНДСПоУмолчанию</Name>
					<Synonym>
						<v8:item>
							<v8:lang>ru</v8:lang>
							<v8:content>Ставка НДС по умолчанию</v8:content>
						</v8:item>
					</Synonym>
					<Comment/>
					<Type>
						<v8:Type>cfg:EnumRef.СтавкиНДС</v8:Type>
					</Type>
					<PasswordMode>false</PasswordMode>
					<Format/>
					<EditFormat/>
					<ToolTip/>
					<MarkNegatives>false</MarkNegatives>
					<Mask/>
					<MultiLine>false</MultiLine>
					<ExtendedEdit>false</ExtendedEdit>
					<MinValue xsi:nil="true"/>
					<MaxValue xsi:nil="true"/>
					<FillFromFillingValue>false</FillFromFillingValue>
					<FillValue xsi:nil="true"/>
					<FillChecking>DontCheck</FillChecking>
					<ChoiceFoldersAndItems>Items</ChoiceFoldersAndItems>
					<ChoiceParameterLinks/>
					<ChoiceParameters/>
					<QuickChoice>Auto</QuickChoice>
					<CreateOnInput>Auto</CreateOnInput>
					<ChoiceForm/>
					<LinkByType/>
					<ChoiceHistoryOnInput>Auto</ChoiceHistoryOnInput>
					<Indexing>DontIndex</Indexing>
					<FullTextSearch>Use</FullTextSearch>
					<DataHistory>Use</DataHistory>
				</Properties>
			</Attribute>
			<Form>ФормаДокументаУ</Form>
			<TabularSection uuid="6e9cae80-f0a9-4b02-843a-920ed8ce7bbe">
				<InternalInfo>
					<xr:GeneratedType name="DocumentTabularSection.ОтчетКомиссионераОПродажах.Товары" category="TabularSection">
						<xr:TypeId>6c6d33f0-ad29-4d7d-ba24-409cf4e0d68b</xr:TypeId>
						<xr:ValueId>4ffd7a38-98cd-4390-a28c-5ab11b7f3802</xr:ValueId>
					</xr:GeneratedType>
					<xr:GeneratedType name="DocumentTabularSectionRow.ОтчетКомиссионераОПродажах.Товары" category="TabularSectionRow">
						<xr:TypeId>0a9edda5-16b3-45ad-99a3-5367fe37030a</xr:TypeId>
						<xr:ValueId>4181cc77-2881-481f-b89b-b833a5dd640f</xr:ValueId>
					</xr:GeneratedType>
				</InternalInfo>
				<Properties>
					<ObjectBelonging>Adopted</ObjectBelonging>
					<Name>Товары</Name>
					<Comment/>
					<ExtendedConfigurationObject>c2386480-a2db-4e77-b1d5-4e32deb43410</ExtendedConfigurationObject>
				</Properties>
				<ChildObjects>
					<Attribute uuid="cd2a38bb-b534-4bdd-9fdb-5a46a5af963e">
						<InternalInfo/>
						<Properties>
							<ObjectBelonging>Adopted</ObjectBelonging>
							<Name>ЦенаПередачи</Name>
							<Comment/>
							<ExtendedConfigurationObject>34311b75-2b22-4279-a544-187240a2462f</ExtendedConfigurationObject>
							<Type>
								<v8:Type>xs:decimal</v8:Type>
								<v8:NumberQualifiers>
									<v8:Digits>15</v8:Digits>
									<v8:FractionDigits>2</v8:FractionDigits>
									<v8:AllowedSign>Nonnegative</v8:AllowedSign>
								</v8:NumberQualifiers>
							</Type>
						</Properties>
					</Attribute>
					<Attribute uuid="54c397f7-28de-4b4e-8ab5-da3b4738c005">
						<InternalInfo/>
						<Properties>
							<ObjectBelonging>Adopted</ObjectBelonging>
							<Name>СуммаВознаграждения</Name>
							<Comment/>
							<ExtendedConfigurationObject>9db9ca80-98c4-45e1-8f1a-68bad0b83bb9</ExtendedConfigurationObject>
							<Type>
								<v8:Type>xs:decimal</v8:Type>
								<v8:NumberQualifiers>
									<v8:Digits>15</v8:Digits>
									<v8:FractionDigits>2</v8:FractionDigits>
									<v8:AllowedSign>Nonnegative</v8:AllowedSign>
								</v8:NumberQualifiers>
							</Type>
						</Properties>
					</Attribute>
					<Attribute uuid="82df83d4-49a3-4cc6-9032-266e1d9a51c4">
						<InternalInfo/>
						<Properties>
							<ObjectBelonging>Adopted</ObjectBelonging>
							<Name>Цена</Name>
							<Comment/>
							<ExtendedConfigurationObject>88b11253-49e0-4d95-8ff2-0b775f94e7d2</ExtendedConfigurationObject>
							<Type>
								<v8:Type>xs:decimal</v8:Type>
								<v8:NumberQualifiers>
									<v8:Digits>15</v8:Digits>
									<v8:FractionDigits>2</v8:FractionDigits>
									<v8:AllowedSign>Nonnegative</v8:AllowedSign>
								</v8:NumberQualifiers>
							</Type>
						</Properties>
					</Attribute>
					<Attribute uuid="a19908d4-c610-422b-912d-2a8073ee924b">
						<InternalInfo/>
						<Properties>
							<ObjectBelonging>Adopted</ObjectBelonging>
							<Name>Сумма</Name>
							<Comment/>
							<ExtendedConfigurationObject>d858a972-a0a8-4398-8a6d-8735282e4eae</ExtendedConfigurationObject>
							<Type>
								<v8:Type>xs:decimal</v8:Type>
								<v8:NumberQualifiers>
									<v8:Digits>15</v8:Digits>
									<v8:FractionDigits>2</v8:FractionDigits>
									<v8:AllowedSign>Nonnegative</v8:AllowedSign>
								</v8:NumberQualifiers>
							</Type>
						</Properties>
					</Attribute>
					<Attribute uuid="4d6970f2-8395-4309-b7ba-319fb63aa1d5">
						<InternalInfo/>
						<Properties>
							<ObjectBelonging>Adopted</ObjectBelonging>
							<Name>СуммаНДС</Name>
							<Comment/>
							<ExtendedConfigurationObject>716848b2-e18b-4e9c-860f-0ed867259276</ExtendedConfigurationObject>
							<Type>
								<v8:Type>xs:decimal</v8:Type>
								<v8:NumberQualifiers>
									<v8:Digits>15</v8:Digits>
									<v8:FractionDigits>2</v8:FractionDigits>
									<v8:AllowedSign>Nonnegative</v8:AllowedSign>
								</v8:NumberQualifiers>
							</Type>
						</Properties>
					</Attribute>
					<Attribute uuid="5ad64f40-5c11-480b-96e7-b884820aa165">
						<InternalInfo/>
						<Properties>
							<ObjectBelonging>Adopted</ObjectBelonging>
							<Name>Номенклатура</Name>
							<Comment/>
							<ExtendedConfigurationObject>b09c86b2-f2ca-46ce-b13a-195d14e0deaf</ExtendedConfigurationObject>
							<Type>
								<v8:Type>cfg:CatalogRef.Номенклатура</v8:Type>
							</Type>
						</Properties>
					</Attribute>
					<Attribute uuid="c0338b9a-d98b-4db8-ba4e-96e6b5a8bb31">
						<InternalInfo/>
						<Properties>
							<ObjectBelonging>Adopted</ObjectBelonging>
							<Name>ХарактеристикаНоменклатуры</Name>
							<Comment/>
							<ExtendedConfigurationObject>beac8005-c77b-4b20-8a77-caab7fccc6c4</ExtendedConfigurationObject>
							<Type>
								<v8:Type>cfg:CatalogRef.ХарактеристикиНоменклатуры</v8:Type>
							</Type>
						</Properties>
					</Attribute>
					<Attribute uuid="df269094-46b8-4b03-956e-54e25ba092d7">
						<InternalInfo/>
						<Properties>
							<ObjectBelonging>Adopted</ObjectBelonging>
							<Name>Размер</Name>
							<Comment/>
							<ExtendedConfigurationObject>57b4046a-1dbb-402b-a318-02ff963c7b81</ExtendedConfigurationObject>
							<Type>
								<v8:Type>cfg:CatalogRef.Размер</v8:Type>
							</Type>
						</Properties>
					</Attribute>
					<Attribute uuid="a954e502-f580-4a18-97d1-c7585ec413c1">
						<InternalInfo/>
						<Properties>
							<ObjectBelonging>Adopted</ObjectBelonging>
							<Name>СерияНоменклатуры</Name>
							<Comment/>
							<ExtendedConfigurationObject>d6ad1083-7f35-4bc0-82aa-004fe90f96e4</ExtendedConfigurationObject>
							<Type>
								<v8:Type>cfg:CatalogRef.СерииНоменклатуры</v8:Type>
							</Type>
						</Properties>
					</Attribute>
					<Attribute uuid="8e37860a-aa40-47f1-8d46-5236da89a9ba">
						<InternalInfo/>
						<Properties>
							<ObjectBelonging>Adopted</ObjectBelonging>
							<Name>Покупатель</Name>
							<Comment/>
							<ExtendedConfigurationObject>3877270b-543d-4579-8913-49f0ebb9c2de</ExtendedConfigurationObject>
							<Type>
								<v8:Type>cfg:CatalogRef.Контрагенты</v8:Type>
							</Type>
						</Properties>
					</Attribute>
					<Attribute uuid="321a93e6-5f0d-4e4c-9943-d36d99785f1e">
						<InternalInfo/>
						<Properties>
							<ObjectBelonging>Adopted</ObjectBelonging>
							<Name>Количество</Name>
							<Comment/>
							<ExtendedConfigurationObject>2877f4bf-6233-4d92-9dae-ed7f94e6af31</ExtendedConfigurationObject>
							<Type>
								<v8:Type>xs:decimal</v8:Type>
								<v8:NumberQualifiers>
									<v8:Digits>15</v8:Digits>
									<v8:FractionDigits>0</v8:FractionDigits>
									<v8:AllowedSign>Any</v8:AllowedSign>
								</v8:NumberQualifiers>
							</Type>
						</Properties>
					</Attribute>
					<Attribute uuid="0c0680e2-bff0-4a7b-86d3-7dfa5f685184">
						<InternalInfo/>
						<Properties>
							<ObjectBelonging>Adopted</ObjectBelonging>
							<Name>СуммаНДСВознаграждения</Name>
							<Comment/>
							<ExtendedConfigurationObject>1631fd3f-d24c-4d5a-b3fa-ef5ca4de5894</ExtendedConfigurationObject>
							<Type>
								<v8:Type>xs:decimal</v8:Type>
								<v8:NumberQualifiers>
									<v8:Digits>15</v8:Digits>
									<v8:FractionDigits>2</v8:FractionDigits>
									<v8:AllowedSign>Nonnegative</v8:AllowedSign>
								</v8:NumberQualifiers>
							</Type>
						</Properties>
					</Attribute>
					<Attribute uuid="abffac01-0721-4321-97e0-bac0014e1880">
						<InternalInfo/>
						<Properties>
							<ObjectBelonging>Adopted</ObjectBelonging>
							<Name>Вес</Name>
							<Comment/>
							<ExtendedConfigurationObject>543f618d-67f9-41e8-a24c-99ddff36bb93</ExtendedConfigurationObject>
							<Type>
								<v8:Type>xs:decimal</v8:Type>
								<v8:NumberQualifiers>
									<v8:Digits>15</v8:Digits>
									<v8:FractionDigits>3</v8:FractionDigits>
									<v8:AllowedSign>Any</v8:AllowedSign>
								</v8:NumberQualifiers>
							</Type>
						</Properties>
					</Attribute>
					<Attribute uuid="8d06531e-ec8d-44ef-81bd-ebcefea815da">
						<InternalInfo/>
						<Properties>
							<ObjectBelonging>Adopted</ObjectBelonging>
							<Name>СуммаПередачи</Name>
							<Comment/>
							<ExtendedConfigurationObject>8d540359-506d-4d8a-808c-c92188de57dc</ExtendedConfigurationObject>
							<Type>
								<v8:Type>xs:decimal</v8:Type>
								<v8:NumberQualifiers>
									<v8:Digits>15</v8:Digits>
									<v8:FractionDigits>2</v8:FractionDigits>
									<v8:AllowedSign>Nonnegative</v8:AllowedSign>
								</v8:NumberQualifiers>
							</Type>
						</Properties>
					</Attribute>
					<Attribute uuid="ecc915c6-51b7-4ec2-bd5f-7f60390a479a">
						<InternalInfo/>
						<Properties>
							<ObjectBelonging>Adopted</ObjectBelonging>
							<Name>СтавкаНДС</Name>
							<Comment/>
							<ExtendedConfigurationObject>7b6ba1e3-9daf-4d04-98da-2381874c4698</ExtendedConfigurationObject>
							<Type>
								<v8:Type>cfg:EnumRef.СтавкиНДС</v8:Type>
							</Type>
						</Properties>
					</Attribute>
					<Attribute uuid="9c2993d5-4fda-4446-8436-3544ce7ac326">
						<InternalInfo/>
						<Properties>
							<ObjectBelonging>Adopted</ObjectBelonging>
							<Name>СуммаНДСПередачи</Name>
							<Comment/>
							<ExtendedConfigurationObject>c8252f14-1ba6-4152-bcbf-962a9bcab959</ExtendedConfigurationObject>
							<Type>
								<v8:Type>xs:decimal</v8:Type>
								<v8:NumberQualifiers>
									<v8:Digits>15</v8:Digits>
									<v8:FractionDigits>2</v8:FractionDigits>
									<v8:AllowedSign>Nonnegative</v8:AllowedSign>
								</v8:NumberQualifiers>
							</Type>
						</Properties>
					</Attribute>
					<Attribute uuid="3a8de359-794c-434b-b57e-a00af0060d51">
						<InternalInfo/>
						<Properties>
							<ObjectBelonging>Adopted</ObjectBelonging>
							<Name>НомерСчетаФактурыКомиссионера</Name>
							<Comment/>
							<ExtendedConfigurationObject>b3e8f41e-3543-4f3c-8f3b-4480c6ea5cce</ExtendedConfigurationObject>
							<Type>
								<v8:Type>xs:string</v8:Type>
								<v8:StringQualifiers>
									<v8:Length>12</v8:Length>
									<v8:AllowedLength>Variable</v8:AllowedLength>
								</v8:StringQualifiers>
							</Type>
						</Properties>
					</Attribute>
					<Attribute uuid="56fc549a-17b8-462a-85cc-2973f8d18e75">
						<InternalInfo/>
						<Properties>
							<ObjectBelonging>Adopted</ObjectBelonging>
							<Name>ДатаСчетаФактурыКомиссионера</Name>
							<Comment/>
							<ExtendedConfigurationObject>b02ffdfa-f14e-466d-a353-4669b6085a10</ExtendedConfigurationObject>
							<Type>
								<v8:Type>xs:dateTime</v8:Type>
								<v8:DateQualifiers>
									<v8:DateFractions>Date</v8:DateFractions>
								</v8:DateQualifiers>
							</Type>
						</Properties>
					</Attribute>
					<Attribute uuid="853a21ce-3bdd-4289-a4cd-558652e1c2e9">
						<InternalInfo/>
						<Properties>
							<ObjectBelonging>Adopted</ObjectBelonging>
							<Name>ИнтернетЗаказ</Name>
							<Comment/>
							<ExtendedConfigurationObject>ac238cc4-3027-4c32-8aa5-4fbb2e1f8245</ExtendedConfigurationObject>
							<Type>
								<v8:Type>cfg:DocumentRef.ИнтернетЗаказ</v8:Type>
							</Type>
						</Properties>
					</Attribute>
				</ChildObjects>
			</TabularSection>
			<TabularSection uuid="b8a12e03-e1f1-4a5f-9208-ba15c4044e64">
				<InternalInfo>
					<xr:GeneratedType name="DocumentTabularSection.ОтчетКомиссионераОПродажах.ТоварыВозвращенные" category="TabularSection">
						<xr:TypeId>42623601-d176-4984-b64f-b4b2c1223c0e</xr:TypeId>
						<xr:ValueId>1e4f6a0a-cfe6-4331-977c-3f9518bf875c</xr:ValueId>
					</xr:GeneratedType>
					<xr:GeneratedType name="DocumentTabularSectionRow.ОтчетКомиссионераОПродажах.ТоварыВозвращенные" category="TabularSectionRow">
						<xr:TypeId>a0cf4b18-5be9-4858-877e-dbbfdb3c6c95</xr:TypeId>
						<xr:ValueId>05d834f3-158e-49bd-9fc6-dca3e287b254</xr:ValueId>
					</xr:GeneratedType>
				</InternalInfo>
				<Properties>
					<ObjectBelonging>Adopted</ObjectBelonging>
					<Name>ТоварыВозвращенные</Name>
					<Comment/>
					<ExtendedConfigurationObject>6e92a64a-eb5c-4f16-963d-9bd370a81f97</ExtendedConfigurationObject>
				</Properties>
				<ChildObjects>
					<Attribute uuid="021456a8-bb6b-4c70-ade5-e7fe333ff7da">
						<InternalInfo/>
						<Properties>
							<ObjectBelonging>Adopted</ObjectBelonging>
							<Name>СерияНоменклатуры</Name>
							<Comment/>
							<ExtendedConfigurationObject>473c5535-8f10-4fae-99d1-7bfe681b2cfc</ExtendedConfigurationObject>
							<Type>
								<v8:Type>cfg:CatalogRef.СерииНоменклатуры</v8:Type>
							</Type>
						</Properties>
					</Attribute>
					<Attribute uuid="ddb4dd4a-a19f-4e8d-94f7-b10846c0996f">
						<InternalInfo/>
						<Properties>
							<ObjectBelonging>Adopted</ObjectBelonging>
							<Name>Размер</Name>
							<Comment/>
							<ExtendedConfigurationObject>46997b90-4bef-49ad-a6e8-45a9571f11cd</ExtendedConfigurationObject>
							<Type>
								<v8:Type>cfg:CatalogRef.Размер</v8:Type>
							</Type>
						</Properties>
					</Attribute>
					<Attribute uuid="c3e2840b-cf00-4a2f-ab0f-4bf0c73d56f1">
						<InternalInfo/>
						<Properties>
							<ObjectBelonging>Adopted</ObjectBelonging>
							<Name>ЦенаПередачи</Name>
							<Comment/>
							<ExtendedConfigurationObject>af134c97-45a7-4aac-b217-51c66158713e</ExtendedConfigurationObject>
							<Type>
								<v8:Type>xs:decimal</v8:Type>
								<v8:NumberQualifiers>
									<v8:Digits>15</v8:Digits>
									<v8:FractionDigits>2</v8:FractionDigits>
									<v8:AllowedSign>Nonnegative</v8:AllowedSign>
								</v8:NumberQualifiers>
							</Type>
						</Properties>
					</Attribute>
					<Attribute uuid="1b5a9781-de82-4704-af6f-0984fa512338">
						<InternalInfo/>
						<Properties>
							<ObjectBelonging>Adopted</ObjectBelonging>
							<Name>Вес</Name>
							<Comment/>
							<ExtendedConfigurationObject>aea9074a-7832-4c24-a794-ac5385dcac80</ExtendedConfigurationObject>
							<Type>
								<v8:Type>xs:decimal</v8:Type>
								<v8:NumberQualifiers>
									<v8:Digits>15</v8:Digits>
									<v8:FractionDigits>3</v8:FractionDigits>
									<v8:AllowedSign>Any</v8:AllowedSign>
								</v8:NumberQualifiers>
							</Type>
						</Properties>
					</Attribute>
					<Attribute uuid="1ad1caa3-e089-4398-9734-24d404d003e4">
						<InternalInfo/>
						<Properties>
							<ObjectBelonging>Adopted</ObjectBelonging>
							<Name>СуммаПередачи</Name>
							<Comment/>
							<ExtendedConfigurationObject>c5b5e173-c18c-4afa-86fa-1d47e3fca5a6</ExtendedConfigurationObject>
							<Type>
								<v8:Type>xs:decimal</v8:Type>
								<v8:NumberQualifiers>
									<v8:Digits>15</v8:Digits>
									<v8:FractionDigits>2</v8:FractionDigits>
									<v8:AllowedSign>Nonnegative</v8:AllowedSign>
								</v8:NumberQualifiers>
							</Type>
						</Properties>
					</Attribute>
					<Attribute uuid="683f7d4c-18f2-45bc-81fb-b5cea9b6a81d">
						<InternalInfo/>
						<Properties>
							<ObjectBelonging>Adopted</ObjectBelonging>
							<Name>СтавкаНДС</Name>
							<Comment/>
							<ExtendedConfigurationObject>880344fd-e1c3-4383-80ef-2648d7529152</ExtendedConfigurationObject>
							<Type>
								<v8:Type>cfg:EnumRef.СтавкиНДС</v8:Type>
							</Type>
						</Properties>
					</Attribute>
					<Attribute uuid="2f825ed8-c4e1-4484-a43a-26fa07f7541d">
						<InternalInfo/>
						<Properties>
							<ObjectBelonging>Adopted</ObjectBelonging>
							<Name>СуммаНДС</Name>
							<Comment/>
							<ExtendedConfigurationObject>8d9a7f8f-43fd-46e8-a338-958fd00d2841</ExtendedConfigurationObject>
							<Type>
								<v8:Type>xs:decimal</v8:Type>
								<v8:NumberQualifiers>
									<v8:Digits>15</v8:Digits>
									<v8:FractionDigits>2</v8:FractionDigits>
									<v8:AllowedSign>Nonnegative</v8:AllowedSign>
								</v8:NumberQualifiers>
							</Type>
						</Properties>
					</Attribute>
					<Attribute uuid="0f3b2804-194a-4f1c-accf-cf8ad383f30c">
						<InternalInfo/>
						<Properties>
							<ObjectBelonging>Adopted</ObjectBelonging>
							<Name>Номенклатура</Name>
							<Comment/>
							<ExtendedConfigurationObject>ca986cc3-768c-4f86-be5c-c45470a2d1a8</ExtendedConfigurationObject>
							<Type>
								<v8:Type>cfg:CatalogRef.Номенклатура</v8:Type>
							</Type>
						</Properties>
					</Attribute>
					<Attribute uuid="14aef215-16d9-44f8-aba2-77e2f8d7c169">
						<InternalInfo/>
						<Properties>
							<ObjectBelonging>Adopted</ObjectBelonging>
							<Name>ДокументРеализации</Name>
							<Comment/>
							<ExtendedConfigurationObject>74d73730-e211-4968-bfdb-24451f5cef7a</ExtendedConfigurationObject>
							<Type>
								<v8:Type>cfg:DocumentRef.ОтчетКомиссионераОПродажах</v8:Type>
							</Type>
						</Properties>
					</Attribute>
					<Attribute uuid="48911b5f-755a-4464-8c46-3f956eaec8a8">
						<InternalInfo/>
						<Properties>
							<ObjectBelonging>Adopted</ObjectBelonging>
							<Name>СуммаВознаграждения</Name>
							<Comment/>
							<ExtendedConfigurationObject>aeeb4254-f416-4a76-9c7b-5d78237a5021</ExtendedConfigurationObject>
							<Type>
								<v8:Type>xs:decimal</v8:Type>
								<v8:NumberQualifiers>
									<v8:Digits>15</v8:Digits>
									<v8:FractionDigits>2</v8:FractionDigits>
									<v8:AllowedSign>Nonnegative</v8:AllowedSign>
								</v8:NumberQualifiers>
							</Type>
						</Properties>
					</Attribute>
					<Attribute uuid="fb7469d7-b811-4b80-9d19-7e701225bc66">
						<InternalInfo/>
						<Properties>
							<ObjectBelonging>Adopted</ObjectBelonging>
							<Name>СуммаНДСПередачи</Name>
							<Comment/>
							<ExtendedConfigurationObject>372c8e2d-8165-4385-bfc6-8c15232db4e8</ExtendedConfigurationObject>
							<Type>
								<v8:Type>xs:decimal</v8:Type>
								<v8:NumberQualifiers>
									<v8:Digits>15</v8:Digits>
									<v8:FractionDigits>2</v8:FractionDigits>
									<v8:AllowedSign>Nonnegative</v8:AllowedSign>
								</v8:NumberQualifiers>
							</Type>
						</Properties>
					</Attribute>
					<Attribute uuid="b37118c9-d2d2-4339-b56e-c93b75947596">
						<InternalInfo/>
						<Properties>
							<ObjectBelonging>Adopted</ObjectBelonging>
							<Name>ХарактеристикаНоменклатуры</Name>
							<Comment/>
							<ExtendedConfigurationObject>0a934b55-e641-49c7-ad59-8c1aba5e698e</ExtendedConfigurationObject>
							<Type>
								<v8:Type>cfg:CatalogRef.ХарактеристикиНоменклатуры</v8:Type>
							</Type>
						</Properties>
					</Attribute>
					<Attribute uuid="915dcc4a-4900-4772-93b4-e8c82f4df892">
						<InternalInfo/>
						<Properties>
							<ObjectBelonging>Adopted</ObjectBelonging>
							<Name>Количество</Name>
							<Comment/>
							<ExtendedConfigurationObject>b9ec38af-44c9-4aa0-8512-053230c896c1</ExtendedConfigurationObject>
							<Type>
								<v8:Type>xs:decimal</v8:Type>
								<v8:NumberQualifiers>
									<v8:Digits>15</v8:Digits>
									<v8:FractionDigits>0</v8:FractionDigits>
									<v8:AllowedSign>Any</v8:AllowedSign>
								</v8:NumberQualifiers>
							</Type>
						</Properties>
					</Attribute>
					<Attribute uuid="15f7508a-6b7c-4949-872f-b80f92c53354">
						<InternalInfo/>
						<Properties>
							<ObjectBelonging>Adopted</ObjectBelonging>
							<Name>Цена</Name>
							<Comment/>
							<ExtendedConfigurationObject>e53c4bf9-2dbd-488a-ad7c-2c336d734085</ExtendedConfigurationObject>
							<Type>
								<v8:Type>xs:decimal</v8:Type>
								<v8:NumberQualifiers>
									<v8:Digits>15</v8:Digits>
									<v8:FractionDigits>2</v8:FractionDigits>
									<v8:AllowedSign>Nonnegative</v8:AllowedSign>
								</v8:NumberQualifiers>
							</Type>
						</Properties>
					</Attribute>
					<Attribute uuid="4ab8a7ba-4439-45d1-a4ef-16dc49c797bb">
						<InternalInfo/>
						<Properties>
							<ObjectBelonging>Adopted</ObjectBelonging>
							<Name>Сумма</Name>
							<Comment/>
							<ExtendedConfigurationObject>ea3e25f4-32ad-4e90-9206-e6b75b27e77b</ExtendedConfigurationObject>
							<Type>
								<v8:Type>xs:decimal</v8:Type>
								<v8:NumberQualifiers>
									<v8:Digits>15</v8:Digits>
									<v8:FractionDigits>2</v8:FractionDigits>
									<v8:AllowedSign>Nonnegative</v8:AllowedSign>
								</v8:NumberQualifiers>
							</Type>
						</Properties>
					</Attribute>
					<Attribute uuid="34e11d38-f9c5-4c9e-a9bb-7b55af75bd44">
						<InternalInfo/>
						<Properties>
							<ObjectBelonging>Adopted</ObjectBelonging>
							<Name>СуммаНДСВознаграждения</Name>
							<Comment/>
							<ExtendedConfigurationObject>15e1828e-6ca6-4588-aa1e-0dab8bf65416</ExtendedConfigurationObject>
							<Type>
								<v8:Type>xs:decimal</v8:Type>
								<v8:NumberQualifiers>
									<v8:Digits>15</v8:Digits>
									<v8:FractionDigits>2</v8:FractionDigits>
									<v8:AllowedSign>Nonnegative</v8:AllowedSign>
								</v8:NumberQualifiers>
							</Type>
						</Properties>
					</Attribute>
					<Attribute uuid="1c94d660-5e0a-45a2-84de-efc5c3969783">
						<InternalInfo/>
						<Properties>
							<ObjectBelonging>Adopted</ObjectBelonging>
							<Name>ИсправляемыйДокумент</Name>
							<Comment/>
							<ExtendedConfigurationObject>7fca74e3-36ac-425e-b05e-1f7d44812f04</ExtendedConfigurationObject>
							<Type>
								<v8:Type>cfg:DocumentRef.СчетФактураВыданный</v8:Type>
							</Type>
						</Properties>
					</Attribute>
					<Attribute uuid="e91a027f-9faf-46a4-a5ca-2ff41c340165">
						<InternalInfo/>
						<Properties>
							<ObjectBelonging>Adopted</ObjectBelonging>
							<Name>КлючСтроки</Name>
							<Comment/>
							<ExtendedConfigurationObject>e0317518-f9d1-4bc5-8573-3ffc98073bc5</ExtendedConfigurationObject>
							<Type>
								<v8:Type>v8:UUID</v8:Type>
							</Type>
						</Properties>
					</Attribute>
				</ChildObjects>
			</TabularSection>
			<TabularSection uuid="d9afac42-0962-4663-9bf1-cff43c3ba7be">
				<InternalInfo>
					<xr:GeneratedType name="DocumentTabularSection.ОтчетКомиссионераОПродажах.Возвраты" category="TabularSection">
						<xr:TypeId>efc09f42-23bb-48bc-a574-c219b2aa2da3</xr:TypeId>
						<xr:ValueId>81b4f74b-f758-4f31-91f0-f27523923398</xr:ValueId>
					</xr:GeneratedType>
					<xr:GeneratedType name="DocumentTabularSectionRow.ОтчетКомиссионераОПродажах.Возвраты" category="TabularSectionRow">
						<xr:TypeId>980d9db4-ddc9-4b97-b61d-c3885022925e</xr:TypeId>
						<xr:ValueId>f6c37f99-631f-4425-aa17-be1ef7213ac5</xr:ValueId>
					</xr:GeneratedType>
				</InternalInfo>
				<Properties>
					<ObjectBelonging>Adopted</ObjectBelonging>
					<Name>Возвраты</Name>
					<Comment/>
					<ExtendedConfigurationObject>28744e97-6b2b-4d28-8b23-929e4bdd2412</ExtendedConfigurationObject>
				</Properties>
				<ChildObjects>
					<Attribute uuid="dbfc4db5-44bf-4cdf-898e-635d93ce74b7">
						<InternalInfo/>
						<Properties>
							<ObjectBelonging>Adopted</ObjectBelonging>
							<Name>Сделка</Name>
							<Comment/>
							<ExtendedConfigurationObject>952c86cf-7845-4623-b0bb-7203a6b57831</ExtendedConfigurationObject>
							<Type>
								<v8:Type>cfg:DocumentRef.ОтчетКомиссионераОПродажах</v8:Type>
							</Type>
						</Properties>
					</Attribute>
					<Attribute uuid="6b165f1c-3125-4a9a-9b9d-f8c710b1c43d">
						<InternalInfo/>
						<Properties>
							<ObjectBelonging>Adopted</ObjectBelonging>
							<Name>ДатаСФ</Name>
							<Comment/>
							<ExtendedConfigurationObject>d734644b-d0c8-480a-a89c-66ffeaf6547e</ExtendedConfigurationObject>
							<Type>
								<v8:Type>xs:dateTime</v8:Type>
								<v8:DateQualifiers>
									<v8:DateFractions>Date</v8:DateFractions>
								</v8:DateQualifiers>
							</Type>
						</Properties>
					</Attribute>
					<Attribute uuid="3c0c3e4f-af03-4c06-a210-c3abd3eb394d">
						<InternalInfo/>
						<Properties>
							<ObjectBelonging>Adopted</ObjectBelonging>
							<Name>Покупатель</Name>
							<Comment/>
							<ExtendedConfigurationObject>27247066-5fdc-4feb-b65d-f30f3c771cad</ExtendedConfigurationObject>
							<Type>
								<v8:Type>cfg:CatalogRef.Контрагенты</v8:Type>
							</Type>
						</Properties>
					</Attribute>
					<Attribute uuid="9b7759c8-67d5-4f37-9ef7-9189c317754f">
						<InternalInfo/>
						<Properties>
							<ObjectBelonging>Adopted</ObjectBelonging>
							<Name>ВыставленСФ</Name>
							<Comment/>
							<ExtendedConfigurationObject>60ede9ad-9a90-4677-b955-0935ddbfa745</ExtendedConfigurationObject>
							<Type>
								<v8:Type>xs:boolean</v8:Type>
							</Type>
						</Properties>
					</Attribute>
					<Attribute uuid="77914339-f29f-40a8-880f-4355179d69af">
						<InternalInfo/>
						<Properties>
							<ObjectBelonging>Adopted</ObjectBelonging>
							<Name>НомерСФ</Name>
							<Comment/>
							<ExtendedConfigurationObject>26d2c425-22b9-4220-8581-20bc4d4812bf</ExtendedConfigurationObject>
							<Type>
								<v8:Type>xs:string</v8:Type>
								<v8:StringQualifiers>
									<v8:Length>50</v8:Length>
									<v8:AllowedLength>Variable</v8:AllowedLength>
								</v8:StringQualifiers>
							</Type>
						</Properties>
					</Attribute>
				</ChildObjects>
			</TabularSection>
			<TabularSection uuid="56a5980a-177c-4cda-9b8b-cca29c2ba76e">
				<InternalInfo>
					<xr:GeneratedType name="DocumentTabularSection.ОтчетКомиссионераОПродажах.ДенежныеСредства" category="TabularSection">
						<xr:TypeId>1fefa3c0-ff58-4a4d-9610-e1df71beb8e2</xr:TypeId>
						<xr:ValueId>ce80b321-2b1c-4582-845d-4a66ea881d09</xr:ValueId>
					</xr:GeneratedType>
					<xr:GeneratedType name="DocumentTabularSectionRow.ОтчетКомиссионераОПродажах.ДенежныеСредства" category="TabularSectionRow">
						<xr:TypeId>32f10d11-6f98-4cd0-b34b-925fa0073f8a</xr:TypeId>
						<xr:ValueId>32a3a564-bcc2-480c-be72-5e9d74992325</xr:ValueId>
					</xr:GeneratedType>
				</InternalInfo>
				<Properties>
					<ObjectBelonging>Adopted</ObjectBelonging>
					<Name>ДенежныеСредства</Name>
					<Comment/>
					<ExtendedConfigurationObject>fd60eae3-881e-433b-957d-eb48d455b7bf</ExtendedConfigurationObject>
				</Properties>
				<ChildObjects>
					<Attribute uuid="e18f3a59-edd0-4385-961f-3d2f3ce98b5c">
						<InternalInfo/>
						<Properties>
							<ObjectBelonging>Adopted</ObjectBelonging>
							<Name>СтавкаНДС</Name>
							<Comment/>
							<ExtendedConfigurationObject>85d636e3-2235-46b1-aff3-73aa4d5e3add</ExtendedConfigurationObject>
							<Type>
								<v8:Type>cfg:EnumRef.СтавкиНДС</v8:Type>
							</Type>
						</Properties>
					</Attribute>
					<Attribute uuid="0bb0b0d0-b807-4483-a09a-72a370a22994">
						<InternalInfo/>
						<Properties>
							<ObjectBelonging>Adopted</ObjectBelonging>
							<Name>ВидОтчетаПоПлатежам</Name>
							<Comment/>
							<ExtendedConfigurationObject>a446dffb-23c5-4984-8f7d-17a099bf681b</ExtendedConfigurationObject>
							<Type>
								<v8:Type>cfg:EnumRef.ВидыОтчетовПоПлатежамКомиссия</v8:Type>
							</Type>
						</Properties>
					</Attribute>
					<Attribute uuid="05a1fc61-0e3a-4de1-ad77-e5f3e4512201">
						<InternalInfo/>
						<Properties>
							<ObjectBelonging>Adopted</ObjectBelonging>
							<Name>Сумма</Name>
							<Comment/>
							<ExtendedConfigurationObject>ca7fb73c-98ed-4546-ace7-501c1a4b351f</ExtendedConfigurationObject>
							<Type>
								<v8:Type>xs:decimal</v8:Type>
								<v8:NumberQualifiers>
									<v8:Digits>15</v8:Digits>
									<v8:FractionDigits>2</v8:FractionDigits>
									<v8:AllowedSign>Any</v8:AllowedSign>
								</v8:NumberQualifiers>
							</Type>
						</Properties>
					</Attribute>
					<Attribute uuid="a2506445-a1a9-42e0-a54f-dcaecb00eeb3">
						<InternalInfo/>
						<Properties>
							<ObjectBelonging>Adopted</ObjectBelonging>
							<Name>СуммаНДС</Name>
							<Comment/>
							<ExtendedConfigurationObject>76d54994-030e-4cca-b00a-ece0df083623</ExtendedConfigurationObject>
							<Type>
								<v8:Type>xs:decimal</v8:Type>
								<v8:NumberQualifiers>
									<v8:Digits>15</v8:Digits>
									<v8:FractionDigits>2</v8:FractionDigits>
									<v8:AllowedSign>Nonnegative</v8:AllowedSign>
								</v8:NumberQualifiers>
							</Type>
						</Properties>
					</Attribute>
				</ChildObjects>
			</TabularSection>
		</ChildObjects>
	</Document>
</MetaDataObject>