﻿<?xml version="1.0" encoding="UTF-8"?>
<MetaDataObject xmlns="http://v8.1c.ru/8.3/MDClasses" xmlns:app="http://v8.1c.ru/8.2/managed-application/core" xmlns:cfg="http://v8.1c.ru/8.1/data/enterprise/current-config" xmlns:cmi="http://v8.1c.ru/8.2/managed-application/cmi" xmlns:ent="http://v8.1c.ru/8.1/data/enterprise" xmlns:lf="http://v8.1c.ru/8.2/managed-application/logform" xmlns:style="http://v8.1c.ru/8.1/data/ui/style" xmlns:sys="http://v8.1c.ru/8.1/data/ui/fonts/system" xmlns:v8="http://v8.1c.ru/8.1/data/core" xmlns:v8ui="http://v8.1c.ru/8.1/data/ui" xmlns:web="http://v8.1c.ru/8.1/data/ui/colors/web" xmlns:win="http://v8.1c.ru/8.1/data/ui/colors/windows" xmlns:xen="http://v8.1c.ru/8.3/xcf/enums" xmlns:xpr="http://v8.1c.ru/8.3/xcf/predef" xmlns:xr="http://v8.1c.ru/8.3/xcf/readable" xmlns:xs="http://www.w3.org/2001/XMLSchema" xmlns:xsi="http://www.w3.org/2001/XMLSchema-instance" version="2.18">
	<Document uuid="a4c0bd1a-628f-412f-ab89-4da41aae5379">
		<InternalInfo>
			<xr:GeneratedType name="DocumentObject.ЗаказПоставщику" category="Object">
				<xr:TypeId>2d3a7184-0e3e-45eb-a87b-09bd36e83fe0</xr:TypeId>
				<xr:ValueId>861ff5ce-02fe-45df-9645-5b801226ffe0</xr:ValueId>
			</xr:GeneratedType>
			<xr:GeneratedType name="DocumentRef.ЗаказПоставщику" category="Ref">
				<xr:TypeId>9727e711-0b47-4b37-9e8a-9d9a306c609b</xr:TypeId>
				<xr:ValueId>0f5f736d-2b75-4363-b2a6-6c7d4bd1f651</xr:ValueId>
			</xr:GeneratedType>
			<xr:GeneratedType name="DocumentSelection.ЗаказПоставщику" category="Selection">
				<xr:TypeId>4e489fb9-36a0-46ef-8bf5-8cf8eca74cc6</xr:TypeId>
				<xr:ValueId>db2eda8d-6da7-45b5-8443-9fbabee98d5a</xr:ValueId>
			</xr:GeneratedType>
			<xr:GeneratedType name="DocumentList.ЗаказПоставщику" category="List">
				<xr:TypeId>ca510d38-91df-48bf-b240-f87a2eb0a453</xr:TypeId>
				<xr:ValueId>b7f8b9ec-b975-4e21-ba5b-4741c610b7ae</xr:ValueId>
			</xr:GeneratedType>
			<xr:GeneratedType name="DocumentManager.ЗаказПоставщику" category="Manager">
				<xr:TypeId>07c6765e-09db-45d3-b684-02545e1e1388</xr:TypeId>
				<xr:ValueId>f980381d-6a01-4029-8edd-407b62374925</xr:ValueId>
			</xr:GeneratedType>
		</InternalInfo>
		<Properties>
			<ObjectBelonging>Adopted</ObjectBelonging>
			<Name>ЗаказПоставщику</Name>
			<Comment/>
			<ExtendedConfigurationObject>a62dfa73-f9b7-4adf-bf88-0bfcd2bf6f72</ExtendedConfigurationObject>
			<RegisterRecords/>
		</Properties>
		<ChildObjects/>
	</Document>
</MetaDataObject>