﻿<?xml version="1.0" encoding="UTF-8"?>
<MetaDataObject xmlns="http://v8.1c.ru/8.3/MDClasses" xmlns:app="http://v8.1c.ru/8.2/managed-application/core" xmlns:cfg="http://v8.1c.ru/8.1/data/enterprise/current-config" xmlns:cmi="http://v8.1c.ru/8.2/managed-application/cmi" xmlns:ent="http://v8.1c.ru/8.1/data/enterprise" xmlns:lf="http://v8.1c.ru/8.2/managed-application/logform" xmlns:style="http://v8.1c.ru/8.1/data/ui/style" xmlns:sys="http://v8.1c.ru/8.1/data/ui/fonts/system" xmlns:v8="http://v8.1c.ru/8.1/data/core" xmlns:v8ui="http://v8.1c.ru/8.1/data/ui" xmlns:web="http://v8.1c.ru/8.1/data/ui/colors/web" xmlns:win="http://v8.1c.ru/8.1/data/ui/colors/windows" xmlns:xen="http://v8.1c.ru/8.3/xcf/enums" xmlns:xpr="http://v8.1c.ru/8.3/xcf/predef" xmlns:xr="http://v8.1c.ru/8.3/xcf/readable" xmlns:xs="http://www.w3.org/2001/XMLSchema" xmlns:xsi="http://www.w3.org/2001/XMLSchema-instance" version="2.18">
	<Document uuid="56d9d781-2216-4f8f-8270-a5a7e44df659">
		<InternalInfo>
			<xr:GeneratedType name="DocumentObject.СчетФактураВыданный" category="Object">
				<xr:TypeId>cffb27e5-cd9c-4561-838b-17a7482f74d7</xr:TypeId>
				<xr:ValueId>29ffd3f2-9368-48c4-a07b-c4d2a0408401</xr:ValueId>
			</xr:GeneratedType>
			<xr:GeneratedType name="DocumentRef.СчетФактураВыданный" category="Ref">
				<xr:TypeId>3a93856b-f3da-4c29-bdfa-17fd07146237</xr:TypeId>
				<xr:ValueId>64fc0786-bbde-4397-b5e7-838b8ff48513</xr:ValueId>
			</xr:GeneratedType>
			<xr:GeneratedType name="DocumentSelection.СчетФактураВыданный" category="Selection">
				<xr:TypeId>73130d0b-1e4a-47ca-9adf-68e964370736</xr:TypeId>
				<xr:ValueId>288c699f-eb85-4eb6-9540-5f84f9e17df7</xr:ValueId>
			</xr:GeneratedType>
			<xr:GeneratedType name="DocumentList.СчетФактураВыданный" category="List">
				<xr:TypeId>b18e3b09-dd80-4d3f-995c-d9b5423cce3b</xr:TypeId>
				<xr:ValueId>65e6c23d-8bc3-4a0e-b494-0bbfc5ff9331</xr:ValueId>
			</xr:GeneratedType>
			<xr:GeneratedType name="DocumentManager.СчетФактураВыданный" category="Manager">
				<xr:TypeId>8bd1ff10-9f3f-4bb3-a9f9-17a9e858485e</xr:TypeId>
				<xr:ValueId>11a50167-98bb-418c-8b67-4698d0b31f23</xr:ValueId>
			</xr:GeneratedType>
		</InternalInfo>
		<Properties>
			<ObjectBelonging>Adopted</ObjectBelonging>
			<Name>СчетФактураВыданный</Name>
			<Comment/>
			<ExtendedConfigurationObject>edb966e9-53c0-445d-a912-fd374ec8f17c</ExtendedConfigurationObject>
			<RegisterRecords/>
		</Properties>
		<ChildObjects/>
	</Document>
</MetaDataObject>