﻿<?xml version="1.0" encoding="UTF-8"?>
<MetaDataObject xmlns="http://v8.1c.ru/8.3/MDClasses" xmlns:app="http://v8.1c.ru/8.2/managed-application/core" xmlns:cfg="http://v8.1c.ru/8.1/data/enterprise/current-config" xmlns:cmi="http://v8.1c.ru/8.2/managed-application/cmi" xmlns:ent="http://v8.1c.ru/8.1/data/enterprise" xmlns:lf="http://v8.1c.ru/8.2/managed-application/logform" xmlns:style="http://v8.1c.ru/8.1/data/ui/style" xmlns:sys="http://v8.1c.ru/8.1/data/ui/fonts/system" xmlns:v8="http://v8.1c.ru/8.1/data/core" xmlns:v8ui="http://v8.1c.ru/8.1/data/ui" xmlns:web="http://v8.1c.ru/8.1/data/ui/colors/web" xmlns:win="http://v8.1c.ru/8.1/data/ui/colors/windows" xmlns:xen="http://v8.1c.ru/8.3/xcf/enums" xmlns:xpr="http://v8.1c.ru/8.3/xcf/predef" xmlns:xr="http://v8.1c.ru/8.3/xcf/readable" xmlns:xs="http://www.w3.org/2001/XMLSchema" xmlns:xsi="http://www.w3.org/2001/XMLSchema-instance" version="2.18">
	<Document uuid="9a9a377a-0113-4a65-90fd-718b3ab126db">
		<InternalInfo>
			<xr:GeneratedType name="DocumentObject.УстановкаЦенНоменклатуры" category="Object">
				<xr:TypeId>b66c3d6a-3672-4694-a35a-b3cbef6d04ac</xr:TypeId>
				<xr:ValueId>2aa1bc3d-02bb-4152-9228-03fd3502bdb4</xr:ValueId>
			</xr:GeneratedType>
			<xr:GeneratedType name="DocumentRef.УстановкаЦенНоменклатуры" category="Ref">
				<xr:TypeId>dd2870ba-4866-4dd4-ae98-5f3cbf7e90c3</xr:TypeId>
				<xr:ValueId>70c1e3f7-04fd-4973-9728-a4504e1c9b80</xr:ValueId>
			</xr:GeneratedType>
			<xr:GeneratedType name="DocumentSelection.УстановкаЦенНоменклатуры" category="Selection">
				<xr:TypeId>0b5c830a-b8d9-403c-be87-abec086a8996</xr:TypeId>
				<xr:ValueId>28b82f89-814c-4bf7-97e4-3763f8eaae36</xr:ValueId>
			</xr:GeneratedType>
			<xr:GeneratedType name="DocumentList.УстановкаЦенНоменклатуры" category="List">
				<xr:TypeId>10972170-da18-458f-abd7-1016c3d7c5f5</xr:TypeId>
				<xr:ValueId>01dcbc79-8349-410e-9395-5d4790dbffcf</xr:ValueId>
			</xr:GeneratedType>
			<xr:GeneratedType name="DocumentManager.УстановкаЦенНоменклатуры" category="Manager">
				<xr:TypeId>40ba3cec-c4fa-4227-9dc3-694294f67ff7</xr:TypeId>
				<xr:ValueId>65436309-33bf-4801-bedf-cca89ac0b695</xr:ValueId>
			</xr:GeneratedType>
		</InternalInfo>
		<Properties>
			<ObjectBelonging>Adopted</ObjectBelonging>
			<Name>УстановкаЦенНоменклатуры</Name>
			<Comment/>
			<ExtendedConfigurationObject>c8d28f6c-6e58-4831-a55a-d55edb4b5af4</ExtendedConfigurationObject>
			<RegisterRecords/>
		</Properties>
		<ChildObjects>
			<Form>ФормаДокументаУ</Form>
			<Form>B1_ФормаРассчетаЦен</Form>
			<Form>B1_ФормаВыбораТипаЦены</Form>
			<Form>B1_ФормаЗаполненияПоСкладу</Form>
			<TabularSection uuid="0c919b25-9f14-4178-bd7b-5767d1fe9e9d">
				<InternalInfo>
					<xr:GeneratedType name="DocumentTabularSection.УстановкаЦенНоменклатуры.Товары" category="TabularSection">
						<xr:TypeId>6551688e-3f13-4f7b-84da-20613d357cff</xr:TypeId>
						<xr:ValueId>9afeb762-234b-496b-aaff-8850860b6f83</xr:ValueId>
					</xr:GeneratedType>
					<xr:GeneratedType name="DocumentTabularSectionRow.УстановкаЦенНоменклатуры.Товары" category="TabularSectionRow">
						<xr:TypeId>0a91eb67-3cba-4bb8-97ee-7138ef106335</xr:TypeId>
						<xr:ValueId>2ed79d54-5984-4a02-adaa-7c2aef38c7ec</xr:ValueId>
					</xr:GeneratedType>
				</InternalInfo>
				<Properties>
					<ObjectBelonging>Adopted</ObjectBelonging>
					<Name>Товары</Name>
					<Comment/>
					<ExtendedConfigurationObject>1e79ea86-240f-4c72-8e38-94f3752dbdab</ExtendedConfigurationObject>
				</Properties>
				<ChildObjects>
					<Attribute uuid="a8916b5c-31be-4423-8407-304d54e0c166">
						<Properties>
							<Name>ФормулаРасчета</Name>
							<Synonym>
								<v8:item>
									<v8:lang>ru</v8:lang>
									<v8:content>Формула расчета</v8:content>
								</v8:item>
							</Synonym>
							<Comment/>
							<Type>
								<v8:Type>xs:string</v8:Type>
								<v8:StringQualifiers>
									<v8:Length>50</v8:Length>
									<v8:AllowedLength>Variable</v8:AllowedLength>
								</v8:StringQualifiers>
							</Type>
							<PasswordMode>false</PasswordMode>
							<Format/>
							<EditFormat/>
							<ToolTip/>
							<MarkNegatives>false</MarkNegatives>
							<Mask/>
							<MultiLine>false</MultiLine>
							<ExtendedEdit>false</ExtendedEdit>
							<MinValue xsi:nil="true"/>
							<MaxValue xsi:nil="true"/>
							<FillChecking>DontCheck</FillChecking>
							<ChoiceFoldersAndItems>Items</ChoiceFoldersAndItems>
							<ChoiceParameterLinks/>
							<ChoiceParameters/>
							<QuickChoice>Auto</QuickChoice>
							<CreateOnInput>Auto</CreateOnInput>
							<ChoiceForm/>
							<LinkByType/>
							<ChoiceHistoryOnInput>Auto</ChoiceHistoryOnInput>
							<Indexing>DontIndex</Indexing>
							<FullTextSearch>Use</FullTextSearch>
							<DataHistory>Use</DataHistory>
						</Properties>
					</Attribute>
				</ChildObjects>
			</TabularSection>
		</ChildObjects>
	</Document>
</MetaDataObject>