﻿<?xml version="1.0" encoding="UTF-8"?>
<MetaDataObject xmlns="http://v8.1c.ru/8.3/MDClasses" xmlns:app="http://v8.1c.ru/8.2/managed-application/core" xmlns:cfg="http://v8.1c.ru/8.1/data/enterprise/current-config" xmlns:cmi="http://v8.1c.ru/8.2/managed-application/cmi" xmlns:ent="http://v8.1c.ru/8.1/data/enterprise" xmlns:lf="http://v8.1c.ru/8.2/managed-application/logform" xmlns:style="http://v8.1c.ru/8.1/data/ui/style" xmlns:sys="http://v8.1c.ru/8.1/data/ui/fonts/system" xmlns:v8="http://v8.1c.ru/8.1/data/core" xmlns:v8ui="http://v8.1c.ru/8.1/data/ui" xmlns:web="http://v8.1c.ru/8.1/data/ui/colors/web" xmlns:win="http://v8.1c.ru/8.1/data/ui/colors/windows" xmlns:xen="http://v8.1c.ru/8.3/xcf/enums" xmlns:xpr="http://v8.1c.ru/8.3/xcf/predef" xmlns:xr="http://v8.1c.ru/8.3/xcf/readable" xmlns:xs="http://www.w3.org/2001/XMLSchema" xmlns:xsi="http://www.w3.org/2001/XMLSchema-instance" version="2.18">
	<Document uuid="df8c4488-4250-4be5-ae73-ec147a4513de">
		<InternalInfo>
			<xr:GeneratedType name="DocumentObject.ВозвратПродукцииВПроизводство" category="Object">
				<xr:TypeId>64c0c1bc-ae15-484e-946c-4eb4fa250bdd</xr:TypeId>
				<xr:ValueId>92ac5cf1-4bb1-483b-955e-4bf980e78e78</xr:ValueId>
			</xr:GeneratedType>
			<xr:GeneratedType name="DocumentRef.ВозвратПродукцииВПроизводство" category="Ref">
				<xr:TypeId>ba557ef6-e3df-4a85-a8d3-bd09378f7b7f</xr:TypeId>
				<xr:ValueId>fce276b8-128f-4c24-9759-51beb121d225</xr:ValueId>
			</xr:GeneratedType>
			<xr:GeneratedType name="DocumentSelection.ВозвратПродукцииВПроизводство" category="Selection">
				<xr:TypeId>e21064f0-64bc-405e-9c64-417b49514d09</xr:TypeId>
				<xr:ValueId>bc1200b0-5b1d-4cd9-b42b-0641ff8f0189</xr:ValueId>
			</xr:GeneratedType>
			<xr:GeneratedType name="DocumentList.ВозвратПродукцииВПроизводство" category="List">
				<xr:TypeId>00145ad4-7d8e-445d-bd51-8e1f41183b9c</xr:TypeId>
				<xr:ValueId>383a7d8d-5822-4656-891c-c8210b3f9bd0</xr:ValueId>
			</xr:GeneratedType>
			<xr:GeneratedType name="DocumentManager.ВозвратПродукцииВПроизводство" category="Manager">
				<xr:TypeId>c0615bfc-ad0d-488c-97e3-22ee66ffb592</xr:TypeId>
				<xr:ValueId>375d215f-d70f-4e15-a6d8-a14e79ba6bd7</xr:ValueId>
			</xr:GeneratedType>
		</InternalInfo>
		<Properties>
			<ObjectBelonging>Adopted</ObjectBelonging>
			<Name>ВозвратПродукцииВПроизводство</Name>
			<Comment/>
			<ExtendedConfigurationObject>de963a01-438c-4e58-839a-e3ea6aae9364</ExtendedConfigurationObject>
			<NumberType>String</NumberType>
			<NumberLength>11</NumberLength>
			<NumberAllowedLength>Fixed</NumberAllowedLength>
			<RegisterRecords/>
		</Properties>
		<ChildObjects>
			<Attribute uuid="a5a7de31-a9bb-47c4-aff1-7c6449f5f74f">
				<Properties>
					<Name>B1_ДокументОснованиеПреобразованиеВЛом</Name>
					<Synonym>
						<v8:item>
							<v8:lang>ru</v8:lang>
							<v8:content>Преобразование в лом</v8:content>
						</v8:item>
					</Synonym>
					<Comment/>
					<Type>
						<v8:Type>cfg:DocumentRef.ПреобразованиеВЛом</v8:Type>
					</Type>
					<PasswordMode>false</PasswordMode>
					<Format/>
					<EditFormat/>
					<ToolTip/>
					<MarkNegatives>false</MarkNegatives>
					<Mask/>
					<MultiLine>false</MultiLine>
					<ExtendedEdit>false</ExtendedEdit>
					<MinValue xsi:nil="true"/>
					<MaxValue xsi:nil="true"/>
					<FillFromFillingValue>false</FillFromFillingValue>
					<FillValue xsi:nil="true"/>
					<FillChecking>DontCheck</FillChecking>
					<ChoiceFoldersAndItems>Items</ChoiceFoldersAndItems>
					<ChoiceParameterLinks/>
					<ChoiceParameters/>
					<QuickChoice>Auto</QuickChoice>
					<CreateOnInput>Auto</CreateOnInput>
					<ChoiceForm/>
					<LinkByType/>
					<ChoiceHistoryOnInput>Auto</ChoiceHistoryOnInput>
					<Indexing>DontIndex</Indexing>
					<FullTextSearch>Use</FullTextSearch>
					<DataHistory>Use</DataHistory>
				</Properties>
			</Attribute>
			<Attribute uuid="94f0a9e4-8d6b-4499-83d1-0911e047cb6c">
				<InternalInfo/>
				<Properties>
					<ObjectBelonging>Adopted</ObjectBelonging>
					<Name>Склад</Name>
					<Comment/>
					<ExtendedConfigurationObject>b05b14c4-5c60-42d2-8f9e-cc01e602fbc5</ExtendedConfigurationObject>
					<Type>
						<v8:Type>cfg:CatalogRef.Склады</v8:Type>
					</Type>
				</Properties>
			</Attribute>
			<Attribute uuid="a9695fcc-ed73-4250-8054-fd04a37366a2">
				<InternalInfo/>
				<Properties>
					<ObjectBelonging>Adopted</ObjectBelonging>
					<Name>Организация</Name>
					<Comment/>
					<ExtendedConfigurationObject>e510da84-b988-46ff-b4db-b150a2f18800</ExtendedConfigurationObject>
					<Type>
						<v8:Type>cfg:CatalogRef.Организации</v8:Type>
					</Type>
				</Properties>
			</Attribute>
			<Attribute uuid="851621e7-abef-42d7-b2fa-5386bc770750">
				<InternalInfo/>
				<Properties>
					<ObjectBelonging>Adopted</ObjectBelonging>
					<Name>Контрагент</Name>
					<Comment/>
					<ExtendedConfigurationObject>ba6996d1-21a5-44e5-b91f-a13684a324b1</ExtendedConfigurationObject>
					<Type>
						<v8:Type>cfg:CatalogRef.Контрагенты</v8:Type>
					</Type>
				</Properties>
			</Attribute>
			<Attribute uuid="16d1bf18-69be-48c7-9161-ffa853aea965">
				<InternalInfo/>
				<Properties>
					<ObjectBelonging>Adopted</ObjectBelonging>
					<Name>Сделка</Name>
					<Comment/>
					<ExtendedConfigurationObject>1a6bc3cc-0e9f-4675-b8f3-f6d069a360c8</ExtendedConfigurationObject>
					<Type>
						<v8:TypeSet>cfg:AnyRef</v8:TypeSet>
					</Type>
				</Properties>
			</Attribute>
			<Attribute uuid="2cc19eac-09f3-4e45-9efa-fbbf3fbb8018">
				<InternalInfo/>
				<Properties>
					<ObjectBelonging>Adopted</ObjectBelonging>
					<Name>МатериалВПроизводстве</Name>
					<Comment/>
					<ExtendedConfigurationObject>39b82737-04bf-4c5d-aabb-3b6f7cb20f23</ExtendedConfigurationObject>
					<Type>
						<v8:Type>cfg:EnumRef.МатериалВПроизводстве</v8:Type>
					</Type>
				</Properties>
			</Attribute>
			<Attribute uuid="9fd0a940-2194-47af-8aeb-91610557113d">
				<InternalInfo/>
				<Properties>
					<ObjectBelonging>Adopted</ObjectBelonging>
					<Name>ПроизводственныйУчасток</Name>
					<Comment/>
					<ExtendedConfigurationObject>60420150-44f7-49c7-a66c-416b72e78e9e</ExtendedConfigurationObject>
					<Type>
						<v8:Type>cfg:CatalogRef.ПроизводственныеУчастки</v8:Type>
					</Type>
				</Properties>
			</Attribute>
			<Attribute uuid="f2798a2e-5a41-48bd-83d4-62ef336b0cf8">
				<InternalInfo/>
				<Properties>
					<ObjectBelonging>Adopted</ObjectBelonging>
					<Name>ДоговорКонтрагента</Name>
					<Comment/>
					<ExtendedConfigurationObject>ddf77414-730f-48f4-abd9-d380f9b269c5</ExtendedConfigurationObject>
					<Type>
						<v8:Type>cfg:CatalogRef.ДоговорыКонтрагентов</v8:Type>
					</Type>
				</Properties>
			</Attribute>
			<Attribute uuid="81308456-c129-4e73-8792-23aff8eb770d">
				<InternalInfo/>
				<Properties>
					<ObjectBelonging>Adopted</ObjectBelonging>
					<Name>Грузоперевозчик</Name>
					<Comment/>
					<ExtendedConfigurationObject>8f8ee514-31f2-431e-ad9b-31e6c74673ff</ExtendedConfigurationObject>
					<Type>
						<v8:Type>cfg:CatalogRef.Контрагенты</v8:Type>
					</Type>
				</Properties>
			</Attribute>
			<Attribute uuid="a2f05798-a5b9-4e62-a6dc-86aee44944ce">
				<InternalInfo/>
				<Properties>
					<ObjectBelonging>Adopted</ObjectBelonging>
					<Name>ДокументОснование</Name>
					<Comment/>
					<ExtendedConfigurationObject>1dcebd16-6a59-4d3a-add3-d6156816abcb</ExtendedConfigurationObject>
					<Type>
						<v8:TypeSet>cfg:DocumentRef</v8:TypeSet>
					</Type>
				</Properties>
			</Attribute>
			<Attribute uuid="01c0de96-58a7-46cf-96a1-2a558f2b82e8">
				<InternalInfo/>
				<Properties>
					<ObjectBelonging>Adopted</ObjectBelonging>
					<Name>УчитыватьВесВставок</Name>
					<Comment/>
					<ExtendedConfigurationObject>69ec180b-0714-4122-8679-8ffaf5f4d29a</ExtendedConfigurationObject>
					<Type>
						<v8:Type>xs:boolean</v8:Type>
					</Type>
				</Properties>
			</Attribute>
			<Attribute uuid="3d2dd1a4-443f-4811-99b7-43709fd9e143">
				<InternalInfo/>
				<Properties>
					<ObjectBelonging>Adopted</ObjectBelonging>
					<Name>Комментарий</Name>
					<Comment/>
					<ExtendedConfigurationObject>261c5485-54ab-4f92-a349-553dc5a2cd19</ExtendedConfigurationObject>
					<Type>
						<v8:Type>xs:string</v8:Type>
						<v8:StringQualifiers>
							<v8:Length>0</v8:Length>
							<v8:AllowedLength>Variable</v8:AllowedLength>
						</v8:StringQualifiers>
					</Type>
				</Properties>
			</Attribute>
			<Attribute uuid="64f0dc32-74e6-4947-b1fe-af68f52b1d8b">
				<InternalInfo/>
				<Properties>
					<ObjectBelonging>Adopted</ObjectBelonging>
					<Name>Проект</Name>
					<Comment/>
					<ExtendedConfigurationObject>5e895f5a-037d-4836-94fb-a7ec280a49fd</ExtendedConfigurationObject>
					<Type>
						<v8:Type>cfg:CatalogRef.Проекты</v8:Type>
					</Type>
				</Properties>
			</Attribute>
			<Attribute uuid="c4766a5b-9f1f-4d96-a001-b87313b843ab">
				<InternalInfo/>
				<Properties>
					<ObjectBelonging>Adopted</ObjectBelonging>
					<Name>Подразделение</Name>
					<Comment/>
					<ExtendedConfigurationObject>40fdff7e-be04-488b-ab6a-bda55bc37f17</ExtendedConfigurationObject>
					<Type>
						<v8:Type>cfg:CatalogRef.Подразделения</v8:Type>
					</Type>
				</Properties>
			</Attribute>
			<Attribute uuid="a089682a-1361-4ae6-98a7-32a8ca2172f8">
				<InternalInfo/>
				<Properties>
					<ObjectBelonging>Adopted</ObjectBelonging>
					<Name>Ответственный</Name>
					<Comment/>
					<ExtendedConfigurationObject>4c170302-3c0b-438a-bd9b-e93b9418136a</ExtendedConfigurationObject>
					<Type>
						<v8:Type>cfg:CatalogRef.Пользователи</v8:Type>
					</Type>
				</Properties>
			</Attribute>
			<Attribute uuid="2a21f10e-80b5-47b2-adf4-6b322ba7c7c6">
				<InternalInfo/>
				<Properties>
					<ObjectBelonging>Adopted</ObjectBelonging>
					<Name>ХозяйственнаяОперация</Name>
					<Comment/>
					<ExtendedConfigurationObject>649ac2f6-e4d8-4854-ac44-67f8ee1c0847</ExtendedConfigurationObject>
					<Type>
						<v8:Type>cfg:CatalogRef.ХозяйственныеОперации</v8:Type>
					</Type>
				</Properties>
			</Attribute>
			<Attribute uuid="436cf7fd-45ce-48c2-b8cb-6351633f1547">
				<InternalInfo/>
				<Properties>
					<ObjectBelonging>Adopted</ObjectBelonging>
					<Name>РучнойУчетВесаВставок</Name>
					<Comment/>
					<ExtendedConfigurationObject>7773e72e-2dfc-4593-bdf3-0f2eb836dc55</ExtendedConfigurationObject>
					<Type>
						<v8:Type>xs:boolean</v8:Type>
					</Type>
				</Properties>
			</Attribute>
			<Attribute uuid="65e635b4-5bbf-4dc9-ad4d-2937dad678a1">
				<InternalInfo/>
				<Properties>
					<ObjectBelonging>Adopted</ObjectBelonging>
					<Name>СторнироватьПотери</Name>
					<Comment/>
					<ExtendedConfigurationObject>8dbfe692-5553-432b-b9fd-9a6f3620052e</ExtendedConfigurationObject>
					<Type>
						<v8:Type>xs:boolean</v8:Type>
					</Type>
				</Properties>
			</Attribute>
			<Form>ФормаДокументаУ</Form>
			<TabularSection uuid="0fb46237-486c-4971-b682-f2bf420cd47f">
				<InternalInfo>
					<xr:GeneratedType name="DocumentTabularSection.ВозвратПродукцииВПроизводство.Товары" category="TabularSection">
						<xr:TypeId>dd401628-afb2-485d-be87-4a688c458b5c</xr:TypeId>
						<xr:ValueId>a43c0f0c-995e-492e-ba1f-1ecd675946c8</xr:ValueId>
					</xr:GeneratedType>
					<xr:GeneratedType name="DocumentTabularSectionRow.ВозвратПродукцииВПроизводство.Товары" category="TabularSectionRow">
						<xr:TypeId>4312eabe-834c-41c7-b917-9fd83aae2d2b</xr:TypeId>
						<xr:ValueId>26168b44-6435-42bc-8ffc-1413b02c7eaa</xr:ValueId>
					</xr:GeneratedType>
				</InternalInfo>
				<Properties>
					<ObjectBelonging>Adopted</ObjectBelonging>
					<Name>Товары</Name>
					<Comment/>
					<ExtendedConfigurationObject>82712b6c-8666-49b1-8d87-74d382e1d0f8</ExtendedConfigurationObject>
				</Properties>
				<ChildObjects>
					<Attribute uuid="7b2567b0-d762-44ef-867a-5760f3ff7232">
						<InternalInfo/>
						<Properties>
							<ObjectBelonging>Adopted</ObjectBelonging>
							<Name>СуммаНДСМеталла</Name>
							<Comment/>
							<ExtendedConfigurationObject>accd5ade-ced8-457e-bf6c-2fdcc4cba3e7</ExtendedConfigurationObject>
							<Type>
								<v8:Type>xs:decimal</v8:Type>
								<v8:NumberQualifiers>
									<v8:Digits>15</v8:Digits>
									<v8:FractionDigits>2</v8:FractionDigits>
									<v8:AllowedSign>Any</v8:AllowedSign>
								</v8:NumberQualifiers>
							</Type>
						</Properties>
					</Attribute>
					<Attribute uuid="c667535b-7343-4b02-b59d-333125836920">
						<InternalInfo/>
						<Properties>
							<ObjectBelonging>Adopted</ObjectBelonging>
							<Name>СуммаНДСРабот</Name>
							<Comment/>
							<ExtendedConfigurationObject>0c77bdd3-0e92-4b93-8884-22e12f75ddc2</ExtendedConfigurationObject>
							<Type>
								<v8:Type>xs:decimal</v8:Type>
								<v8:NumberQualifiers>
									<v8:Digits>15</v8:Digits>
									<v8:FractionDigits>2</v8:FractionDigits>
									<v8:AllowedSign>Any</v8:AllowedSign>
								</v8:NumberQualifiers>
							</Type>
						</Properties>
					</Attribute>
					<Attribute uuid="806bc4c0-305d-480a-acd0-1224f39dc5e8">
						<InternalInfo/>
						<Properties>
							<ObjectBelonging>Adopted</ObjectBelonging>
							<Name>ВесПотерь</Name>
							<Comment/>
							<ExtendedConfigurationObject>25d80fd3-335a-47b4-9337-2a531add1b0a</ExtendedConfigurationObject>
							<Type>
								<v8:Type>xs:decimal</v8:Type>
								<v8:NumberQualifiers>
									<v8:Digits>10</v8:Digits>
									<v8:FractionDigits>3</v8:FractionDigits>
									<v8:AllowedSign>Any</v8:AllowedSign>
								</v8:NumberQualifiers>
							</Type>
						</Properties>
					</Attribute>
					<Attribute uuid="baea5b9f-9928-4bc8-9a6c-b9e07a85f490">
						<InternalInfo/>
						<Properties>
							<ObjectBelonging>Adopted</ObjectBelonging>
							<Name>Цена</Name>
							<Comment/>
							<ExtendedConfigurationObject>eb548b11-82a0-4fd8-b49d-453ce807b7ff</ExtendedConfigurationObject>
							<Type>
								<v8:Type>xs:decimal</v8:Type>
								<v8:NumberQualifiers>
									<v8:Digits>15</v8:Digits>
									<v8:FractionDigits>2</v8:FractionDigits>
									<v8:AllowedSign>Nonnegative</v8:AllowedSign>
								</v8:NumberQualifiers>
							</Type>
						</Properties>
					</Attribute>
					<Attribute uuid="4496448b-bc60-4e86-ae58-3395449a8279">
						<InternalInfo/>
						<Properties>
							<ObjectBelonging>Adopted</ObjectBelonging>
							<Name>КлючСвязи</Name>
							<Comment/>
							<ExtendedConfigurationObject>4cabdeb8-76e2-4fef-b366-6fbc675b7bc3</ExtendedConfigurationObject>
							<Type>
								<v8:Type>xs:decimal</v8:Type>
								<v8:NumberQualifiers>
									<v8:Digits>5</v8:Digits>
									<v8:FractionDigits>0</v8:FractionDigits>
									<v8:AllowedSign>Nonnegative</v8:AllowedSign>
								</v8:NumberQualifiers>
							</Type>
						</Properties>
					</Attribute>
					<Attribute uuid="14aa1f89-ff7b-44a6-94fd-e69e0432e2bc">
						<InternalInfo/>
						<Properties>
							<ObjectBelonging>Adopted</ObjectBelonging>
							<Name>Номенклатура</Name>
							<Comment/>
							<ExtendedConfigurationObject>276b3fd9-c320-479c-8ad5-3a7323793109</ExtendedConfigurationObject>
							<Type>
								<v8:Type>cfg:CatalogRef.Номенклатура</v8:Type>
							</Type>
						</Properties>
					</Attribute>
					<Attribute uuid="94e88102-555d-4d79-b558-481cd165c83a">
						<InternalInfo/>
						<Properties>
							<ObjectBelonging>Adopted</ObjectBelonging>
							<Name>СтоимостьВставок</Name>
							<Comment/>
							<ExtendedConfigurationObject>15ea29cf-8cb3-49c2-850a-f2d71b964ed8</ExtendedConfigurationObject>
							<Type>
								<v8:Type>xs:decimal</v8:Type>
								<v8:NumberQualifiers>
									<v8:Digits>15</v8:Digits>
									<v8:FractionDigits>2</v8:FractionDigits>
									<v8:AllowedSign>Nonnegative</v8:AllowedSign>
								</v8:NumberQualifiers>
							</Type>
						</Properties>
					</Attribute>
					<Attribute uuid="11a23972-b3dc-457b-b279-58c079dd7426">
						<InternalInfo/>
						<Properties>
							<ObjectBelonging>Adopted</ObjectBelonging>
							<Name>ЗаказКлиента</Name>
							<Comment/>
							<ExtendedConfigurationObject>33cea58f-77f5-4c8e-81bb-cf8f919df48f</ExtendedConfigurationObject>
							<Type>
								<v8:Type>cfg:DocumentRef.ЗаказКлиента</v8:Type>
							</Type>
						</Properties>
					</Attribute>
					<Attribute uuid="3b9802f5-f851-4b4a-8b3c-884fef1d0d8c">
						<InternalInfo/>
						<Properties>
							<ObjectBelonging>Adopted</ObjectBelonging>
							<Name>ХарактеристикаНоменклатуры</Name>
							<Comment/>
							<ExtendedConfigurationObject>d2d4c19d-1391-4aaf-826f-973986ef6588</ExtendedConfigurationObject>
							<Type>
								<v8:Type>cfg:CatalogRef.ХарактеристикиНоменклатуры</v8:Type>
							</Type>
						</Properties>
					</Attribute>
					<Attribute uuid="12397432-f8ab-447b-aa5a-aa167f15ae9b">
						<InternalInfo/>
						<Properties>
							<ObjectBelonging>Adopted</ObjectBelonging>
							<Name>Размер</Name>
							<Comment/>
							<ExtendedConfigurationObject>68825c30-fe5d-4bc2-a13b-03f3e28cb23f</ExtendedConfigurationObject>
							<Type>
								<v8:Type>cfg:CatalogRef.Размер</v8:Type>
							</Type>
						</Properties>
					</Attribute>
					<Attribute uuid="f530fb6d-f253-4dbc-a893-e615900baf4c">
						<InternalInfo/>
						<Properties>
							<ObjectBelonging>Adopted</ObjectBelonging>
							<Name>СерияНоменклатуры</Name>
							<Comment/>
							<ExtendedConfigurationObject>a566b96d-462f-44ad-9a3c-291842517beb</ExtendedConfigurationObject>
							<Type>
								<v8:Type>cfg:CatalogRef.СерииНоменклатуры</v8:Type>
							</Type>
						</Properties>
					</Attribute>
					<Attribute uuid="38ba0dd2-cd2a-48a9-93bc-3596158beafe">
						<InternalInfo/>
						<Properties>
							<ObjectBelonging>Adopted</ObjectBelonging>
							<Name>Количество</Name>
							<Comment/>
							<ExtendedConfigurationObject>811c0d0d-5797-4594-a940-1bd7b8b32c94</ExtendedConfigurationObject>
							<Type>
								<v8:Type>xs:decimal</v8:Type>
								<v8:NumberQualifiers>
									<v8:Digits>15</v8:Digits>
									<v8:FractionDigits>0</v8:FractionDigits>
									<v8:AllowedSign>Nonnegative</v8:AllowedSign>
								</v8:NumberQualifiers>
							</Type>
						</Properties>
					</Attribute>
					<Attribute uuid="f377c324-2b1f-4b45-ac63-33aba3a04ab5">
						<InternalInfo/>
						<Properties>
							<ObjectBelonging>Adopted</ObjectBelonging>
							<Name>Вес</Name>
							<Comment/>
							<ExtendedConfigurationObject>7f9446ff-b7f1-4e01-90ed-980b7c3ccd54</ExtendedConfigurationObject>
							<Type>
								<v8:Type>xs:decimal</v8:Type>
								<v8:NumberQualifiers>
									<v8:Digits>15</v8:Digits>
									<v8:FractionDigits>3</v8:FractionDigits>
									<v8:AllowedSign>Any</v8:AllowedSign>
								</v8:NumberQualifiers>
							</Type>
						</Properties>
					</Attribute>
					<Attribute uuid="671f3640-8e98-42c2-9f64-5a0493df430f">
						<InternalInfo/>
						<Properties>
							<ObjectBelonging>Adopted</ObjectBelonging>
							<Name>ВесВставок</Name>
							<Comment/>
							<ExtendedConfigurationObject>14b420e6-48bc-47ff-82a4-4dc819801249</ExtendedConfigurationObject>
							<Type>
								<v8:Type>xs:decimal</v8:Type>
								<v8:NumberQualifiers>
									<v8:Digits>15</v8:Digits>
									<v8:FractionDigits>3</v8:FractionDigits>
									<v8:AllowedSign>Any</v8:AllowedSign>
								</v8:NumberQualifiers>
							</Type>
						</Properties>
					</Attribute>
					<Attribute uuid="885edac8-1aac-479e-9893-8099b42e85d6">
						<InternalInfo/>
						<Properties>
							<ObjectBelonging>Adopted</ObjectBelonging>
							<Name>ВесЧистоты</Name>
							<Comment/>
							<ExtendedConfigurationObject>71dfd645-b257-4ba3-b968-4e7cc9664184</ExtendedConfigurationObject>
							<Type>
								<v8:Type>xs:decimal</v8:Type>
								<v8:NumberQualifiers>
									<v8:Digits>10</v8:Digits>
									<v8:FractionDigits>3</v8:FractionDigits>
									<v8:AllowedSign>Any</v8:AllowedSign>
								</v8:NumberQualifiers>
							</Type>
						</Properties>
					</Attribute>
					<Attribute uuid="c4307b29-9e1f-4975-9930-e1bc4df0afa9">
						<InternalInfo/>
						<Properties>
							<ObjectBelonging>Adopted</ObjectBelonging>
							<Name>СтоимостьРабот</Name>
							<Comment/>
							<ExtendedConfigurationObject>a074788e-20fa-4103-80c2-e7efbe303522</ExtendedConfigurationObject>
							<Type>
								<v8:Type>xs:decimal</v8:Type>
								<v8:NumberQualifiers>
									<v8:Digits>15</v8:Digits>
									<v8:FractionDigits>2</v8:FractionDigits>
									<v8:AllowedSign>Nonnegative</v8:AllowedSign>
								</v8:NumberQualifiers>
							</Type>
						</Properties>
					</Attribute>
					<Attribute uuid="336a54f5-999b-43ec-b7cd-9df26c76e63c">
						<InternalInfo/>
						<Properties>
							<ObjectBelonging>Adopted</ObjectBelonging>
							<Name>СтоимостьМеталла</Name>
							<Comment/>
							<ExtendedConfigurationObject>dcc9f3ef-1cde-45a6-b237-43d9d098666e</ExtendedConfigurationObject>
							<Type>
								<v8:Type>xs:decimal</v8:Type>
								<v8:NumberQualifiers>
									<v8:Digits>15</v8:Digits>
									<v8:FractionDigits>2</v8:FractionDigits>
									<v8:AllowedSign>Nonnegative</v8:AllowedSign>
								</v8:NumberQualifiers>
							</Type>
						</Properties>
					</Attribute>
					<Attribute uuid="25a36426-fd35-444b-a268-5a034a413d0b">
						<InternalInfo/>
						<Properties>
							<ObjectBelonging>Adopted</ObjectBelonging>
							<Name>СуммаНДСВставок</Name>
							<Comment/>
							<ExtendedConfigurationObject>413eb80a-2c23-4e9a-af69-5cd5858b9b57</ExtendedConfigurationObject>
							<Type>
								<v8:Type>xs:decimal</v8:Type>
								<v8:NumberQualifiers>
									<v8:Digits>15</v8:Digits>
									<v8:FractionDigits>2</v8:FractionDigits>
									<v8:AllowedSign>Any</v8:AllowedSign>
								</v8:NumberQualifiers>
							</Type>
						</Properties>
					</Attribute>
					<Attribute uuid="f3971892-0af1-4e53-9512-da40e7a1a747">
						<InternalInfo/>
						<Properties>
							<ObjectBelonging>Adopted</ObjectBelonging>
							<Name>Сумма</Name>
							<Comment/>
							<ExtendedConfigurationObject>789a881a-4524-4f2f-8a48-05ff39ded553</ExtendedConfigurationObject>
							<Type>
								<v8:Type>xs:decimal</v8:Type>
								<v8:NumberQualifiers>
									<v8:Digits>15</v8:Digits>
									<v8:FractionDigits>2</v8:FractionDigits>
									<v8:AllowedSign>Nonnegative</v8:AllowedSign>
								</v8:NumberQualifiers>
							</Type>
						</Properties>
					</Attribute>
					<Attribute uuid="6d0a2c20-03da-4e66-92f8-bb1108aabf8f">
						<InternalInfo/>
						<Properties>
							<ObjectBelonging>Adopted</ObjectBelonging>
							<Name>СтавкаНДС</Name>
							<Comment/>
							<ExtendedConfigurationObject>86f42469-569e-4ce0-be3a-70ac4c6c2ad7</ExtendedConfigurationObject>
							<Type>
								<v8:Type>cfg:EnumRef.СтавкиНДС</v8:Type>
							</Type>
						</Properties>
					</Attribute>
					<Attribute uuid="621ecab4-1ec9-4051-bb53-0ad45498f707">
						<InternalInfo/>
						<Properties>
							<ObjectBelonging>Adopted</ObjectBelonging>
							<Name>СуммаНДС</Name>
							<Comment/>
							<ExtendedConfigurationObject>b1bf99be-465e-4b0a-bdce-b27ac03e2d2c</ExtendedConfigurationObject>
							<Type>
								<v8:Type>xs:decimal</v8:Type>
								<v8:NumberQualifiers>
									<v8:Digits>15</v8:Digits>
									<v8:FractionDigits>2</v8:FractionDigits>
									<v8:AllowedSign>Nonnegative</v8:AllowedSign>
								</v8:NumberQualifiers>
							</Type>
						</Properties>
					</Attribute>
				</ChildObjects>
			</TabularSection>
			<TabularSection uuid="b4ec36ee-43f8-43c2-a65d-f84e800cbc48">
				<InternalInfo>
					<xr:GeneratedType name="DocumentTabularSection.ВозвратПродукцииВПроизводство.ПартииСписания" category="TabularSection">
						<xr:TypeId>a5b57691-c528-4015-a97c-f23d322e4fb3</xr:TypeId>
						<xr:ValueId>fc8e1276-8269-4dd1-a2ed-81455a4043cb</xr:ValueId>
					</xr:GeneratedType>
					<xr:GeneratedType name="DocumentTabularSectionRow.ВозвратПродукцииВПроизводство.ПартииСписания" category="TabularSectionRow">
						<xr:TypeId>7e91c03e-b7ac-4fb4-8986-04cfe2cfa529</xr:TypeId>
						<xr:ValueId>a6d752aa-8f81-421a-8d59-2867e2118b1d</xr:ValueId>
					</xr:GeneratedType>
				</InternalInfo>
				<Properties>
					<ObjectBelonging>Adopted</ObjectBelonging>
					<Name>ПартииСписания</Name>
					<Comment/>
					<ExtendedConfigurationObject>a5176e28-405a-4194-9a5b-177a142cc103</ExtendedConfigurationObject>
				</Properties>
				<ChildObjects>
					<Attribute uuid="c7a57111-d8ff-4f70-9421-d4dc8c59fa50">
						<InternalInfo/>
						<Properties>
							<ObjectBelonging>Adopted</ObjectBelonging>
							<Name>Потери</Name>
							<Comment/>
							<ExtendedConfigurationObject>c7a15d07-1705-4b44-ab63-91f0564c5498</ExtendedConfigurationObject>
							<Type>
								<v8:Type>xs:decimal</v8:Type>
								<v8:NumberQualifiers>
									<v8:Digits>15</v8:Digits>
									<v8:FractionDigits>3</v8:FractionDigits>
									<v8:AllowedSign>Any</v8:AllowedSign>
								</v8:NumberQualifiers>
							</Type>
						</Properties>
					</Attribute>
					<Attribute uuid="778f08d3-771a-468f-be62-ec6cb9028da3">
						<InternalInfo/>
						<Properties>
							<ObjectBelonging>Adopted</ObjectBelonging>
							<Name>ХарактеристикаНоменклатуры</Name>
							<Comment/>
							<ExtendedConfigurationObject>d3a5588c-085f-4722-a846-3f3014e29f55</ExtendedConfigurationObject>
							<Type>
								<v8:Type>cfg:CatalogRef.ХарактеристикиНоменклатуры</v8:Type>
							</Type>
						</Properties>
					</Attribute>
					<Attribute uuid="2674a0c8-d9aa-4cf6-9acb-fb2b1c2369d7">
						<InternalInfo/>
						<Properties>
							<ObjectBelonging>Adopted</ObjectBelonging>
							<Name>Стоимость</Name>
							<Comment/>
							<ExtendedConfigurationObject>12aa9c57-167c-4f3c-93de-ae9efdac0d26</ExtendedConfigurationObject>
							<Type>
								<v8:Type>xs:decimal</v8:Type>
								<v8:NumberQualifiers>
									<v8:Digits>15</v8:Digits>
									<v8:FractionDigits>2</v8:FractionDigits>
									<v8:AllowedSign>Any</v8:AllowedSign>
								</v8:NumberQualifiers>
							</Type>
						</Properties>
					</Attribute>
					<Attribute uuid="1640a0fc-f9f4-4d17-b3df-9a7a5546248d">
						<InternalInfo/>
						<Properties>
							<ObjectBelonging>Adopted</ObjectBelonging>
							<Name>КлючСвязи</Name>
							<Comment/>
							<ExtendedConfigurationObject>205213b8-e931-42b0-9c19-d7f6c67e1080</ExtendedConfigurationObject>
							<Type>
								<v8:Type>xs:decimal</v8:Type>
								<v8:NumberQualifiers>
									<v8:Digits>5</v8:Digits>
									<v8:FractionDigits>0</v8:FractionDigits>
									<v8:AllowedSign>Nonnegative</v8:AllowedSign>
								</v8:NumberQualifiers>
							</Type>
						</Properties>
					</Attribute>
					<Attribute uuid="9a377e5c-f1d9-40b6-aa87-31c6e084ebb0">
						<InternalInfo/>
						<Properties>
							<ObjectBelonging>Adopted</ObjectBelonging>
							<Name>Номенклатура</Name>
							<Comment/>
							<ExtendedConfigurationObject>c1139c1d-c364-4ac1-80b3-82688ebfa9c2</ExtendedConfigurationObject>
							<Type>
								<v8:TypeSet>cfg:AnyRef</v8:TypeSet>
							</Type>
						</Properties>
					</Attribute>
					<Attribute uuid="0b17ac82-31be-42a4-9609-be57c48abc22">
						<InternalInfo/>
						<Properties>
							<ObjectBelonging>Adopted</ObjectBelonging>
							<Name>Размер</Name>
							<Comment/>
							<ExtendedConfigurationObject>e2425c02-e184-419c-8368-e55f39edbf1a</ExtendedConfigurationObject>
							<Type>
								<v8:Type>cfg:CatalogRef.Размер</v8:Type>
							</Type>
						</Properties>
					</Attribute>
					<Attribute uuid="722e997e-5642-4147-82bd-d9877d253fbb">
						<InternalInfo/>
						<Properties>
							<ObjectBelonging>Adopted</ObjectBelonging>
							<Name>СерияНоменклатуры</Name>
							<Comment/>
							<ExtendedConfigurationObject>70e1a5ba-42ba-45c4-9817-2bc72bd9c746</ExtendedConfigurationObject>
							<Type>
								<v8:Type>cfg:CatalogRef.СерииНоменклатуры</v8:Type>
							</Type>
						</Properties>
					</Attribute>
					<Attribute uuid="760677e8-5bd7-4612-be96-5270cf6bec87">
						<InternalInfo/>
						<Properties>
							<ObjectBelonging>Adopted</ObjectBelonging>
							<Name>ДокументОприходования</Name>
							<Comment/>
							<ExtendedConfigurationObject>747ab524-b9c1-4a8d-9d8e-b273bff716a9</ExtendedConfigurationObject>
							<Type>
								<v8:TypeSet>cfg:AnyRef</v8:TypeSet>
							</Type>
						</Properties>
					</Attribute>
					<Attribute uuid="6d7e2e84-45bf-4597-a016-b2a61232923c">
						<InternalInfo/>
						<Properties>
							<ObjectBelonging>Adopted</ObjectBelonging>
							<Name>Вес</Name>
							<Comment/>
							<ExtendedConfigurationObject>eb2cb609-ab24-4bdf-9c53-a5341a94674b</ExtendedConfigurationObject>
							<Type>
								<v8:Type>xs:decimal</v8:Type>
								<v8:NumberQualifiers>
									<v8:Digits>15</v8:Digits>
									<v8:FractionDigits>3</v8:FractionDigits>
									<v8:AllowedSign>Any</v8:AllowedSign>
								</v8:NumberQualifiers>
							</Type>
						</Properties>
					</Attribute>
					<Attribute uuid="175435d1-a0fc-4495-8a06-f9c956a7574d">
						<InternalInfo/>
						<Properties>
							<ObjectBelonging>Adopted</ObjectBelonging>
							<Name>Количество</Name>
							<Comment/>
							<ExtendedConfigurationObject>13a39d21-a249-444e-a3a6-5686223f06d0</ExtendedConfigurationObject>
							<Type>
								<v8:Type>xs:decimal</v8:Type>
								<v8:NumberQualifiers>
									<v8:Digits>15</v8:Digits>
									<v8:FractionDigits>0</v8:FractionDigits>
									<v8:AllowedSign>Nonnegative</v8:AllowedSign>
								</v8:NumberQualifiers>
							</Type>
						</Properties>
					</Attribute>
					<Attribute uuid="20b68385-8e43-4135-8393-75a7abc4e8b3">
						<InternalInfo/>
						<Properties>
							<ObjectBelonging>Adopted</ObjectBelonging>
							<Name>СтоимостьБезНДС</Name>
							<Comment/>
							<ExtendedConfigurationObject>bab45934-0717-4375-84bf-17e52bae7fe6</ExtendedConfigurationObject>
							<Type>
								<v8:Type>xs:decimal</v8:Type>
								<v8:NumberQualifiers>
									<v8:Digits>15</v8:Digits>
									<v8:FractionDigits>2</v8:FractionDigits>
									<v8:AllowedSign>Any</v8:AllowedSign>
								</v8:NumberQualifiers>
							</Type>
						</Properties>
					</Attribute>
				</ChildObjects>
			</TabularSection>
		</ChildObjects>
	</Document>
</MetaDataObject>