﻿<?xml version="1.0" encoding="UTF-8"?>
<MetaDataObject xmlns="http://v8.1c.ru/8.3/MDClasses" xmlns:app="http://v8.1c.ru/8.2/managed-application/core" xmlns:cfg="http://v8.1c.ru/8.1/data/enterprise/current-config" xmlns:cmi="http://v8.1c.ru/8.2/managed-application/cmi" xmlns:ent="http://v8.1c.ru/8.1/data/enterprise" xmlns:lf="http://v8.1c.ru/8.2/managed-application/logform" xmlns:style="http://v8.1c.ru/8.1/data/ui/style" xmlns:sys="http://v8.1c.ru/8.1/data/ui/fonts/system" xmlns:v8="http://v8.1c.ru/8.1/data/core" xmlns:v8ui="http://v8.1c.ru/8.1/data/ui" xmlns:web="http://v8.1c.ru/8.1/data/ui/colors/web" xmlns:win="http://v8.1c.ru/8.1/data/ui/colors/windows" xmlns:xen="http://v8.1c.ru/8.3/xcf/enums" xmlns:xpr="http://v8.1c.ru/8.3/xcf/predef" xmlns:xr="http://v8.1c.ru/8.3/xcf/readable" xmlns:xs="http://www.w3.org/2001/XMLSchema" xmlns:xsi="http://www.w3.org/2001/XMLSchema-instance" version="2.18">
	<Document uuid="75b8ff29-4527-4b32-9e5d-7ab7c5cff91f">
		<InternalInfo>
			<xr:GeneratedType name="DocumentObject.ВозвратТоваровПоставщику" category="Object">
				<xr:TypeId>836e6ad2-1baa-4e63-b96d-3e4e80f0ca17</xr:TypeId>
				<xr:ValueId>aa3dc5ee-5221-47c0-b787-b157399919e4</xr:ValueId>
			</xr:GeneratedType>
			<xr:GeneratedType name="DocumentRef.ВозвратТоваровПоставщику" category="Ref">
				<xr:TypeId>f440bcf3-ef13-44d8-83da-b23da0d4e0ba</xr:TypeId>
				<xr:ValueId>c1ce7e6a-e4c7-4d56-96ea-596d9df0bdfc</xr:ValueId>
			</xr:GeneratedType>
			<xr:GeneratedType name="DocumentSelection.ВозвратТоваровПоставщику" category="Selection">
				<xr:TypeId>18451bf5-5a08-4d5a-9943-bf10301fce22</xr:TypeId>
				<xr:ValueId>5c1c697a-4bb2-49f1-bded-f6d9bbe12f7e</xr:ValueId>
			</xr:GeneratedType>
			<xr:GeneratedType name="DocumentList.ВозвратТоваровПоставщику" category="List">
				<xr:TypeId>dbd87cae-cb1f-4bba-8c6b-ca23c331e2be</xr:TypeId>
				<xr:ValueId>911f2780-f344-4462-85b2-af0a4389f89c</xr:ValueId>
			</xr:GeneratedType>
			<xr:GeneratedType name="DocumentManager.ВозвратТоваровПоставщику" category="Manager">
				<xr:TypeId>ba116b58-3da3-49ec-8076-0029c11c5664</xr:TypeId>
				<xr:ValueId>2c2ca6f3-8685-4bbd-ac3a-e967e57cb497</xr:ValueId>
			</xr:GeneratedType>
		</InternalInfo>
		<Properties>
			<ObjectBelonging>Adopted</ObjectBelonging>
			<Name>ВозвратТоваровПоставщику</Name>
			<Comment/>
			<ExtendedConfigurationObject>9af314f8-c5a7-4827-9571-91f3f7e96af1</ExtendedConfigurationObject>
			<RegisterRecords/>
		</Properties>
		<ChildObjects>
			<Form>ФормаДокументаУ</Form>
			<Form>ФормаПодбораРеализаций</Form>
			<TabularSection uuid="e9c015b2-a959-42fd-b66f-c1678dd8c058">
				<InternalInfo>
					<xr:GeneratedType name="DocumentTabularSection.ВозвратТоваровПоставщику.РеализацииОснования" category="TabularSection">
						<xr:TypeId>8ac9a817-d53f-497d-bd46-ff7268fccfa9</xr:TypeId>
						<xr:ValueId>ab332587-5894-4621-ab9a-29458d57a087</xr:ValueId>
					</xr:GeneratedType>
					<xr:GeneratedType name="DocumentTabularSectionRow.ВозвратТоваровПоставщику.РеализацииОснования" category="TabularSectionRow">
						<xr:TypeId>356c4c59-e1a0-4edb-9039-d0af8b1230f8</xr:TypeId>
						<xr:ValueId>d07b17f2-e699-4397-87b4-ca77b3bd98a4</xr:ValueId>
					</xr:GeneratedType>
				</InternalInfo>
				<Properties>
					<Name>РеализацииОснования</Name>
					<Synonym>
						<v8:item>
							<v8:lang>ru</v8:lang>
							<v8:content>Реализации основания</v8:content>
						</v8:item>
					</Synonym>
					<Comment/>
					<ToolTip/>
					<FillChecking>DontCheck</FillChecking>
				</Properties>
				<ChildObjects>
					<Attribute uuid="e958ae09-c275-45a7-bc63-57acb841064d">
						<Properties>
							<Name>Реализация</Name>
							<Synonym>
								<v8:item>
									<v8:lang>ru</v8:lang>
									<v8:content>Реализация</v8:content>
								</v8:item>
							</Synonym>
							<Comment/>
							<Type>
								<v8:Type>cfg:DocumentRef.РеализацияТоваровУслуг</v8:Type>
							</Type>
							<PasswordMode>false</PasswordMode>
							<Format/>
							<EditFormat/>
							<ToolTip/>
							<MarkNegatives>false</MarkNegatives>
							<Mask/>
							<MultiLine>false</MultiLine>
							<ExtendedEdit>false</ExtendedEdit>
							<MinValue xsi:nil="true"/>
							<MaxValue xsi:nil="true"/>
							<FillChecking>DontCheck</FillChecking>
							<ChoiceFoldersAndItems>Items</ChoiceFoldersAndItems>
							<ChoiceParameterLinks/>
							<ChoiceParameters/>
							<QuickChoice>Auto</QuickChoice>
							<CreateOnInput>Auto</CreateOnInput>
							<ChoiceForm/>
							<LinkByType/>
							<ChoiceHistoryOnInput>Auto</ChoiceHistoryOnInput>
							<Indexing>DontIndex</Indexing>
							<FullTextSearch>Use</FullTextSearch>
							<DataHistory>Use</DataHistory>
						</Properties>
					</Attribute>
				</ChildObjects>
			</TabularSection>
		</ChildObjects>
	</Document>
</MetaDataObject>