﻿<?xml version="1.0" encoding="UTF-8"?>
<MetaDataObject xmlns="http://v8.1c.ru/8.3/MDClasses" xmlns:app="http://v8.1c.ru/8.2/managed-application/core" xmlns:cfg="http://v8.1c.ru/8.1/data/enterprise/current-config" xmlns:cmi="http://v8.1c.ru/8.2/managed-application/cmi" xmlns:ent="http://v8.1c.ru/8.1/data/enterprise" xmlns:lf="http://v8.1c.ru/8.2/managed-application/logform" xmlns:style="http://v8.1c.ru/8.1/data/ui/style" xmlns:sys="http://v8.1c.ru/8.1/data/ui/fonts/system" xmlns:v8="http://v8.1c.ru/8.1/data/core" xmlns:v8ui="http://v8.1c.ru/8.1/data/ui" xmlns:web="http://v8.1c.ru/8.1/data/ui/colors/web" xmlns:win="http://v8.1c.ru/8.1/data/ui/colors/windows" xmlns:xen="http://v8.1c.ru/8.3/xcf/enums" xmlns:xpr="http://v8.1c.ru/8.3/xcf/predef" xmlns:xr="http://v8.1c.ru/8.3/xcf/readable" xmlns:xs="http://www.w3.org/2001/XMLSchema" xmlns:xsi="http://www.w3.org/2001/XMLSchema-instance" version="2.18">
	<Document uuid="43b8ec8a-232c-4967-ba4c-99fd813cb0c2">
		<InternalInfo>
			<xr:GeneratedType name="DocumentObject.ЗаказКлиента" category="Object">
				<xr:TypeId>65de45ef-6ef6-448e-bb8b-ac48ae9f28b0</xr:TypeId>
				<xr:ValueId>3a9559fd-6203-4a94-a564-f59ef4049621</xr:ValueId>
			</xr:GeneratedType>
			<xr:GeneratedType name="DocumentRef.ЗаказКлиента" category="Ref">
				<xr:TypeId>2a25fab6-e6c1-44e6-b73e-96b2e42e0fa6</xr:TypeId>
				<xr:ValueId>2c3ead90-cacf-479f-bb68-697582f21d4d</xr:ValueId>
			</xr:GeneratedType>
			<xr:GeneratedType name="DocumentSelection.ЗаказКлиента" category="Selection">
				<xr:TypeId>2be0a84c-d97f-4462-892f-6206c8962494</xr:TypeId>
				<xr:ValueId>a4a3eb6a-ecc9-44bc-b09c-4e7df7144dd4</xr:ValueId>
			</xr:GeneratedType>
			<xr:GeneratedType name="DocumentList.ЗаказКлиента" category="List">
				<xr:TypeId>e74bb292-3a51-4658-a505-48951603dc81</xr:TypeId>
				<xr:ValueId>ce93f1af-2f58-455f-90a8-31ade41c6877</xr:ValueId>
			</xr:GeneratedType>
			<xr:GeneratedType name="DocumentManager.ЗаказКлиента" category="Manager">
				<xr:TypeId>66ba0e48-c693-43a5-bff6-3fd87dd716e6</xr:TypeId>
				<xr:ValueId>7e676121-fdc6-4e4e-b2a8-7947a36b11c6</xr:ValueId>
			</xr:GeneratedType>
		</InternalInfo>
		<Properties>
			<ObjectBelonging>Adopted</ObjectBelonging>
			<Name>ЗаказКлиента</Name>
			<Comment/>
			<ExtendedConfigurationObject>c1dccc32-c9d2-46da-ae69-a14dd3e250f4</ExtendedConfigurationObject>
			<RegisterRecords/>
		</Properties>
		<ChildObjects/>
	</Document>
</MetaDataObject>