﻿<?xml version="1.0" encoding="UTF-8"?>
<MetaDataObject xmlns="http://v8.1c.ru/8.3/MDClasses" xmlns:app="http://v8.1c.ru/8.2/managed-application/core" xmlns:cfg="http://v8.1c.ru/8.1/data/enterprise/current-config" xmlns:cmi="http://v8.1c.ru/8.2/managed-application/cmi" xmlns:ent="http://v8.1c.ru/8.1/data/enterprise" xmlns:lf="http://v8.1c.ru/8.2/managed-application/logform" xmlns:style="http://v8.1c.ru/8.1/data/ui/style" xmlns:sys="http://v8.1c.ru/8.1/data/ui/fonts/system" xmlns:v8="http://v8.1c.ru/8.1/data/core" xmlns:v8ui="http://v8.1c.ru/8.1/data/ui" xmlns:web="http://v8.1c.ru/8.1/data/ui/colors/web" xmlns:win="http://v8.1c.ru/8.1/data/ui/colors/windows" xmlns:xen="http://v8.1c.ru/8.3/xcf/enums" xmlns:xpr="http://v8.1c.ru/8.3/xcf/predef" xmlns:xr="http://v8.1c.ru/8.3/xcf/readable" xmlns:xs="http://www.w3.org/2001/XMLSchema" xmlns:xsi="http://www.w3.org/2001/XMLSchema-instance" version="2.18">
	<Document uuid="6b088101-97d3-4a3e-87ec-b32a5d342f09">
		<InternalInfo>
			<xr:GeneratedType name="DocumentObject.РеализацияТоваровУслуг" category="Object">
				<xr:TypeId>c7416ebb-e03e-489a-9858-4293f294f6ee</xr:TypeId>
				<xr:ValueId>e87d31ee-26fb-45d1-80f3-e1d2c50f48d1</xr:ValueId>
			</xr:GeneratedType>
			<xr:GeneratedType name="DocumentRef.РеализацияТоваровУслуг" category="Ref">
				<xr:TypeId>9e888998-4228-4f96-8ebd-e9a5bc5bfb12</xr:TypeId>
				<xr:ValueId>61d85a80-6175-419e-853e-5e98331e5da5</xr:ValueId>
			</xr:GeneratedType>
			<xr:GeneratedType name="DocumentSelection.РеализацияТоваровУслуг" category="Selection">
				<xr:TypeId>fb459794-007d-4819-abc5-211dbe73fb1d</xr:TypeId>
				<xr:ValueId>c15ab128-54c4-49f5-a671-b9be735c6dbf</xr:ValueId>
			</xr:GeneratedType>
			<xr:GeneratedType name="DocumentList.РеализацияТоваровУслуг" category="List">
				<xr:TypeId>009c46e0-e3b2-44f3-94c6-f3c4189a8010</xr:TypeId>
				<xr:ValueId>7e82e57b-e851-4b08-ace2-24110d46a89d</xr:ValueId>
			</xr:GeneratedType>
			<xr:GeneratedType name="DocumentManager.РеализацияТоваровУслуг" category="Manager">
				<xr:TypeId>86bbaca8-53d5-4976-83bc-cddbc5679a6f</xr:TypeId>
				<xr:ValueId>264a1528-d7de-4269-a350-a9ef303b397f</xr:ValueId>
			</xr:GeneratedType>
		</InternalInfo>
		<Properties>
			<ObjectBelonging>Adopted</ObjectBelonging>
			<Name>РеализацияТоваровУслуг</Name>
			<Comment/>
			<ExtendedConfigurationObject>6e3d2ddf-e57f-4a32-8953-61054fb9ba62</ExtendedConfigurationObject>
			<NumberType>String</NumberType>
			<NumberLength>11</NumberLength>
			<NumberAllowedLength>Fixed</NumberAllowedLength>
			<RegisterRecords/>
		</Properties>
		<ChildObjects>
			<Attribute uuid="b6723bd5-8655-48b9-8c20-a79c63ca9e07">
				<InternalInfo/>
				<Properties>
					<ObjectBelonging>Adopted</ObjectBelonging>
					<Name>ДоговорКонтрагента</Name>
					<Comment/>
					<ExtendedConfigurationObject>7512af1c-b244-4e82-8011-2aa78c5e5465</ExtendedConfigurationObject>
					<Type>
						<v8:Type>cfg:CatalogRef.ДоговорыКонтрагентов</v8:Type>
					</Type>
				</Properties>
			</Attribute>
			<Attribute uuid="fc26d043-5923-4678-9fd6-e0329723e669">
				<InternalInfo/>
				<Properties>
					<ObjectBelonging>Adopted</ObjectBelonging>
					<Name>Склад</Name>
					<Comment/>
					<ExtendedConfigurationObject>1baafeeb-4d49-4373-a38b-007b915cbd36</ExtendedConfigurationObject>
					<Type>
						<v8:Type>cfg:CatalogRef.Склады</v8:Type>
					</Type>
				</Properties>
			</Attribute>
			<Attribute uuid="1d2f6454-2262-441b-9889-aaed6b722b32">
				<InternalInfo/>
				<Properties>
					<ObjectBelonging>Adopted</ObjectBelonging>
					<Name>АдресДоставкиСтрокой</Name>
					<Comment/>
					<ExtendedConfigurationObject>33318eeb-c278-4e3f-8d6a-d1f541f002ae</ExtendedConfigurationObject>
					<Type>
						<v8:Type>xs:string</v8:Type>
						<v8:StringQualifiers>
							<v8:Length>0</v8:Length>
							<v8:AllowedLength>Variable</v8:AllowedLength>
						</v8:StringQualifiers>
					</Type>
				</Properties>
			</Attribute>
			<Attribute uuid="5fefb31d-d668-4f41-8a3c-3534ad38e658">
				<InternalInfo/>
				<Properties>
					<ObjectBelonging>Adopted</ObjectBelonging>
					<Name>УчитыватьВесВставок</Name>
					<Comment/>
					<ExtendedConfigurationObject>c5e80a53-ebc6-4c3f-ba58-93259189e073</ExtendedConfigurationObject>
					<Type>
						<v8:Type>xs:boolean</v8:Type>
					</Type>
				</Properties>
			</Attribute>
			<Attribute uuid="59cdcbec-6d23-4475-96ff-aa24dce1a175">
				<InternalInfo/>
				<Properties>
					<ObjectBelonging>Adopted</ObjectBelonging>
					<Name>Грузополучатель</Name>
					<Comment/>
					<ExtendedConfigurationObject>c50213c3-0999-4779-b2b3-015487c5ddec</ExtendedConfigurationObject>
					<Type>
						<v8:Type>cfg:CatalogRef.Контрагенты</v8:Type>
					</Type>
				</Properties>
			</Attribute>
			<Attribute uuid="a188c3d8-9e37-4f60-97a1-41b6b1b8fe3f">
				<InternalInfo/>
				<Properties>
					<ObjectBelonging>Adopted</ObjectBelonging>
					<Name>Организация</Name>
					<Comment/>
					<ExtendedConfigurationObject>471b8c24-f6b1-4bee-86bb-e7d9fd70228d</ExtendedConfigurationObject>
					<Type>
						<v8:Type>cfg:CatalogRef.Организации</v8:Type>
					</Type>
				</Properties>
			</Attribute>
			<Attribute uuid="ffab3971-700f-414f-bd99-7e75ce6f0694">
				<InternalInfo/>
				<Properties>
					<ObjectBelonging>Adopted</ObjectBelonging>
					<Name>Контрагент</Name>
					<Comment/>
					<ExtendedConfigurationObject>8d4021e7-37f0-475c-bae9-c3dc7f8e7cd3</ExtendedConfigurationObject>
					<Type>
						<v8:Type>cfg:CatalogRef.Контрагенты</v8:Type>
					</Type>
				</Properties>
			</Attribute>
			<Attribute uuid="a434f1a9-dc56-4905-af18-750960b95869">
				<InternalInfo/>
				<Properties>
					<ObjectBelonging>Adopted</ObjectBelonging>
					<Name>Сделка</Name>
					<Comment/>
					<ExtendedConfigurationObject>c9e160ee-1022-4d6c-99be-a86bcd0fc283</ExtendedConfigurationObject>
					<Type>
						<v8:TypeSet>cfg:AnyRef</v8:TypeSet>
					</Type>
				</Properties>
			</Attribute>
			<Attribute uuid="5a7a364a-184b-4f80-8c85-e5032b38a714">
				<InternalInfo/>
				<Properties>
					<ObjectBelonging>Adopted</ObjectBelonging>
					<Name>ВыгружатьВГИИСДМДКЧекиККТ</Name>
					<Comment/>
					<ExtendedConfigurationObject>5822a826-3af6-4f1c-b077-23e3d0a5ebd4</ExtendedConfigurationObject>
					<Type>
						<v8:Type>xs:boolean</v8:Type>
					</Type>
				</Properties>
			</Attribute>
			<Attribute uuid="5ea7af51-370c-4723-bac8-97df5b88db07">
				<InternalInfo/>
				<Properties>
					<ObjectBelonging>Adopted</ObjectBelonging>
					<Name>НеКорректироватьСуммуНДС</Name>
					<Comment/>
					<ExtendedConfigurationObject>08c2e9e6-cd78-486d-8295-be878c42aee7</ExtendedConfigurationObject>
					<Type>
						<v8:Type>xs:boolean</v8:Type>
					</Type>
				</Properties>
			</Attribute>
			<Attribute uuid="076f33ca-d982-4b4f-9457-de4221ee26bc">
				<InternalInfo/>
				<Properties>
					<ObjectBelonging>Adopted</ObjectBelonging>
					<Name>ДокументОснование</Name>
					<Comment/>
					<ExtendedConfigurationObject>67f17e74-335f-44e9-bdab-a0a6f08fc9a8</ExtendedConfigurationObject>
					<Type>
						<v8:TypeSet>cfg:DocumentRef</v8:TypeSet>
					</Type>
				</Properties>
			</Attribute>
			<Attribute uuid="5b255146-7865-4188-a486-9266f75d6cd4">
				<InternalInfo/>
				<Properties>
					<ObjectBelonging>Adopted</ObjectBelonging>
					<Name>ДоверенностьВыдана</Name>
					<Comment/>
					<ExtendedConfigurationObject>fc852de3-fe42-4c41-a31a-72b003efa096</ExtendedConfigurationObject>
					<Type>
						<v8:Type>xs:string</v8:Type>
						<v8:StringQualifiers>
							<v8:Length>0</v8:Length>
							<v8:AllowedLength>Variable</v8:AllowedLength>
						</v8:StringQualifiers>
					</Type>
				</Properties>
			</Attribute>
			<Attribute uuid="2e062bee-c287-451a-86c4-51dff809c9ca">
				<InternalInfo/>
				<Properties>
					<ObjectBelonging>Adopted</ObjectBelonging>
					<Name>УсловияОплаты</Name>
					<Comment/>
					<ExtendedConfigurationObject>ccdfaf69-7457-4820-adeb-85d4cc515df6</ExtendedConfigurationObject>
					<Type>
						<v8:Type>cfg:CatalogRef.УсловияОплаты</v8:Type>
					</Type>
				</Properties>
			</Attribute>
			<Attribute uuid="1e0bab54-6ebe-44d8-8b11-04d839058239">
				<InternalInfo/>
				<Properties>
					<ObjectBelonging>Adopted</ObjectBelonging>
					<Name>БанковскийСчетОрганизации</Name>
					<Comment/>
					<ExtendedConfigurationObject>488b8db1-5a0b-483e-9549-d0db2c56657a</ExtendedConfigurationObject>
					<Type>
						<v8:Type>cfg:CatalogRef.БанковскиеСчета</v8:Type>
					</Type>
				</Properties>
			</Attribute>
			<Attribute uuid="bfd5a6d2-9b05-4699-9b01-7b7221ad1371">
				<InternalInfo/>
				<Properties>
					<ObjectBelonging>Adopted</ObjectBelonging>
					<Name>Грузоотправитель</Name>
					<Comment/>
					<ExtendedConfigurationObject>bf291fe2-80bd-4dab-b41f-8ce6512caf85</ExtendedConfigurationObject>
					<Type>
						<v8:Type>cfg:CatalogRef.Контрагенты</v8:Type>
					</Type>
				</Properties>
			</Attribute>
			<Attribute uuid="ba15ad7b-9d8d-4a9f-9dfc-73cd10240945">
				<InternalInfo/>
				<Properties>
					<ObjectBelonging>Adopted</ObjectBelonging>
					<Name>Грузоперевозчик</Name>
					<Comment/>
					<ExtendedConfigurationObject>a205f654-c0ce-4082-b932-6e69e5879b16</ExtendedConfigurationObject>
					<Type>
						<v8:Type>cfg:CatalogRef.Контрагенты</v8:Type>
					</Type>
				</Properties>
			</Attribute>
			<Attribute uuid="20b3b9ef-cbca-4312-958c-3848b0b5f7a9">
				<InternalInfo/>
				<Properties>
					<ObjectBelonging>Adopted</ObjectBelonging>
					<Name>ДатаПолучения</Name>
					<Comment/>
					<ExtendedConfigurationObject>09cfb078-3a9f-4534-9faa-07fcf1fa810e</ExtendedConfigurationObject>
					<Type>
						<v8:Type>xs:dateTime</v8:Type>
						<v8:DateQualifiers>
							<v8:DateFractions>Date</v8:DateFractions>
						</v8:DateQualifiers>
					</Type>
				</Properties>
			</Attribute>
			<Attribute uuid="eaad8622-3343-482b-a191-ad80c4f07220">
				<InternalInfo/>
				<Properties>
					<ObjectBelonging>Adopted</ObjectBelonging>
					<Name>Ответственный</Name>
					<Comment/>
					<ExtendedConfigurationObject>df3a29f8-7293-4a28-88e6-3c5327aed4a7</ExtendedConfigurationObject>
					<Type>
						<v8:Type>cfg:CatalogRef.Пользователи</v8:Type>
					</Type>
				</Properties>
			</Attribute>
			<Attribute uuid="ef2d0259-e812-4180-bd9e-4cd532131295">
				<InternalInfo/>
				<Properties>
					<ObjectBelonging>Adopted</ObjectBelonging>
					<Name>Подразделение</Name>
					<Comment/>
					<ExtendedConfigurationObject>4f5fd9cd-2765-482d-83a5-9c477be7ca09</ExtendedConfigurationObject>
					<Type>
						<v8:Type>cfg:CatalogRef.Подразделения</v8:Type>
					</Type>
				</Properties>
			</Attribute>
			<Attribute uuid="a76da447-b539-471e-a891-2441fb4c9795">
				<InternalInfo/>
				<Properties>
					<ObjectBelonging>Adopted</ObjectBelonging>
					<Name>ХозяйственнаяОперация</Name>
					<Comment/>
					<ExtendedConfigurationObject>1ad79547-75f5-4850-b080-b447160dab04</ExtendedConfigurationObject>
					<Type>
						<v8:Type>cfg:CatalogRef.ХозяйственныеОперации</v8:Type>
					</Type>
				</Properties>
			</Attribute>
			<Attribute uuid="c5787082-6c13-4352-afb0-a1269404d4eb">
				<InternalInfo/>
				<Properties>
					<ObjectBelonging>Adopted</ObjectBelonging>
					<Name>Проект</Name>
					<Comment/>
					<ExtendedConfigurationObject>64b7ed24-fe2c-48c6-a8a2-9978e0636e98</ExtendedConfigurationObject>
					<Type>
						<v8:Type>cfg:CatalogRef.Проекты</v8:Type>
					</Type>
				</Properties>
			</Attribute>
			<Attribute uuid="469ce0db-465d-4bfc-83fb-96c64d9e94de">
				<InternalInfo/>
				<Properties>
					<ObjectBelonging>Adopted</ObjectBelonging>
					<Name>ОтпускРазрешил</Name>
					<Comment/>
					<ExtendedConfigurationObject>a295b883-211d-448c-a03a-88197e17c1f2</ExtendedConfigurationObject>
					<Type>
						<v8:Type>cfg:CatalogRef.ФизическиеЛица</v8:Type>
					</Type>
				</Properties>
			</Attribute>
			<Attribute uuid="30eae3c6-8354-48b8-a496-57875c33f1b6">
				<InternalInfo/>
				<Properties>
					<ObjectBelonging>Adopted</ObjectBelonging>
					<Name>ОтпускПроизвел</Name>
					<Comment/>
					<ExtendedConfigurationObject>fcc1ece9-924f-4081-8072-07c9787a9f86</ExtendedConfigurationObject>
					<Type>
						<v8:Type>cfg:CatalogRef.ФизическиеЛица</v8:Type>
					</Type>
				</Properties>
			</Attribute>
			<Attribute uuid="1d791cca-a78b-4706-af5d-8381abf401fb">
				<InternalInfo/>
				<Properties>
					<ObjectBelonging>Adopted</ObjectBelonging>
					<Name>ДоверенностьНомер</Name>
					<Comment/>
					<ExtendedConfigurationObject>d40a232d-844b-4617-95c8-fbeb52ae3a0f</ExtendedConfigurationObject>
					<Type>
						<v8:Type>xs:string</v8:Type>
						<v8:StringQualifiers>
							<v8:Length>15</v8:Length>
							<v8:AllowedLength>Variable</v8:AllowedLength>
						</v8:StringQualifiers>
					</Type>
				</Properties>
			</Attribute>
			<Attribute uuid="577067be-c4d2-4fa0-b863-66a28ecd17c5">
				<InternalInfo/>
				<Properties>
					<ObjectBelonging>Adopted</ObjectBelonging>
					<Name>ДоверенностьДата</Name>
					<Comment/>
					<ExtendedConfigurationObject>45462427-6965-42cc-a756-f696c79bc05e</ExtendedConfigurationObject>
					<Type>
						<v8:Type>xs:dateTime</v8:Type>
						<v8:DateQualifiers>
							<v8:DateFractions>Date</v8:DateFractions>
						</v8:DateQualifiers>
					</Type>
				</Properties>
			</Attribute>
			<Attribute uuid="e72947e9-fe4d-4f89-95ba-ad5f592e6de7">
				<InternalInfo/>
				<Properties>
					<ObjectBelonging>Adopted</ObjectBelonging>
					<Name>ДоверенностьЧерезКого</Name>
					<Comment/>
					<ExtendedConfigurationObject>6860fa86-6fc5-4bc0-9792-cf4d927a823e</ExtendedConfigurationObject>
					<Type>
						<v8:Type>xs:string</v8:Type>
						<v8:StringQualifiers>
							<v8:Length>0</v8:Length>
							<v8:AllowedLength>Variable</v8:AllowedLength>
						</v8:StringQualifiers>
					</Type>
				</Properties>
			</Attribute>
			<Attribute uuid="2c56ad30-c0be-4e41-a569-e2605d39039f">
				<InternalInfo/>
				<Properties>
					<ObjectBelonging>Adopted</ObjectBelonging>
					<Name>ЭтоУниверсальныйДокумент</Name>
					<Comment/>
					<ExtendedConfigurationObject>b743d468-516c-47b5-a425-892a400b06f6</ExtendedConfigurationObject>
					<Type>
						<v8:Type>xs:boolean</v8:Type>
					</Type>
				</Properties>
			</Attribute>
			<Attribute uuid="059d92ce-7bba-4d7f-8670-15f250bd43d8">
				<InternalInfo/>
				<Properties>
					<ObjectBelonging>Adopted</ObjectBelonging>
					<Name>Комментарий</Name>
					<Comment/>
					<ExtendedConfigurationObject>5dbc0399-4110-40c9-934c-edebab7a9b0c</ExtendedConfigurationObject>
					<Type>
						<v8:Type>xs:string</v8:Type>
						<v8:StringQualifiers>
							<v8:Length>0</v8:Length>
							<v8:AllowedLength>Variable</v8:AllowedLength>
						</v8:StringQualifiers>
					</Type>
				</Properties>
			</Attribute>
			<Form>ФормаДокументаУ</Form>
			<Form>B1_ФормаВыбораДокумента</Form>
			<TabularSection uuid="f45af44b-43cb-4b2e-9d1b-3b3b3853b8e3">
				<InternalInfo>
					<xr:GeneratedType name="DocumentTabularSection.РеализацияТоваровУслуг.Товары" category="TabularSection">
						<xr:TypeId>5746b149-3a50-49a9-9474-42ca6ea43068</xr:TypeId>
						<xr:ValueId>695068d3-d2fe-407f-914b-77459ec578ce</xr:ValueId>
					</xr:GeneratedType>
					<xr:GeneratedType name="DocumentTabularSectionRow.РеализацияТоваровУслуг.Товары" category="TabularSectionRow">
						<xr:TypeId>0aa643a2-6e01-4dab-960e-ae530c615ff4</xr:TypeId>
						<xr:ValueId>9d5326a6-9027-4d15-9c4f-c15a134cd864</xr:ValueId>
					</xr:GeneratedType>
				</InternalInfo>
				<Properties>
					<ObjectBelonging>Adopted</ObjectBelonging>
					<Name>Товары</Name>
					<Comment/>
					<ExtendedConfigurationObject>7d35ba7a-9990-48fa-ba05-f755ccdc0906</ExtendedConfigurationObject>
				</Properties>
				<ChildObjects>
					<Attribute uuid="f0cf93d3-eab0-447b-86a8-43e01a4ddea1">
						<InternalInfo/>
						<Properties>
							<ObjectBelonging>Adopted</ObjectBelonging>
							<Name>ПроцентАвтоматическойСкидки</Name>
							<Comment/>
							<ExtendedConfigurationObject>ba50b22c-0d5c-4271-8b3f-9ac460ed2c7c</ExtendedConfigurationObject>
							<Type>
								<v8:Type>xs:decimal</v8:Type>
								<v8:NumberQualifiers>
									<v8:Digits>5</v8:Digits>
									<v8:FractionDigits>2</v8:FractionDigits>
									<v8:AllowedSign>Any</v8:AllowedSign>
								</v8:NumberQualifiers>
							</Type>
						</Properties>
					</Attribute>
					<Attribute uuid="4534407e-8dc3-4119-a1f1-9268733f1372">
						<InternalInfo/>
						<Properties>
							<ObjectBelonging>Adopted</ObjectBelonging>
							<Name>Вес</Name>
							<Comment/>
							<ExtendedConfigurationObject>db5ef894-70e7-4fff-8926-cc073926248a</ExtendedConfigurationObject>
							<Type>
								<v8:Type>xs:decimal</v8:Type>
								<v8:NumberQualifiers>
									<v8:Digits>15</v8:Digits>
									<v8:FractionDigits>3</v8:FractionDigits>
									<v8:AllowedSign>Any</v8:AllowedSign>
								</v8:NumberQualifiers>
							</Type>
						</Properties>
					</Attribute>
					<Attribute uuid="24a23f9a-1f3e-4a59-aca0-59a1860cff76">
						<InternalInfo/>
						<Properties>
							<ObjectBelonging>Adopted</ObjectBelonging>
							<Name>ИнтернетЗаказ</Name>
							<Comment/>
							<ExtendedConfigurationObject>9598c2c7-c673-483f-a1f7-179dbb67e567</ExtendedConfigurationObject>
							<Type>
								<v8:Type>cfg:DocumentRef.ИнтернетЗаказ</v8:Type>
							</Type>
						</Properties>
					</Attribute>
					<Attribute uuid="6bc9f070-0632-4905-8a28-2b6d076211bb">
						<InternalInfo/>
						<Properties>
							<ObjectBelonging>Adopted</ObjectBelonging>
							<Name>СуммаРучнойСкидки</Name>
							<Comment/>
							<ExtendedConfigurationObject>75434b1f-0edc-4d43-9d4b-01fc0ded2cb6</ExtendedConfigurationObject>
							<Type>
								<v8:Type>xs:decimal</v8:Type>
								<v8:NumberQualifiers>
									<v8:Digits>15</v8:Digits>
									<v8:FractionDigits>2</v8:FractionDigits>
									<v8:AllowedSign>Any</v8:AllowedSign>
								</v8:NumberQualifiers>
							</Type>
						</Properties>
					</Attribute>
					<Attribute uuid="3c597151-e7e7-4db0-ba4b-0e276560c4a6">
						<InternalInfo/>
						<Properties>
							<ObjectBelonging>Adopted</ObjectBelonging>
							<Name>СуммаНДС</Name>
							<Comment/>
							<ExtendedConfigurationObject>e4d82583-ad18-4107-adfb-f53737286f04</ExtendedConfigurationObject>
							<Type>
								<v8:Type>xs:decimal</v8:Type>
								<v8:NumberQualifiers>
									<v8:Digits>17</v8:Digits>
									<v8:FractionDigits>4</v8:FractionDigits>
									<v8:AllowedSign>Nonnegative</v8:AllowedSign>
								</v8:NumberQualifiers>
							</Type>
						</Properties>
					</Attribute>
					<Attribute uuid="c0789b3b-0cc4-4222-948b-552c223a9994">
						<InternalInfo/>
						<Properties>
							<ObjectBelonging>Adopted</ObjectBelonging>
							<Name>Количество</Name>
							<Comment/>
							<ExtendedConfigurationObject>b9a398d7-3de7-48da-8bfd-f824d30863e6</ExtendedConfigurationObject>
							<Type>
								<v8:Type>xs:decimal</v8:Type>
								<v8:NumberQualifiers>
									<v8:Digits>15</v8:Digits>
									<v8:FractionDigits>0</v8:FractionDigits>
									<v8:AllowedSign>Nonnegative</v8:AllowedSign>
								</v8:NumberQualifiers>
							</Type>
						</Properties>
					</Attribute>
					<Attribute uuid="51f18a72-1a85-4079-be04-ad1c1b490bac">
						<InternalInfo/>
						<Properties>
							<ObjectBelonging>Adopted</ObjectBelonging>
							<Name>СуммаАвтоматическойСкидки</Name>
							<Comment/>
							<ExtendedConfigurationObject>729e3557-9eff-4a62-8871-6e9a991f989b</ExtendedConfigurationObject>
							<Type>
								<v8:Type>xs:decimal</v8:Type>
								<v8:NumberQualifiers>
									<v8:Digits>15</v8:Digits>
									<v8:FractionDigits>2</v8:FractionDigits>
									<v8:AllowedSign>Any</v8:AllowedSign>
								</v8:NumberQualifiers>
							</Type>
						</Properties>
					</Attribute>
					<Attribute uuid="1a05e62c-3311-4f92-ab69-24506038a616">
						<InternalInfo/>
						<Properties>
							<ObjectBelonging>Adopted</ObjectBelonging>
							<Name>ХарактеристикаНоменклатуры</Name>
							<Comment/>
							<ExtendedConfigurationObject>1aaf7b5c-6646-4756-8bf6-4ae00caa6891</ExtendedConfigurationObject>
							<Type>
								<v8:Type>cfg:CatalogRef.ХарактеристикиНоменклатуры</v8:Type>
							</Type>
						</Properties>
					</Attribute>
					<Attribute uuid="bd29cfb1-e1a5-446d-911e-eae63699fe5c">
						<InternalInfo/>
						<Properties>
							<ObjectBelonging>Adopted</ObjectBelonging>
							<Name>Номенклатура</Name>
							<Comment/>
							<ExtendedConfigurationObject>2219a4d5-f242-49ff-9579-4a23ebb31df9</ExtendedConfigurationObject>
							<Type>
								<v8:Type>cfg:CatalogRef.Номенклатура</v8:Type>
							</Type>
						</Properties>
					</Attribute>
					<Attribute uuid="77bb26eb-f5df-4106-99d9-03eb75d1f455">
						<InternalInfo/>
						<Properties>
							<ObjectBelonging>Adopted</ObjectBelonging>
							<Name>Размер</Name>
							<Comment/>
							<ExtendedConfigurationObject>5ea17d8e-d4d2-4dfe-bd14-b892edfa2680</ExtendedConfigurationObject>
							<Type>
								<v8:Type>cfg:CatalogRef.Размер</v8:Type>
							</Type>
						</Properties>
					</Attribute>
					<Attribute uuid="043fcd5d-f6a2-4396-bca6-ea3b60fe43ce">
						<InternalInfo/>
						<Properties>
							<ObjectBelonging>Adopted</ObjectBelonging>
							<Name>СерияНоменклатуры</Name>
							<Comment/>
							<ExtendedConfigurationObject>c9fb3da1-7a22-4dea-8cde-4c19a6779609</ExtendedConfigurationObject>
							<Type>
								<v8:Type>cfg:CatalogRef.СерииНоменклатуры</v8:Type>
							</Type>
						</Properties>
					</Attribute>
					<Attribute uuid="5a6307e2-1b64-4721-81a7-e585c8d3bdc7">
						<InternalInfo/>
						<Properties>
							<ObjectBelonging>Adopted</ObjectBelonging>
							<Name>ВесВставок</Name>
							<Comment/>
							<ExtendedConfigurationObject>bc60ed44-6f36-4856-9a2d-ea7a0dfd3419</ExtendedConfigurationObject>
							<Type>
								<v8:Type>xs:decimal</v8:Type>
								<v8:NumberQualifiers>
									<v8:Digits>15</v8:Digits>
									<v8:FractionDigits>3</v8:FractionDigits>
									<v8:AllowedSign>Any</v8:AllowedSign>
								</v8:NumberQualifiers>
							</Type>
						</Properties>
					</Attribute>
					<Attribute uuid="c7098c4a-a27a-447c-8562-384f809b46ad">
						<InternalInfo/>
						<Properties>
							<ObjectBelonging>Adopted</ObjectBelonging>
							<Name>Цена</Name>
							<Comment/>
							<ExtendedConfigurationObject>7017feaa-80a1-492d-9373-c35ecd6616d2</ExtendedConfigurationObject>
							<Type>
								<v8:Type>xs:decimal</v8:Type>
								<v8:NumberQualifiers>
									<v8:Digits>15</v8:Digits>
									<v8:FractionDigits>2</v8:FractionDigits>
									<v8:AllowedSign>Nonnegative</v8:AllowedSign>
								</v8:NumberQualifiers>
							</Type>
						</Properties>
					</Attribute>
					<Attribute uuid="fa3ae594-5d09-41c0-bac5-8721d423fcc4">
						<InternalInfo/>
						<Properties>
							<ObjectBelonging>Adopted</ObjectBelonging>
							<Name>ПроцентРучнойСкидки</Name>
							<Comment/>
							<ExtendedConfigurationObject>bfa3164c-4a04-47a0-8557-4a890ff84729</ExtendedConfigurationObject>
							<Type>
								<v8:Type>xs:decimal</v8:Type>
								<v8:NumberQualifiers>
									<v8:Digits>5</v8:Digits>
									<v8:FractionDigits>2</v8:FractionDigits>
									<v8:AllowedSign>Any</v8:AllowedSign>
								</v8:NumberQualifiers>
							</Type>
						</Properties>
					</Attribute>
					<Attribute uuid="48c0f182-b1c7-4196-9785-80b19ed4ff0a">
						<InternalInfo/>
						<Properties>
							<ObjectBelonging>Adopted</ObjectBelonging>
							<Name>Сумма</Name>
							<Comment/>
							<ExtendedConfigurationObject>18cbcebd-a5ab-4935-b4ca-a6c9bd0052b4</ExtendedConfigurationObject>
							<Type>
								<v8:Type>xs:decimal</v8:Type>
								<v8:NumberQualifiers>
									<v8:Digits>17</v8:Digits>
									<v8:FractionDigits>4</v8:FractionDigits>
									<v8:AllowedSign>Nonnegative</v8:AllowedSign>
								</v8:NumberQualifiers>
							</Type>
						</Properties>
					</Attribute>
					<Attribute uuid="1f63bc2b-1086-4645-94c5-28fe3bb5be44">
						<InternalInfo/>
						<Properties>
							<ObjectBelonging>Adopted</ObjectBelonging>
							<Name>СтавкаНДС</Name>
							<Comment/>
							<ExtendedConfigurationObject>63acd132-5c4d-4007-9279-7933e1abd276</ExtendedConfigurationObject>
							<Type>
								<v8:Type>cfg:EnumRef.СтавкиНДС</v8:Type>
							</Type>
						</Properties>
					</Attribute>
					<Attribute uuid="70eaa438-79f8-4a1e-93f1-5e853b5bf939">
						<InternalInfo/>
						<Properties>
							<ObjectBelonging>Adopted</ObjectBelonging>
							<Name>Склад</Name>
							<Comment/>
							<ExtendedConfigurationObject>c9d89916-5c8b-4de2-b3f9-70c6d4106342</ExtendedConfigurationObject>
							<Type>
								<v8:Type>cfg:CatalogRef.Склады</v8:Type>
							</Type>
						</Properties>
					</Attribute>
					<Attribute uuid="3f8fd220-9db7-4df8-a6e9-da4e663ca6d3">
						<InternalInfo/>
						<Properties>
							<ObjectBelonging>Adopted</ObjectBelonging>
							<Name>УсловиеАвтоматическойСкидки</Name>
							<Comment/>
							<ExtendedConfigurationObject>446b9312-eb92-4953-9b51-faf69db23eee</ExtendedConfigurationObject>
							<Type>
								<v8:Type>cfg:EnumRef.УсловияСкидкиНаценки</v8:Type>
							</Type>
						</Properties>
					</Attribute>
					<Attribute uuid="0a8326fc-2c9c-4438-9428-5a8e46fc2ce9">
						<InternalInfo/>
						<Properties>
							<ObjectBelonging>Adopted</ObjectBelonging>
							<Name>ЗначениеУсловияАвтоматическойСкидки</Name>
							<Comment/>
							<ExtendedConfigurationObject>b3a79de3-eb69-48d3-93c4-a6aed06a0d19</ExtendedConfigurationObject>
							<Type>
								<v8:TypeSet>cfg:AnyRef</v8:TypeSet>
							</Type>
						</Properties>
					</Attribute>
					<Attribute uuid="83ee4580-ffc8-4c18-8509-933c35f0d52f">
						<InternalInfo/>
						<Properties>
							<ObjectBelonging>Adopted</ObjectBelonging>
							<Name>Качество</Name>
							<Comment/>
							<ExtendedConfigurationObject>345c17bf-b81b-40c1-b99d-ecc24fb9f24a</ExtendedConfigurationObject>
							<Type>
								<v8:Type>cfg:CatalogRef.Качество</v8:Type>
							</Type>
						</Properties>
					</Attribute>
				</ChildObjects>
			</TabularSection>
			<TabularSection uuid="acd2eebf-182a-4011-acf2-fb51f5129e86">
				<InternalInfo>
					<xr:GeneratedType name="DocumentTabularSection.РеализацияТоваровУслуг.Услуги" category="TabularSection">
						<xr:TypeId>d702a6bf-389b-48cd-9079-d648895c0d9d</xr:TypeId>
						<xr:ValueId>641e6839-34ac-406a-bc05-be6249c826b0</xr:ValueId>
					</xr:GeneratedType>
					<xr:GeneratedType name="DocumentTabularSectionRow.РеализацияТоваровУслуг.Услуги" category="TabularSectionRow">
						<xr:TypeId>2660f3e9-e485-4b2a-b8c1-67d09d3258ea</xr:TypeId>
						<xr:ValueId>b74c6d7c-66e7-4e09-9c9a-dc20e7c03fce</xr:ValueId>
					</xr:GeneratedType>
				</InternalInfo>
				<Properties>
					<ObjectBelonging>Adopted</ObjectBelonging>
					<Name>Услуги</Name>
					<Comment/>
					<ExtendedConfigurationObject>5a8b6e73-624f-45cb-b93e-01effb657a6f</ExtendedConfigurationObject>
				</Properties>
				<ChildObjects>
					<Attribute uuid="d3564602-b156-4a0a-bb8d-8d89ae08712a">
						<InternalInfo/>
						<Properties>
							<ObjectBelonging>Adopted</ObjectBelonging>
							<Name>Цена</Name>
							<Comment/>
							<ExtendedConfigurationObject>68b91d14-60e7-4758-a653-8771f9bd375f</ExtendedConfigurationObject>
							<Type>
								<v8:Type>xs:decimal</v8:Type>
								<v8:NumberQualifiers>
									<v8:Digits>15</v8:Digits>
									<v8:FractionDigits>2</v8:FractionDigits>
									<v8:AllowedSign>Nonnegative</v8:AllowedSign>
								</v8:NumberQualifiers>
							</Type>
						</Properties>
					</Attribute>
					<Attribute uuid="a86f7540-1d61-402c-b030-ad00c71c12c8">
						<InternalInfo/>
						<Properties>
							<ObjectBelonging>Adopted</ObjectBelonging>
							<Name>ПроцентРучнойСкидки</Name>
							<Comment/>
							<ExtendedConfigurationObject>2733abeb-8e09-41f5-8a5c-14bc37db1aad</ExtendedConfigurationObject>
							<Type>
								<v8:Type>xs:decimal</v8:Type>
								<v8:NumberQualifiers>
									<v8:Digits>5</v8:Digits>
									<v8:FractionDigits>2</v8:FractionDigits>
									<v8:AllowedSign>Any</v8:AllowedSign>
								</v8:NumberQualifiers>
							</Type>
						</Properties>
					</Attribute>
					<Attribute uuid="49eabe4e-e54e-41a3-ad77-a25be625182c">
						<InternalInfo/>
						<Properties>
							<ObjectBelonging>Adopted</ObjectBelonging>
							<Name>Сумма</Name>
							<Comment/>
							<ExtendedConfigurationObject>4734fa74-d5de-4a47-866a-3fcc90df2297</ExtendedConfigurationObject>
							<Type>
								<v8:Type>xs:decimal</v8:Type>
								<v8:NumberQualifiers>
									<v8:Digits>15</v8:Digits>
									<v8:FractionDigits>2</v8:FractionDigits>
									<v8:AllowedSign>Nonnegative</v8:AllowedSign>
								</v8:NumberQualifiers>
							</Type>
						</Properties>
					</Attribute>
					<Attribute uuid="6932a8eb-1cd3-49f6-a849-ac02d83a3adb">
						<InternalInfo/>
						<Properties>
							<ObjectBelonging>Adopted</ObjectBelonging>
							<Name>Количество</Name>
							<Comment/>
							<ExtendedConfigurationObject>873a64ce-8925-4dab-9d24-d9dead9983f0</ExtendedConfigurationObject>
							<Type>
								<v8:Type>xs:decimal</v8:Type>
								<v8:NumberQualifiers>
									<v8:Digits>15</v8:Digits>
									<v8:FractionDigits>0</v8:FractionDigits>
									<v8:AllowedSign>Nonnegative</v8:AllowedSign>
								</v8:NumberQualifiers>
							</Type>
						</Properties>
					</Attribute>
					<Attribute uuid="67f3ee89-b098-4a8e-9839-acd157f270da">
						<InternalInfo/>
						<Properties>
							<ObjectBelonging>Adopted</ObjectBelonging>
							<Name>СтавкаНДС</Name>
							<Comment/>
							<ExtendedConfigurationObject>867d9d4c-00df-4c65-84a9-e601ff15845f</ExtendedConfigurationObject>
							<Type>
								<v8:Type>cfg:EnumRef.СтавкиНДС</v8:Type>
							</Type>
						</Properties>
					</Attribute>
					<Attribute uuid="3558604b-0c0c-4e3a-b183-828c75173801">
						<InternalInfo/>
						<Properties>
							<ObjectBelonging>Adopted</ObjectBelonging>
							<Name>СуммаРучнойСкидки</Name>
							<Comment/>
							<ExtendedConfigurationObject>19802b7d-3bcf-43e7-80f3-46153a6a57bc</ExtendedConfigurationObject>
							<Type>
								<v8:Type>xs:decimal</v8:Type>
								<v8:NumberQualifiers>
									<v8:Digits>15</v8:Digits>
									<v8:FractionDigits>2</v8:FractionDigits>
									<v8:AllowedSign>Any</v8:AllowedSign>
								</v8:NumberQualifiers>
							</Type>
						</Properties>
					</Attribute>
					<Attribute uuid="891c34c2-adab-46bf-bc32-cd5c8bbbf2f5">
						<InternalInfo/>
						<Properties>
							<ObjectBelonging>Adopted</ObjectBelonging>
							<Name>Содержание</Name>
							<Comment/>
							<ExtendedConfigurationObject>852e6256-b052-458f-8d2d-624d761f89c0</ExtendedConfigurationObject>
							<Type>
								<v8:Type>xs:string</v8:Type>
								<v8:StringQualifiers>
									<v8:Length>0</v8:Length>
									<v8:AllowedLength>Variable</v8:AllowedLength>
								</v8:StringQualifiers>
							</Type>
						</Properties>
					</Attribute>
					<Attribute uuid="e00f0275-c1b3-4787-be83-3a1196928bc2">
						<InternalInfo/>
						<Properties>
							<ObjectBelonging>Adopted</ObjectBelonging>
							<Name>Номенклатура</Name>
							<Comment/>
							<ExtendedConfigurationObject>a7f1e68d-16e3-412f-baf4-8fa6a44a51c2</ExtendedConfigurationObject>
							<Type>
								<v8:Type>cfg:CatalogRef.Номенклатура</v8:Type>
							</Type>
						</Properties>
					</Attribute>
					<Attribute uuid="3f5ee976-5e15-4494-87f0-398bd748cacd">
						<InternalInfo/>
						<Properties>
							<ObjectBelonging>Adopted</ObjectBelonging>
							<Name>ПроцентОтСуммыДокумента</Name>
							<Comment/>
							<ExtendedConfigurationObject>5bb93a1b-1e4d-4ddb-810a-531b08155425</ExtendedConfigurationObject>
							<Type>
								<v8:Type>xs:decimal</v8:Type>
								<v8:NumberQualifiers>
									<v8:Digits>5</v8:Digits>
									<v8:FractionDigits>2</v8:FractionDigits>
									<v8:AllowedSign>Nonnegative</v8:AllowedSign>
								</v8:NumberQualifiers>
							</Type>
						</Properties>
					</Attribute>
					<Attribute uuid="51c958ed-2632-4bd1-905c-8bd9bf1481ee">
						<InternalInfo/>
						<Properties>
							<ObjectBelonging>Adopted</ObjectBelonging>
							<Name>СуммаНДС</Name>
							<Comment/>
							<ExtendedConfigurationObject>9dc60d10-d1ca-4388-932f-8c89cb91bb62</ExtendedConfigurationObject>
							<Type>
								<v8:Type>xs:decimal</v8:Type>
								<v8:NumberQualifiers>
									<v8:Digits>15</v8:Digits>
									<v8:FractionDigits>2</v8:FractionDigits>
									<v8:AllowedSign>Nonnegative</v8:AllowedSign>
								</v8:NumberQualifiers>
							</Type>
						</Properties>
					</Attribute>
				</ChildObjects>
			</TabularSection>
		</ChildObjects>
	</Document>
</MetaDataObject>