﻿<?xml version="1.0" encoding="UTF-8"?>
<MetaDataObject xmlns="http://v8.1c.ru/8.3/MDClasses" xmlns:app="http://v8.1c.ru/8.2/managed-application/core" xmlns:cfg="http://v8.1c.ru/8.1/data/enterprise/current-config" xmlns:cmi="http://v8.1c.ru/8.2/managed-application/cmi" xmlns:ent="http://v8.1c.ru/8.1/data/enterprise" xmlns:lf="http://v8.1c.ru/8.2/managed-application/logform" xmlns:style="http://v8.1c.ru/8.1/data/ui/style" xmlns:sys="http://v8.1c.ru/8.1/data/ui/fonts/system" xmlns:v8="http://v8.1c.ru/8.1/data/core" xmlns:v8ui="http://v8.1c.ru/8.1/data/ui" xmlns:web="http://v8.1c.ru/8.1/data/ui/colors/web" xmlns:win="http://v8.1c.ru/8.1/data/ui/colors/windows" xmlns:xen="http://v8.1c.ru/8.3/xcf/enums" xmlns:xpr="http://v8.1c.ru/8.3/xcf/predef" xmlns:xr="http://v8.1c.ru/8.3/xcf/readable" xmlns:xs="http://www.w3.org/2001/XMLSchema" xmlns:xsi="http://www.w3.org/2001/XMLSchema-instance" version="2.18">
	<Document uuid="9a63bfd5-018c-4fd5-a9a8-d67cbf1c014a">
		<InternalInfo>
			<xr:GeneratedType name="DocumentObject.СписаниеТоваров" category="Object">
				<xr:TypeId>0dd8a897-4c3d-41a9-8b6d-56a55d136c4d</xr:TypeId>
				<xr:ValueId>83ab0c5a-c72a-4210-bc05-bd63f81043d8</xr:ValueId>
			</xr:GeneratedType>
			<xr:GeneratedType name="DocumentRef.СписаниеТоваров" category="Ref">
				<xr:TypeId>f1b14e94-f604-443f-9eee-b7ebfdca8736</xr:TypeId>
				<xr:ValueId>cfb6a00d-8b1b-4ea2-8b8d-2fc42eaab045</xr:ValueId>
			</xr:GeneratedType>
			<xr:GeneratedType name="DocumentSelection.СписаниеТоваров" category="Selection">
				<xr:TypeId>a160758c-0a34-4937-a2fc-9740a8de6886</xr:TypeId>
				<xr:ValueId>9f324ac9-dadc-44a8-a986-a8ea03fe6269</xr:ValueId>
			</xr:GeneratedType>
			<xr:GeneratedType name="DocumentList.СписаниеТоваров" category="List">
				<xr:TypeId>a357817a-4754-491f-906c-8e6669ca0309</xr:TypeId>
				<xr:ValueId>4a2035b3-f254-41fb-8dcb-18d2aa997759</xr:ValueId>
			</xr:GeneratedType>
			<xr:GeneratedType name="DocumentManager.СписаниеТоваров" category="Manager">
				<xr:TypeId>f6a3aca1-0e25-4590-8f6e-4902a4e41c71</xr:TypeId>
				<xr:ValueId>ddc3a7af-0e5c-4314-b39f-c2e5108f6c16</xr:ValueId>
			</xr:GeneratedType>
		</InternalInfo>
		<Properties>
			<ObjectBelonging>Adopted</ObjectBelonging>
			<Name>СписаниеТоваров</Name>
			<Comment/>
			<ExtendedConfigurationObject>ad7e6465-884e-4f0f-807a-ca554d166553</ExtendedConfigurationObject>
			<RegisterRecords/>
		</Properties>
		<ChildObjects>
			<Form>ФормаДокументаУ</Form>
			<TabularSection uuid="9af7e909-e668-480d-850b-42bece7eed22">
				<InternalInfo>
					<xr:GeneratedType name="DocumentTabularSection.СписаниеТоваров.РеализацииОснования" category="TabularSection">
						<xr:TypeId>0b67086c-f7fe-4c38-bef8-8219f19fcc19</xr:TypeId>
						<xr:ValueId>de78ef95-1380-4540-a1ef-e1c44907647b</xr:ValueId>
					</xr:GeneratedType>
					<xr:GeneratedType name="DocumentTabularSectionRow.СписаниеТоваров.РеализацииОснования" category="TabularSectionRow">
						<xr:TypeId>1fba9994-bde2-4efb-a061-bf0268a052e6</xr:TypeId>
						<xr:ValueId>7255d9d6-f652-4218-ac64-6ffb3d668c57</xr:ValueId>
					</xr:GeneratedType>
				</InternalInfo>
				<Properties>
					<Name>РеализацииОснования</Name>
					<Synonym>
						<v8:item>
							<v8:lang>ru</v8:lang>
							<v8:content>Реализации основания</v8:content>
						</v8:item>
					</Synonym>
					<Comment/>
					<ToolTip/>
					<FillChecking>DontCheck</FillChecking>
					<StandardAttributes>
						<xr:StandardAttribute name="LineNumber">
							<xr:LinkByType/>
							<xr:FillChecking>DontCheck</xr:FillChecking>
							<xr:MultiLine>false</xr:MultiLine>
							<xr:FillFromFillingValue>false</xr:FillFromFillingValue>
							<xr:CreateOnInput>Auto</xr:CreateOnInput>
							<xr:TypeReductionMode>TransformValues</xr:TypeReductionMode>
							<xr:MaxValue xsi:nil="true"/>
							<xr:ToolTip/>
							<xr:ExtendedEdit>false</xr:ExtendedEdit>
							<xr:Format/>
							<xr:ChoiceForm/>
							<xr:QuickChoice>Auto</xr:QuickChoice>
							<xr:ChoiceHistoryOnInput>Auto</xr:ChoiceHistoryOnInput>
							<xr:EditFormat/>
							<xr:PasswordMode>false</xr:PasswordMode>
							<xr:DataHistory>Use</xr:DataHistory>
							<xr:MarkNegatives>false</xr:MarkNegatives>
							<xr:MinValue xsi:nil="true"/>
							<xr:Synonym/>
							<xr:Comment/>
							<xr:FullTextSearch>Use</xr:FullTextSearch>
							<xr:ChoiceParameterLinks/>
							<xr:FillValue xsi:nil="true"/>
							<xr:Mask/>
							<xr:ChoiceParameters/>
						</xr:StandardAttribute>
					</StandardAttributes>
				</Properties>
				<ChildObjects>
					<Attribute uuid="a5dfe10a-fed5-497d-80da-b1f540db0619">
						<Properties>
							<Name>Реализация</Name>
							<Synonym>
								<v8:item>
									<v8:lang>ru</v8:lang>
									<v8:content>Реализация</v8:content>
								</v8:item>
							</Synonym>
							<Comment/>
							<Type>
								<v8:Type>cfg:DocumentRef.РеализацияТоваровУслуг</v8:Type>
							</Type>
							<PasswordMode>false</PasswordMode>
							<Format/>
							<EditFormat/>
							<ToolTip/>
							<MarkNegatives>false</MarkNegatives>
							<Mask/>
							<MultiLine>false</MultiLine>
							<ExtendedEdit>false</ExtendedEdit>
							<MinValue xsi:nil="true"/>
							<MaxValue xsi:nil="true"/>
							<FillChecking>DontCheck</FillChecking>
							<ChoiceFoldersAndItems>Items</ChoiceFoldersAndItems>
							<ChoiceParameterLinks/>
							<ChoiceParameters/>
							<QuickChoice>Auto</QuickChoice>
							<CreateOnInput>Auto</CreateOnInput>
							<ChoiceForm/>
							<LinkByType/>
							<ChoiceHistoryOnInput>Auto</ChoiceHistoryOnInput>
							<Indexing>DontIndex</Indexing>
							<FullTextSearch>Use</FullTextSearch>
							<DataHistory>Use</DataHistory>
						</Properties>
					</Attribute>
				</ChildObjects>
			</TabularSection>
		</ChildObjects>
	</Document>
</MetaDataObject>