﻿<?xml version="1.0" encoding="UTF-8"?>
<MetaDataObject xmlns="http://v8.1c.ru/8.3/MDClasses" xmlns:app="http://v8.1c.ru/8.2/managed-application/core" xmlns:cfg="http://v8.1c.ru/8.1/data/enterprise/current-config" xmlns:cmi="http://v8.1c.ru/8.2/managed-application/cmi" xmlns:ent="http://v8.1c.ru/8.1/data/enterprise" xmlns:lf="http://v8.1c.ru/8.2/managed-application/logform" xmlns:style="http://v8.1c.ru/8.1/data/ui/style" xmlns:sys="http://v8.1c.ru/8.1/data/ui/fonts/system" xmlns:v8="http://v8.1c.ru/8.1/data/core" xmlns:v8ui="http://v8.1c.ru/8.1/data/ui" xmlns:web="http://v8.1c.ru/8.1/data/ui/colors/web" xmlns:win="http://v8.1c.ru/8.1/data/ui/colors/windows" xmlns:xen="http://v8.1c.ru/8.3/xcf/enums" xmlns:xpr="http://v8.1c.ru/8.3/xcf/predef" xmlns:xr="http://v8.1c.ru/8.3/xcf/readable" xmlns:xs="http://www.w3.org/2001/XMLSchema" xmlns:xsi="http://www.w3.org/2001/XMLSchema-instance" version="2.18">
	<Document uuid="33286fcf-e0cf-4748-93c6-49b43d71ccbf">
		<InternalInfo>
			<xr:GeneratedType name="DocumentObject.ПоступлениеТоваровУслуг" category="Object">
				<xr:TypeId>1e50681f-500b-4ad0-af22-c2a6c3c9905a</xr:TypeId>
				<xr:ValueId>40348160-6658-42a0-8251-ecdb0d2543e5</xr:ValueId>
			</xr:GeneratedType>
			<xr:GeneratedType name="DocumentRef.ПоступлениеТоваровУслуг" category="Ref">
				<xr:TypeId>ca7d7812-f0f2-4133-a34a-882dcf379556</xr:TypeId>
				<xr:ValueId>2cb1ae23-2fbb-456a-b489-6dc1fe39b269</xr:ValueId>
			</xr:GeneratedType>
			<xr:GeneratedType name="DocumentSelection.ПоступлениеТоваровУслуг" category="Selection">
				<xr:TypeId>34559506-9ad9-42d6-8af3-883daacc5647</xr:TypeId>
				<xr:ValueId>2211daa0-e111-495a-b372-77e3a04c050a</xr:ValueId>
			</xr:GeneratedType>
			<xr:GeneratedType name="DocumentList.ПоступлениеТоваровУслуг" category="List">
				<xr:TypeId>b8cefc33-d006-4dae-971a-2e9266f40d7e</xr:TypeId>
				<xr:ValueId>17171bf5-ba79-42ff-bce4-308d59aad928</xr:ValueId>
			</xr:GeneratedType>
			<xr:GeneratedType name="DocumentManager.ПоступлениеТоваровУслуг" category="Manager">
				<xr:TypeId>8bf6dd5b-7d15-4346-ab95-9fd8f292eade</xr:TypeId>
				<xr:ValueId>cc3b7e64-3dab-47a1-92cb-9d3b658e04c9</xr:ValueId>
			</xr:GeneratedType>
		</InternalInfo>
		<Properties>
			<ObjectBelonging>Adopted</ObjectBelonging>
			<Name>ПоступлениеТоваровУслуг</Name>
			<Comment/>
			<ExtendedConfigurationObject>5a53ae4f-f7b9-4bed-93d1-1309a746b20d</ExtendedConfigurationObject>
			<NumberType>String</NumberType>
			<NumberLength>11</NumberLength>
			<NumberAllowedLength>Fixed</NumberAllowedLength>
			<RegisterRecords/>
		</Properties>
		<ChildObjects>
			<Attribute uuid="70b594c3-139f-4ac3-aef1-ca3041594bab">
				<InternalInfo/>
				<Properties>
					<ObjectBelonging>Adopted</ObjectBelonging>
					<Name>Организация</Name>
					<Comment/>
					<ExtendedConfigurationObject>3716f3c0-04de-4331-b05c-a215b5074c02</ExtendedConfigurationObject>
					<Type>
						<v8:Type>cfg:CatalogRef.Организации</v8:Type>
					</Type>
				</Properties>
			</Attribute>
			<Attribute uuid="bd834876-f948-42f1-8847-cc984b9c657b">
				<InternalInfo/>
				<Properties>
					<ObjectBelonging>Adopted</ObjectBelonging>
					<Name>Контрагент</Name>
					<Comment/>
					<ExtendedConfigurationObject>a9fee2e8-264c-4c4f-b672-a92da9efc981</ExtendedConfigurationObject>
					<Type>
						<v8:Type>cfg:CatalogRef.Контрагенты</v8:Type>
					</Type>
				</Properties>
			</Attribute>
			<Attribute uuid="3f9098de-fdf6-44ba-a47a-b577ce314b8a">
				<InternalInfo/>
				<Properties>
					<ObjectBelonging>Adopted</ObjectBelonging>
					<Name>Сделка</Name>
					<Comment/>
					<ExtendedConfigurationObject>3c525633-19c4-4993-88b2-b8fe1bb4538c</ExtendedConfigurationObject>
					<Type>
						<v8:TypeSet>cfg:AnyRef</v8:TypeSet>
					</Type>
				</Properties>
			</Attribute>
			<Attribute uuid="4d29e4ab-df96-4fe6-a6b6-55d2df9c6a2a">
				<InternalInfo/>
				<Properties>
					<ObjectBelonging>Adopted</ObjectBelonging>
					<Name>Склад</Name>
					<Comment/>
					<ExtendedConfigurationObject>6bee0689-44d0-40b5-b2b7-1950c2c53d81</ExtendedConfigurationObject>
					<Type>
						<v8:Type>cfg:CatalogRef.Склады</v8:Type>
					</Type>
				</Properties>
			</Attribute>
			<Attribute uuid="29f77e66-1500-4e47-bdf4-b897b94a56f7">
				<InternalInfo/>
				<Properties>
					<ObjectBelonging>Adopted</ObjectBelonging>
					<Name>ДоговорКонтрагента</Name>
					<Comment/>
					<ExtendedConfigurationObject>103fd6ca-0d3d-4426-87e4-769d96212d9f</ExtendedConfigurationObject>
					<Type>
						<v8:Type>cfg:CatalogRef.ДоговорыКонтрагентов</v8:Type>
					</Type>
				</Properties>
			</Attribute>
			<Attribute uuid="18e1b99e-9c58-4cb4-a084-6e9646360f06">
				<InternalInfo/>
				<Properties>
					<ObjectBelonging>Adopted</ObjectBelonging>
					<Name>ДокументОснование</Name>
					<Comment/>
					<ExtendedConfigurationObject>a02dd915-3113-41cd-bf13-195232175fd6</ExtendedConfigurationObject>
					<Type>
						<v8:TypeSet>cfg:DocumentRef</v8:TypeSet>
					</Type>
				</Properties>
			</Attribute>
			<Attribute uuid="3c4de41e-d6ca-4cc9-b287-ccd70edf6cd5">
				<InternalInfo/>
				<Properties>
					<ObjectBelonging>Adopted</ObjectBelonging>
					<Name>ХозяйственнаяОперация</Name>
					<Comment/>
					<ExtendedConfigurationObject>6123a319-4494-48a7-8f10-a0d6097104b4</ExtendedConfigurationObject>
					<Type>
						<v8:Type>cfg:CatalogRef.ХозяйственныеОперации</v8:Type>
					</Type>
				</Properties>
			</Attribute>
			<Attribute uuid="2847dea6-f82c-47f6-ab49-953dcd9336e7">
				<InternalInfo/>
				<Properties>
					<ObjectBelonging>Adopted</ObjectBelonging>
					<Name>УсловияОплаты</Name>
					<Comment/>
					<ExtendedConfigurationObject>776f6227-c461-4253-a2ea-eeace01cdb08</ExtendedConfigurationObject>
					<Type>
						<v8:Type>cfg:CatalogRef.УсловияОплаты</v8:Type>
					</Type>
				</Properties>
			</Attribute>
			<Attribute uuid="57530665-d453-4ea6-9df5-5a98e4d54604">
				<InternalInfo/>
				<Properties>
					<ObjectBelonging>Adopted</ObjectBelonging>
					<Name>БанковскийСчетКонтрагента</Name>
					<Comment/>
					<ExtendedConfigurationObject>15ede682-afee-4f3b-a879-e2590346ffcc</ExtendedConfigurationObject>
					<Type>
						<v8:Type>cfg:CatalogRef.БанковскиеСчета</v8:Type>
					</Type>
				</Properties>
			</Attribute>
			<Attribute uuid="0530b40f-d7ef-4dc2-88bb-a7d39c10ed0c">
				<InternalInfo/>
				<Properties>
					<ObjectBelonging>Adopted</ObjectBelonging>
					<Name>ДатаВходящегоДокумента</Name>
					<Comment/>
					<ExtendedConfigurationObject>d50ebead-bb2f-4ece-b536-cc30c3a26630</ExtendedConfigurationObject>
					<Type>
						<v8:Type>xs:dateTime</v8:Type>
						<v8:DateQualifiers>
							<v8:DateFractions>Date</v8:DateFractions>
						</v8:DateQualifiers>
					</Type>
				</Properties>
			</Attribute>
			<Attribute uuid="0a1e1de8-3ff3-41a0-b977-d6d402baf4ef">
				<InternalInfo/>
				<Properties>
					<ObjectBelonging>Adopted</ObjectBelonging>
					<Name>НомерВходящегоДокумента</Name>
					<Comment/>
					<ExtendedConfigurationObject>dcf8fe5a-dcee-4d06-ab8e-3efc43c7d9cf</ExtendedConfigurationObject>
					<Type>
						<v8:Type>xs:string</v8:Type>
						<v8:StringQualifiers>
							<v8:Length>30</v8:Length>
							<v8:AllowedLength>Variable</v8:AllowedLength>
						</v8:StringQualifiers>
					</Type>
				</Properties>
			</Attribute>
			<Attribute uuid="dbde024f-ddd0-4538-8127-dc95e3befe72">
				<InternalInfo/>
				<Properties>
					<ObjectBelonging>Adopted</ObjectBelonging>
					<Name>Грузоотправитель</Name>
					<Comment/>
					<ExtendedConfigurationObject>12a13d58-baf5-4508-b4a0-f95157e6ad3e</ExtendedConfigurationObject>
					<Type>
						<v8:Type>cfg:CatalogRef.Контрагенты</v8:Type>
					</Type>
				</Properties>
			</Attribute>
			<Attribute uuid="4db3d29e-4477-4157-b403-c621ef827fd2">
				<InternalInfo/>
				<Properties>
					<ObjectBelonging>Adopted</ObjectBelonging>
					<Name>Грузополучатель</Name>
					<Comment/>
					<ExtendedConfigurationObject>b3a06f92-3d50-4789-8cb5-0724b76fe551</ExtendedConfigurationObject>
					<Type>
						<v8:Type>cfg:CatalogRef.Контрагенты</v8:Type>
					</Type>
				</Properties>
			</Attribute>
			<Attribute uuid="6e95f236-c826-4181-851d-9a0f8f622f2c">
				<InternalInfo/>
				<Properties>
					<ObjectBelonging>Adopted</ObjectBelonging>
					<Name>Ответственный</Name>
					<Comment/>
					<ExtendedConfigurationObject>82015fcc-25e2-4107-9404-f71ea199a962</ExtendedConfigurationObject>
					<Type>
						<v8:Type>cfg:CatalogRef.Пользователи</v8:Type>
					</Type>
				</Properties>
			</Attribute>
			<Attribute uuid="d85c4b17-4be4-4c1e-b4de-8c1c6c88573d">
				<InternalInfo/>
				<Properties>
					<ObjectBelonging>Adopted</ObjectBelonging>
					<Name>Подразделение</Name>
					<Comment/>
					<ExtendedConfigurationObject>3fc92431-8799-4483-8ccd-72dc79358e78</ExtendedConfigurationObject>
					<Type>
						<v8:Type>cfg:CatalogRef.Подразделения</v8:Type>
					</Type>
				</Properties>
			</Attribute>
			<Attribute uuid="bedbf184-1716-43e1-9946-8db6fcab9ddb">
				<InternalInfo/>
				<Properties>
					<ObjectBelonging>Adopted</ObjectBelonging>
					<Name>Комментарий</Name>
					<Comment/>
					<ExtendedConfigurationObject>02d9efe2-16ce-4256-8c64-21c172a4ed0d</ExtendedConfigurationObject>
					<Type>
						<v8:Type>xs:string</v8:Type>
						<v8:StringQualifiers>
							<v8:Length>0</v8:Length>
							<v8:AllowedLength>Variable</v8:AllowedLength>
						</v8:StringQualifiers>
					</Type>
				</Properties>
			</Attribute>
			<Attribute uuid="5c58eecf-12bc-4b7b-9efa-703a7bb1854a">
				<InternalInfo/>
				<Properties>
					<ObjectBelonging>Adopted</ObjectBelonging>
					<Name>ЭтоУниверсальныйДокумент</Name>
					<Comment/>
					<ExtendedConfigurationObject>84ebf11a-c9de-4edf-bded-ea89980442b2</ExtendedConfigurationObject>
					<Type>
						<v8:Type>xs:boolean</v8:Type>
					</Type>
				</Properties>
			</Attribute>
			<Form>ФормаДокументаУ</Form>
			<TabularSection uuid="d331ed31-e9f5-458b-8400-2400fb2bed75">
				<InternalInfo>
					<xr:GeneratedType name="DocumentTabularSection.ПоступлениеТоваровУслуг.Услуги" category="TabularSection">
						<xr:TypeId>198ce408-3d8b-4852-bd06-7756186a2b8c</xr:TypeId>
						<xr:ValueId>93196fe5-70c1-4bca-940e-994d37f2967b</xr:ValueId>
					</xr:GeneratedType>
					<xr:GeneratedType name="DocumentTabularSectionRow.ПоступлениеТоваровУслуг.Услуги" category="TabularSectionRow">
						<xr:TypeId>1d3aae55-d6a3-47c4-b2d5-f125e4476b1f</xr:TypeId>
						<xr:ValueId>d6ff7388-9577-4bb6-8d76-856d3c42bc86</xr:ValueId>
					</xr:GeneratedType>
				</InternalInfo>
				<Properties>
					<ObjectBelonging>Adopted</ObjectBelonging>
					<Name>Услуги</Name>
					<Comment/>
					<ExtendedConfigurationObject>00eae5b6-9c35-4da2-8ee4-ab2c4d1d3b38</ExtendedConfigurationObject>
				</Properties>
				<ChildObjects>
					<Attribute uuid="59f2221f-27f8-4103-8e2b-ca678dc7d0ee">
						<InternalInfo/>
						<Properties>
							<ObjectBelonging>Adopted</ObjectBelonging>
							<Name>Проект</Name>
							<Comment/>
							<ExtendedConfigurationObject>a19dcac8-379b-4819-b0be-6a9c517edd5f</ExtendedConfigurationObject>
							<Type>
								<v8:Type>cfg:CatalogRef.Проекты</v8:Type>
							</Type>
						</Properties>
					</Attribute>
					<Attribute uuid="f6221e03-33f9-4f45-a4ef-001067f0f0f4">
						<InternalInfo/>
						<Properties>
							<ObjectBelonging>Adopted</ObjectBelonging>
							<Name>СтавкаНДС</Name>
							<Comment/>
							<ExtendedConfigurationObject>b64a4668-1b9d-44bb-ad7b-26f593b829c2</ExtendedConfigurationObject>
							<Type>
								<v8:Type>cfg:EnumRef.СтавкиНДС</v8:Type>
							</Type>
						</Properties>
					</Attribute>
					<Attribute uuid="b3aec63d-1ccc-43fd-b90c-7fd3a2b6cd24">
						<InternalInfo/>
						<Properties>
							<ObjectBelonging>Adopted</ObjectBelonging>
							<Name>Подразделение</Name>
							<Comment/>
							<ExtendedConfigurationObject>bc2a3d4f-f057-4202-a540-f264e697fe13</ExtendedConfigurationObject>
							<Type>
								<v8:Type>cfg:CatalogRef.Подразделения</v8:Type>
							</Type>
						</Properties>
					</Attribute>
					<Attribute uuid="892ed1b8-fe88-4c21-91eb-3ccee9b590ae">
						<InternalInfo/>
						<Properties>
							<ObjectBelonging>Adopted</ObjectBelonging>
							<Name>Количество</Name>
							<Comment/>
							<ExtendedConfigurationObject>e854e91e-9cd7-4231-bf25-b0cc39aa08b9</ExtendedConfigurationObject>
							<Type>
								<v8:Type>xs:decimal</v8:Type>
								<v8:NumberQualifiers>
									<v8:Digits>15</v8:Digits>
									<v8:FractionDigits>0</v8:FractionDigits>
									<v8:AllowedSign>Any</v8:AllowedSign>
								</v8:NumberQualifiers>
							</Type>
						</Properties>
					</Attribute>
					<Attribute uuid="1b0411ab-e35e-4fe8-847f-6b2ee2fa9859">
						<InternalInfo/>
						<Properties>
							<ObjectBelonging>Adopted</ObjectBelonging>
							<Name>Номенклатура</Name>
							<Comment/>
							<ExtendedConfigurationObject>41c43d03-02c2-4788-b3d0-52d2c8d544d0</ExtendedConfigurationObject>
							<Type>
								<v8:Type>cfg:CatalogRef.Номенклатура</v8:Type>
							</Type>
						</Properties>
					</Attribute>
					<Attribute uuid="5666e7b5-b269-4717-9ac1-475e11016c83">
						<InternalInfo/>
						<Properties>
							<ObjectBelonging>Adopted</ObjectBelonging>
							<Name>Цена</Name>
							<Comment/>
							<ExtendedConfigurationObject>4fda2b49-1edb-4c1c-9967-f4d55a809e76</ExtendedConfigurationObject>
							<Type>
								<v8:Type>xs:decimal</v8:Type>
								<v8:NumberQualifiers>
									<v8:Digits>15</v8:Digits>
									<v8:FractionDigits>2</v8:FractionDigits>
									<v8:AllowedSign>Nonnegative</v8:AllowedSign>
								</v8:NumberQualifiers>
							</Type>
						</Properties>
					</Attribute>
					<Attribute uuid="5e904810-fa3d-4b88-9bfe-612ed3c8958d">
						<InternalInfo/>
						<Properties>
							<ObjectBelonging>Adopted</ObjectBelonging>
							<Name>СтатьяЗатрат</Name>
							<Comment/>
							<ExtendedConfigurationObject>ae8a7b8d-958c-4a1a-836f-6af4ce9d0aae</ExtendedConfigurationObject>
							<Type>
								<v8:Type>cfg:CatalogRef.СтатьиЗатрат</v8:Type>
							</Type>
						</Properties>
					</Attribute>
					<Attribute uuid="cee3849a-3f74-44f9-97a2-dfd800edbc6c">
						<InternalInfo/>
						<Properties>
							<ObjectBelonging>Adopted</ObjectBelonging>
							<Name>СуммаНДС</Name>
							<Comment/>
							<ExtendedConfigurationObject>de26cfa4-ee5c-40da-a12c-235deabd969b</ExtendedConfigurationObject>
							<Type>
								<v8:Type>xs:decimal</v8:Type>
								<v8:NumberQualifiers>
									<v8:Digits>15</v8:Digits>
									<v8:FractionDigits>2</v8:FractionDigits>
									<v8:AllowedSign>Nonnegative</v8:AllowedSign>
								</v8:NumberQualifiers>
							</Type>
						</Properties>
					</Attribute>
					<Attribute uuid="f8131560-e825-47c2-a58c-8d6c01a1927b">
						<InternalInfo/>
						<Properties>
							<ObjectBelonging>Adopted</ObjectBelonging>
							<Name>Сумма</Name>
							<Comment/>
							<ExtendedConfigurationObject>36fe5686-ad0c-4964-ad09-33fc82cc3a41</ExtendedConfigurationObject>
							<Type>
								<v8:Type>xs:decimal</v8:Type>
								<v8:NumberQualifiers>
									<v8:Digits>15</v8:Digits>
									<v8:FractionDigits>2</v8:FractionDigits>
									<v8:AllowedSign>Nonnegative</v8:AllowedSign>
								</v8:NumberQualifiers>
							</Type>
						</Properties>
					</Attribute>
					<Attribute uuid="622547b4-3349-4f4c-9021-8e12d863b151">
						<InternalInfo/>
						<Properties>
							<ObjectBelonging>Adopted</ObjectBelonging>
							<Name>НоменклатурнаяГруппа</Name>
							<Comment/>
							<ExtendedConfigurationObject>8940001a-800f-4c41-a91f-46a535750a1d</ExtendedConfigurationObject>
							<Type>
								<v8:Type>cfg:CatalogRef.НоменклатурныеГруппы</v8:Type>
							</Type>
						</Properties>
					</Attribute>
					<Attribute uuid="59767b57-df3a-44fd-92fc-e36b07366cce">
						<InternalInfo/>
						<Properties>
							<ObjectBelonging>Adopted</ObjectBelonging>
							<Name>Содержание</Name>
							<Comment/>
							<ExtendedConfigurationObject>b62d8b94-dc61-47e6-a9d1-bc63af103b1e</ExtendedConfigurationObject>
							<Type>
								<v8:Type>xs:string</v8:Type>
								<v8:StringQualifiers>
									<v8:Length>0</v8:Length>
									<v8:AllowedLength>Variable</v8:AllowedLength>
								</v8:StringQualifiers>
							</Type>
						</Properties>
					</Attribute>
				</ChildObjects>
			</TabularSection>
			<TabularSection uuid="930ea0c3-9e37-436e-b127-b42ad9363197">
				<InternalInfo>
					<xr:GeneratedType name="DocumentTabularSection.ПоступлениеТоваровУслуг.Товары" category="TabularSection">
						<xr:TypeId>0974e3fc-d100-43b7-9ed1-89df6fac6942</xr:TypeId>
						<xr:ValueId>9f2a529b-97b4-4f2b-96c0-ce650da57e06</xr:ValueId>
					</xr:GeneratedType>
					<xr:GeneratedType name="DocumentTabularSectionRow.ПоступлениеТоваровУслуг.Товары" category="TabularSectionRow">
						<xr:TypeId>09e9d88e-6bb0-4ecd-8c13-a8b3c669405b</xr:TypeId>
						<xr:ValueId>052021f8-19e6-4b30-93bb-9e5a2e0169d4</xr:ValueId>
					</xr:GeneratedType>
				</InternalInfo>
				<Properties>
					<ObjectBelonging>Adopted</ObjectBelonging>
					<Name>Товары</Name>
					<Comment/>
					<ExtendedConfigurationObject>7457e719-f4df-4c94-9649-319f80af3b4e</ExtendedConfigurationObject>
				</Properties>
				<ChildObjects>
					<Attribute uuid="41b737d0-174d-400d-b992-88215757a281">
						<InternalInfo/>
						<Properties>
							<ObjectBelonging>Adopted</ObjectBelonging>
							<Name>ЕдиницаИзмерения</Name>
							<Comment/>
							<ExtendedConfigurationObject>a4c3452c-2106-4d31-bd8f-407c2f84ba68</ExtendedConfigurationObject>
							<Type>
								<v8:Type>cfg:CatalogRef.ЕдиницыИзмерения</v8:Type>
							</Type>
						</Properties>
					</Attribute>
					<Attribute uuid="3c6b5f92-5709-46a5-9281-75c0ec2dec7f">
						<InternalInfo/>
						<Properties>
							<ObjectBelonging>Adopted</ObjectBelonging>
							<Name>Коэффициент</Name>
							<Comment/>
							<ExtendedConfigurationObject>21f9aa43-e497-429d-b09d-d53bd1bfdbf6</ExtendedConfigurationObject>
							<Type>
								<v8:Type>xs:decimal</v8:Type>
								<v8:NumberQualifiers>
									<v8:Digits>10</v8:Digits>
									<v8:FractionDigits>3</v8:FractionDigits>
									<v8:AllowedSign>Nonnegative</v8:AllowedSign>
								</v8:NumberQualifiers>
							</Type>
						</Properties>
					</Attribute>
					<Attribute uuid="c3b6e522-47fb-430e-9468-a105c50ef1b6">
						<InternalInfo/>
						<Properties>
							<ObjectBelonging>Adopted</ObjectBelonging>
							<Name>Номенклатура</Name>
							<Comment/>
							<ExtendedConfigurationObject>e3c4e1e7-8352-4b5d-899c-9ed8d6735b02</ExtendedConfigurationObject>
							<Type>
								<v8:Type>cfg:CatalogRef.Номенклатура</v8:Type>
							</Type>
						</Properties>
					</Attribute>
					<Attribute uuid="4d873714-18ab-400f-b8d2-e439f0991f42">
						<InternalInfo/>
						<Properties>
							<ObjectBelonging>Adopted</ObjectBelonging>
							<Name>ХарактеристикаНоменклатуры</Name>
							<Comment/>
							<ExtendedConfigurationObject>d103558d-4530-4dff-8480-64bb748767fd</ExtendedConfigurationObject>
							<Type>
								<v8:Type>cfg:CatalogRef.ХарактеристикиНоменклатуры</v8:Type>
							</Type>
						</Properties>
					</Attribute>
					<Attribute uuid="32c37b45-8eb4-49f3-a4a8-b0da4def5b93">
						<InternalInfo/>
						<Properties>
							<ObjectBelonging>Adopted</ObjectBelonging>
							<Name>Размер</Name>
							<Comment/>
							<ExtendedConfigurationObject>317fba23-e253-46bb-b740-a052e1745702</ExtendedConfigurationObject>
							<Type>
								<v8:Type>cfg:CatalogRef.Размер</v8:Type>
							</Type>
						</Properties>
					</Attribute>
					<Attribute uuid="d705f4dc-ab49-49ce-b00c-6d1230cc6461">
						<InternalInfo/>
						<Properties>
							<ObjectBelonging>Adopted</ObjectBelonging>
							<Name>СерияНоменклатуры</Name>
							<Comment/>
							<ExtendedConfigurationObject>318ef8c7-1ce2-40c9-9632-8f7267baf8ca</ExtendedConfigurationObject>
							<Type>
								<v8:Type>cfg:CatalogRef.СерииНоменклатуры</v8:Type>
							</Type>
						</Properties>
					</Attribute>
					<Attribute uuid="17cc4268-aec4-4109-991b-8543dd049f9d">
						<InternalInfo/>
						<Properties>
							<ObjectBelonging>Adopted</ObjectBelonging>
							<Name>Качество</Name>
							<Comment/>
							<ExtendedConfigurationObject>99204c87-6523-4f30-84ee-c62bece5054c</ExtendedConfigurationObject>
							<Type>
								<v8:Type>cfg:CatalogRef.Качество</v8:Type>
							</Type>
						</Properties>
					</Attribute>
					<Attribute uuid="152caa64-1575-4957-abef-20f54eef89ba">
						<InternalInfo/>
						<Properties>
							<ObjectBelonging>Adopted</ObjectBelonging>
							<Name>Количество</Name>
							<Comment/>
							<ExtendedConfigurationObject>2bcfc7b2-8f97-4361-aaf4-ac7f3de58abd</ExtendedConfigurationObject>
							<Type>
								<v8:Type>xs:decimal</v8:Type>
								<v8:NumberQualifiers>
									<v8:Digits>15</v8:Digits>
									<v8:FractionDigits>0</v8:FractionDigits>
									<v8:AllowedSign>Any</v8:AllowedSign>
								</v8:NumberQualifiers>
							</Type>
						</Properties>
					</Attribute>
					<Attribute uuid="de8799f9-f9e6-4226-9742-f9a7a91089de">
						<InternalInfo/>
						<Properties>
							<ObjectBelonging>Adopted</ObjectBelonging>
							<Name>НомерНабора</Name>
							<Comment/>
							<ExtendedConfigurationObject>ea214a72-3641-4828-9180-22f2db74be6b</ExtendedConfigurationObject>
							<Type>
								<v8:Type>xs:decimal</v8:Type>
								<v8:NumberQualifiers>
									<v8:Digits>15</v8:Digits>
									<v8:FractionDigits>0</v8:FractionDigits>
									<v8:AllowedSign>Nonnegative</v8:AllowedSign>
								</v8:NumberQualifiers>
							</Type>
						</Properties>
					</Attribute>
					<Attribute uuid="97eef111-a03d-4e6f-9ba5-b9fa9631d25c">
						<InternalInfo/>
						<Properties>
							<ObjectBelonging>Adopted</ObjectBelonging>
							<Name>Вес</Name>
							<Comment/>
							<ExtendedConfigurationObject>0f841dd1-2536-4e76-86c3-296e3a77c756</ExtendedConfigurationObject>
							<Type>
								<v8:Type>xs:decimal</v8:Type>
								<v8:NumberQualifiers>
									<v8:Digits>15</v8:Digits>
									<v8:FractionDigits>3</v8:FractionDigits>
									<v8:AllowedSign>Any</v8:AllowedSign>
								</v8:NumberQualifiers>
							</Type>
						</Properties>
					</Attribute>
					<Attribute uuid="08c02f37-45fb-4845-9582-4b1d901505c5">
						<InternalInfo/>
						<Properties>
							<ObjectBelonging>Adopted</ObjectBelonging>
							<Name>Цена</Name>
							<Comment/>
							<ExtendedConfigurationObject>f9df4e1c-8dcd-440f-88a9-c90b9ab720fc</ExtendedConfigurationObject>
							<Type>
								<v8:Type>xs:decimal</v8:Type>
								<v8:NumberQualifiers>
									<v8:Digits>15</v8:Digits>
									<v8:FractionDigits>2</v8:FractionDigits>
									<v8:AllowedSign>Nonnegative</v8:AllowedSign>
								</v8:NumberQualifiers>
							</Type>
						</Properties>
					</Attribute>
					<Attribute uuid="dc982902-f486-4450-b8b3-3dcb52e5078a">
						<InternalInfo/>
						<Properties>
							<ObjectBelonging>Adopted</ObjectBelonging>
							<Name>Сумма</Name>
							<Comment/>
							<ExtendedConfigurationObject>9c7646bb-2996-4420-b46b-956813b4958d</ExtendedConfigurationObject>
							<Type>
								<v8:Type>xs:decimal</v8:Type>
								<v8:NumberQualifiers>
									<v8:Digits>15</v8:Digits>
									<v8:FractionDigits>2</v8:FractionDigits>
									<v8:AllowedSign>Nonnegative</v8:AllowedSign>
								</v8:NumberQualifiers>
							</Type>
						</Properties>
					</Attribute>
					<Attribute uuid="1ce8c3f8-7dce-4ba5-9b49-d2df1321bbba">
						<InternalInfo/>
						<Properties>
							<ObjectBelonging>Adopted</ObjectBelonging>
							<Name>СтавкаНДС</Name>
							<Comment/>
							<ExtendedConfigurationObject>317e5342-40b7-4ebc-8a68-8a959f23ecd8</ExtendedConfigurationObject>
							<Type>
								<v8:Type>cfg:EnumRef.СтавкиНДС</v8:Type>
							</Type>
						</Properties>
					</Attribute>
					<Attribute uuid="712a2078-cbc5-4381-a5b6-43f73bc4dfd5">
						<InternalInfo/>
						<Properties>
							<ObjectBelonging>Adopted</ObjectBelonging>
							<Name>СуммаНДС</Name>
							<Comment/>
							<ExtendedConfigurationObject>e3d92b74-af0a-4bce-b320-99828002fc04</ExtendedConfigurationObject>
							<Type>
								<v8:Type>xs:decimal</v8:Type>
								<v8:NumberQualifiers>
									<v8:Digits>15</v8:Digits>
									<v8:FractionDigits>2</v8:FractionDigits>
									<v8:AllowedSign>Nonnegative</v8:AllowedSign>
								</v8:NumberQualifiers>
							</Type>
						</Properties>
					</Attribute>
					<Attribute uuid="01259229-065c-47c7-9052-ac96c795bdc8">
						<InternalInfo/>
						<Properties>
							<ObjectBelonging>Adopted</ObjectBelonging>
							<Name>Паспорт</Name>
							<Comment/>
							<ExtendedConfigurationObject>95d0e85b-5cef-4faf-83f9-d876457c74a8</ExtendedConfigurationObject>
							<Type>
								<v8:Type>xs:string</v8:Type>
								<v8:StringQualifiers>
									<v8:Length>50</v8:Length>
									<v8:AllowedLength>Variable</v8:AllowedLength>
								</v8:StringQualifiers>
							</Type>
						</Properties>
					</Attribute>
					<Attribute uuid="6cb3da66-1ad8-4fbf-87c4-96e72f569fec">
						<InternalInfo/>
						<Properties>
							<ObjectBelonging>Adopted</ObjectBelonging>
							<Name>Коэф</Name>
							<Comment/>
							<ExtendedConfigurationObject>84f0b9bf-cebf-41e3-b93f-8c17cc479bb3</ExtendedConfigurationObject>
							<Type>
								<v8:Type>xs:decimal</v8:Type>
								<v8:NumberQualifiers>
									<v8:Digits>10</v8:Digits>
									<v8:FractionDigits>2</v8:FractionDigits>
									<v8:AllowedSign>Nonnegative</v8:AllowedSign>
								</v8:NumberQualifiers>
							</Type>
						</Properties>
					</Attribute>
					<Attribute uuid="e59d60d1-bb55-4098-aaff-593105d84caf">
						<InternalInfo/>
						<Properties>
							<ObjectBelonging>Adopted</ObjectBelonging>
							<Name>ЗаказКлиента</Name>
							<Comment/>
							<ExtendedConfigurationObject>3a9950f5-2ee0-46dd-9602-cb73b1ea2393</ExtendedConfigurationObject>
							<Type>
								<v8:Type>cfg:DocumentRef.ЗаказКлиента</v8:Type>
							</Type>
						</Properties>
					</Attribute>
					<Attribute uuid="0a1d2048-47a7-4b98-b22e-206311c50c84">
						<InternalInfo/>
						<Properties>
							<ObjectBelonging>Adopted</ObjectBelonging>
							<Name>Проект</Name>
							<Comment/>
							<ExtendedConfigurationObject>24e3666d-737c-4011-980d-afd92bf7d0ae</ExtendedConfigurationObject>
							<Type>
								<v8:Type>cfg:CatalogRef.Проекты</v8:Type>
							</Type>
						</Properties>
					</Attribute>
					<Attribute uuid="62aaeef3-7535-4d27-9647-4f5c9ce7e80b">
						<InternalInfo/>
						<Properties>
							<ObjectBelonging>Adopted</ObjectBelonging>
							<Name>Склад</Name>
							<Comment/>
							<ExtendedConfigurationObject>3ca7b8fe-50c0-49a3-ba7c-b0577ccff021</ExtendedConfigurationObject>
							<Type>
								<v8:Type>cfg:CatalogRef.Склады</v8:Type>
							</Type>
						</Properties>
					</Attribute>
					<Attribute uuid="49723240-d936-4264-b423-8a8527148dd9">
						<InternalInfo/>
						<Properties>
							<ObjectBelonging>Adopted</ObjectBelonging>
							<Name>Набор</Name>
							<Comment/>
							<ExtendedConfigurationObject>b658b3a9-e60e-4a04-8e48-8709b2e88d61</ExtendedConfigurationObject>
							<Type>
								<v8:Type>cfg:CatalogRef.Номенклатура</v8:Type>
							</Type>
						</Properties>
					</Attribute>
					<Attribute uuid="997c8700-df76-4c1e-8890-f5f0bf88ead8">
						<InternalInfo/>
						<Properties>
							<ObjectBelonging>Adopted</ObjectBelonging>
							<Name>НомерГТД</Name>
							<Comment/>
							<ExtendedConfigurationObject>927662c1-98df-43cc-a6ca-defe6f9e750a</ExtendedConfigurationObject>
							<Type>
								<v8:Type>cfg:CatalogRef.НомераГТД</v8:Type>
							</Type>
						</Properties>
					</Attribute>
					<Attribute uuid="99bc0774-86d4-44f7-bdd7-d2b56c1bd560">
						<InternalInfo/>
						<Properties>
							<ObjectBelonging>Adopted</ObjectBelonging>
							<Name>СтранаПроисхождения</Name>
							<Comment/>
							<ExtendedConfigurationObject>18f8c5fd-73ad-410a-8c9b-b1d00631aa23</ExtendedConfigurationObject>
							<Type>
								<v8:Type>cfg:CatalogRef.КлассификаторСтранМира</v8:Type>
							</Type>
						</Properties>
					</Attribute>
					<Attribute uuid="38edab24-4afe-46eb-95e5-1006f0e70195">
						<InternalInfo/>
						<Properties>
							<ObjectBelonging>Adopted</ObjectBelonging>
							<Name>Весовой</Name>
							<Comment/>
							<ExtendedConfigurationObject>ade3bc7d-7fb4-42f0-8f05-da248caa6526</ExtendedConfigurationObject>
							<Type>
								<v8:Type>xs:decimal</v8:Type>
								<v8:NumberQualifiers>
									<v8:Digits>1</v8:Digits>
									<v8:FractionDigits>0</v8:FractionDigits>
									<v8:AllowedSign>Nonnegative</v8:AllowedSign>
								</v8:NumberQualifiers>
							</Type>
						</Properties>
					</Attribute>
					<Attribute uuid="adb5ae44-8088-4912-a961-2d8c817a02b4">
						<InternalInfo/>
						<Properties>
							<ObjectBelonging>Adopted</ObjectBelonging>
							<Name>ЦветМеталла</Name>
							<Comment/>
							<ExtendedConfigurationObject>acd44c24-dec3-4679-bdcb-1b3b693b0706</ExtendedConfigurationObject>
							<Type>
								<v8:Type>cfg:CatalogRef.ЦветаМеталла</v8:Type>
							</Type>
						</Properties>
					</Attribute>
					<Attribute uuid="06c20e59-c39f-455d-8077-24d96d1e4b46">
						<InternalInfo/>
						<Properties>
							<ObjectBelonging>Adopted</ObjectBelonging>
							<Name>УИН</Name>
							<Comment/>
							<ExtendedConfigurationObject>157ee236-af9b-4df7-8c3c-342a83432696</ExtendedConfigurationObject>
							<Type>
								<v8:Type>xs:string</v8:Type>
								<v8:StringQualifiers>
									<v8:Length>36</v8:Length>
									<v8:AllowedLength>Variable</v8:AllowedLength>
								</v8:StringQualifiers>
							</Type>
						</Properties>
					</Attribute>
					<Attribute uuid="ca9fa57b-f02f-4aff-8b6d-0cffc9a0295c">
						<InternalInfo/>
						<Properties>
							<ObjectBelonging>Adopted</ObjectBelonging>
							<Name>ВесМеталла</Name>
							<Comment/>
							<ExtendedConfigurationObject>18e0c04f-fffc-4792-b249-3597d5b86f9a</ExtendedConfigurationObject>
							<Type>
								<v8:Type>xs:decimal</v8:Type>
								<v8:NumberQualifiers>
									<v8:Digits>15</v8:Digits>
									<v8:FractionDigits>3</v8:FractionDigits>
									<v8:AllowedSign>Any</v8:AllowedSign>
								</v8:NumberQualifiers>
							</Type>
						</Properties>
					</Attribute>
					<Attribute uuid="6d3023f5-5c8f-4490-9650-9da081b978ba">
						<InternalInfo/>
						<Properties>
							<ObjectBelonging>Adopted</ObjectBelonging>
							<Name>ВесМеталлаВХимЧистоте</Name>
							<Comment/>
							<ExtendedConfigurationObject>19322ecc-64d7-42b1-b35a-3985d3d0e3e2</ExtendedConfigurationObject>
							<Type>
								<v8:Type>xs:decimal</v8:Type>
								<v8:NumberQualifiers>
									<v8:Digits>15</v8:Digits>
									<v8:FractionDigits>5</v8:FractionDigits>
									<v8:AllowedSign>Any</v8:AllowedSign>
								</v8:NumberQualifiers>
							</Type>
						</Properties>
					</Attribute>
					<Attribute uuid="d22f4b4f-7795-4b88-b4c5-32595e23a129">
						<InternalInfo/>
						<Properties>
							<ObjectBelonging>Adopted</ObjectBelonging>
							<Name>ЕстьФизическаяМаркировка</Name>
							<Comment/>
							<ExtendedConfigurationObject>622bddc3-f455-4bde-988d-e545ccc87aa7</ExtendedConfigurationObject>
							<Type>
								<v8:Type>xs:boolean</v8:Type>
							</Type>
						</Properties>
					</Attribute>
					<Attribute uuid="84898e5a-98ea-478c-97ca-9f97c1fc92d9">
						<InternalInfo/>
						<Properties>
							<ObjectBelonging>Adopted</ObjectBelonging>
							<Name>ДополнительнаяКлассификация</Name>
							<Comment/>
							<ExtendedConfigurationObject>1d888423-e1be-433f-a785-23d8e138b9ab</ExtendedConfigurationObject>
							<Type>
								<v8:Type>cfg:CatalogRef.ДополнительнаяКлассификацияГИИСДМДК</v8:Type>
							</Type>
						</Properties>
					</Attribute>
					<Attribute uuid="ceb14b36-dc30-43b5-99cb-58b57050f8eb">
						<InternalInfo/>
						<Properties>
							<ObjectBelonging>Adopted</ObjectBelonging>
							<Name>ВидПартийГИИС</Name>
							<Comment/>
							<ExtendedConfigurationObject>c110394c-bcb2-4861-8e7a-347d23de4e97</ExtendedConfigurationObject>
							<Type>
								<v8:Type>cfg:CatalogRef.ВидыПартийГИИС</v8:Type>
							</Type>
						</Properties>
					</Attribute>
					<Attribute uuid="e161649f-9f39-4899-b2e2-a2787abc45e1">
						<InternalInfo/>
						<Properties>
							<ObjectBelonging>Adopted</ObjectBelonging>
							<Name>НельзяНанестиФизическуюМаркировку</Name>
							<Comment/>
							<ExtendedConfigurationObject>9c2fe96a-4e3c-4d69-a5fa-9984e5bcb438</ExtendedConfigurationObject>
							<Type>
								<v8:Type>xs:boolean</v8:Type>
							</Type>
						</Properties>
					</Attribute>
				</ChildObjects>
			</TabularSection>
		</ChildObjects>
	</Document>
</MetaDataObject>