﻿<?xml version="1.0" encoding="UTF-8"?>
<MetaDataObject xmlns="http://v8.1c.ru/8.3/MDClasses" xmlns:app="http://v8.1c.ru/8.2/managed-application/core" xmlns:cfg="http://v8.1c.ru/8.1/data/enterprise/current-config" xmlns:cmi="http://v8.1c.ru/8.2/managed-application/cmi" xmlns:ent="http://v8.1c.ru/8.1/data/enterprise" xmlns:lf="http://v8.1c.ru/8.2/managed-application/logform" xmlns:style="http://v8.1c.ru/8.1/data/ui/style" xmlns:sys="http://v8.1c.ru/8.1/data/ui/fonts/system" xmlns:v8="http://v8.1c.ru/8.1/data/core" xmlns:v8ui="http://v8.1c.ru/8.1/data/ui" xmlns:web="http://v8.1c.ru/8.1/data/ui/colors/web" xmlns:win="http://v8.1c.ru/8.1/data/ui/colors/windows" xmlns:xen="http://v8.1c.ru/8.3/xcf/enums" xmlns:xpr="http://v8.1c.ru/8.3/xcf/predef" xmlns:xr="http://v8.1c.ru/8.3/xcf/readable" xmlns:xs="http://www.w3.org/2001/XMLSchema" xmlns:xsi="http://www.w3.org/2001/XMLSchema-instance" version="2.18">
	<Document uuid="573b3b90-5298-4613-8b07-caec194059b6">
		<InternalInfo>
			<xr:GeneratedType name="DocumentObject.ПрисвоениеУИНОстаткам" category="Object">
				<xr:TypeId>351a424b-c884-4727-83ae-03bd56e3c6d1</xr:TypeId>
				<xr:ValueId>4f6c8faf-8798-4d8b-876e-65307edce12a</xr:ValueId>
			</xr:GeneratedType>
			<xr:GeneratedType name="DocumentRef.ПрисвоениеУИНОстаткам" category="Ref">
				<xr:TypeId>53fa5fb0-cf21-4800-b963-641cc5995d03</xr:TypeId>
				<xr:ValueId>87662c42-6777-455e-a8a3-3538c5eb4e57</xr:ValueId>
			</xr:GeneratedType>
			<xr:GeneratedType name="DocumentSelection.ПрисвоениеУИНОстаткам" category="Selection">
				<xr:TypeId>4057da31-bab6-49f8-bf72-30714aece9a8</xr:TypeId>
				<xr:ValueId>b5e844f0-15fc-45bf-bbc6-81445ce1a711</xr:ValueId>
			</xr:GeneratedType>
			<xr:GeneratedType name="DocumentList.ПрисвоениеУИНОстаткам" category="List">
				<xr:TypeId>c659cf98-68be-4bde-b3c5-c6767436688c</xr:TypeId>
				<xr:ValueId>eaf9979a-e85a-4fa0-b72e-5671a9300673</xr:ValueId>
			</xr:GeneratedType>
			<xr:GeneratedType name="DocumentManager.ПрисвоениеУИНОстаткам" category="Manager">
				<xr:TypeId>91b9b231-e6f4-4562-b073-ccfba4350513</xr:TypeId>
				<xr:ValueId>00759a5a-0acd-4b63-9d7e-98d41f007f6c</xr:ValueId>
			</xr:GeneratedType>
		</InternalInfo>
		<Properties>
			<ObjectBelonging>Adopted</ObjectBelonging>
			<Name>ПрисвоениеУИНОстаткам</Name>
			<Comment/>
			<ExtendedConfigurationObject>31a71b0c-94bf-4883-a858-17dfae4176b8</ExtendedConfigurationObject>
			<RegisterRecords/>
		</Properties>
		<ChildObjects>
			<Form>ФормаДокумента</Form>
			<Template>НастройкиЗаполненияНачальныхОстатковИзм</Template>
			<Template>НастройкиЗаполненияНачальныхОстатковБезАгрегированныхПартийИзм</Template>
		</ChildObjects>
	</Document>
</MetaDataObject>