﻿<?xml version="1.0" encoding="UTF-8"?>
<MetaDataObject xmlns="http://v8.1c.ru/8.3/MDClasses" xmlns:app="http://v8.1c.ru/8.2/managed-application/core" xmlns:cfg="http://v8.1c.ru/8.1/data/enterprise/current-config" xmlns:cmi="http://v8.1c.ru/8.2/managed-application/cmi" xmlns:ent="http://v8.1c.ru/8.1/data/enterprise" xmlns:lf="http://v8.1c.ru/8.2/managed-application/logform" xmlns:style="http://v8.1c.ru/8.1/data/ui/style" xmlns:sys="http://v8.1c.ru/8.1/data/ui/fonts/system" xmlns:v8="http://v8.1c.ru/8.1/data/core" xmlns:v8ui="http://v8.1c.ru/8.1/data/ui" xmlns:web="http://v8.1c.ru/8.1/data/ui/colors/web" xmlns:win="http://v8.1c.ru/8.1/data/ui/colors/windows" xmlns:xen="http://v8.1c.ru/8.3/xcf/enums" xmlns:xpr="http://v8.1c.ru/8.3/xcf/predef" xmlns:xr="http://v8.1c.ru/8.3/xcf/readable" xmlns:xs="http://www.w3.org/2001/XMLSchema" xmlns:xsi="http://www.w3.org/2001/XMLSchema-instance" version="2.18">
	<Document uuid="a5ec7f40-d254-4bb8-b1ca-21c30fe48ab2">
		<InternalInfo>
			<xr:GeneratedType name="DocumentObject.ПродажаЧерезМаркетплейс" category="Object">
				<xr:TypeId>510940d2-4667-49e8-8b66-982635e0b91f</xr:TypeId>
				<xr:ValueId>ec2f95e6-ced6-434f-837a-f6ee62a9411c</xr:ValueId>
			</xr:GeneratedType>
			<xr:GeneratedType name="DocumentRef.ПродажаЧерезМаркетплейс" category="Ref">
				<xr:TypeId>35b9fd03-d17b-4e09-b9e2-d885b3c4c669</xr:TypeId>
				<xr:ValueId>c8aea04d-4d95-40ed-8ef5-dcf7ea283395</xr:ValueId>
			</xr:GeneratedType>
			<xr:GeneratedType name="DocumentSelection.ПродажаЧерезМаркетплейс" category="Selection">
				<xr:TypeId>ef07c2a1-f9fa-428c-869d-b7f4a87201a4</xr:TypeId>
				<xr:ValueId>faf08d35-a88a-42db-a82d-3239e4c1ea60</xr:ValueId>
			</xr:GeneratedType>
			<xr:GeneratedType name="DocumentList.ПродажаЧерезМаркетплейс" category="List">
				<xr:TypeId>771f8ed8-607f-41fd-93f4-7bdcdf7fedcd</xr:TypeId>
				<xr:ValueId>aeeb7700-f6c4-43e8-913c-92e8d7a9919b</xr:ValueId>
			</xr:GeneratedType>
			<xr:GeneratedType name="DocumentManager.ПродажаЧерезМаркетплейс" category="Manager">
				<xr:TypeId>0c706b72-7e37-4052-825a-51677e7c7c05</xr:TypeId>
				<xr:ValueId>33753c46-c94f-487b-b889-131506f7f056</xr:ValueId>
			</xr:GeneratedType>
		</InternalInfo>
		<Properties>
			<ObjectBelonging>Adopted</ObjectBelonging>
			<Name>ПродажаЧерезМаркетплейс</Name>
			<Comment/>
			<ExtendedConfigurationObject>b1ec98b7-8f4d-42a1-a751-303614082fda</ExtendedConfigurationObject>
			<RegisterRecords/>
		</Properties>
		<ChildObjects>
			<Form>ФормаДокумента</Form>
		</ChildObjects>
	</Document>
</MetaDataObject>