﻿<?xml version="1.0" encoding="UTF-8"?>
<MetaDataObject xmlns="http://v8.1c.ru/8.3/MDClasses" xmlns:app="http://v8.1c.ru/8.2/managed-application/core" xmlns:cfg="http://v8.1c.ru/8.1/data/enterprise/current-config" xmlns:cmi="http://v8.1c.ru/8.2/managed-application/cmi" xmlns:ent="http://v8.1c.ru/8.1/data/enterprise" xmlns:lf="http://v8.1c.ru/8.2/managed-application/logform" xmlns:style="http://v8.1c.ru/8.1/data/ui/style" xmlns:sys="http://v8.1c.ru/8.1/data/ui/fonts/system" xmlns:v8="http://v8.1c.ru/8.1/data/core" xmlns:v8ui="http://v8.1c.ru/8.1/data/ui" xmlns:web="http://v8.1c.ru/8.1/data/ui/colors/web" xmlns:win="http://v8.1c.ru/8.1/data/ui/colors/windows" xmlns:xen="http://v8.1c.ru/8.3/xcf/enums" xmlns:xpr="http://v8.1c.ru/8.3/xcf/predef" xmlns:xr="http://v8.1c.ru/8.3/xcf/readable" xmlns:xs="http://www.w3.org/2001/XMLSchema" xmlns:xsi="http://www.w3.org/2001/XMLSchema-instance" version="2.18">
	<Document uuid="9ff53273-9a8e-4ae6-8fed-c9778e68c04a">
		<InternalInfo>
			<xr:GeneratedType name="DocumentObject.ПоступлениеПродукцииИзПроизводства" category="Object">
				<xr:TypeId>53faad1e-3805-4106-a2cc-a72475481f1f</xr:TypeId>
				<xr:ValueId>956c41d4-7661-4543-acea-7d3b0a388501</xr:ValueId>
			</xr:GeneratedType>
			<xr:GeneratedType name="DocumentRef.ПоступлениеПродукцииИзПроизводства" category="Ref">
				<xr:TypeId>4cef10a1-2133-45e4-8d14-4144a2cf5957</xr:TypeId>
				<xr:ValueId>2179585b-ef13-4be2-8109-407d8dce0553</xr:ValueId>
			</xr:GeneratedType>
			<xr:GeneratedType name="DocumentSelection.ПоступлениеПродукцииИзПроизводства" category="Selection">
				<xr:TypeId>b47b634a-2452-460f-a00b-a50b206401a0</xr:TypeId>
				<xr:ValueId>4969357d-8863-402a-8954-01af48e8e2b8</xr:ValueId>
			</xr:GeneratedType>
			<xr:GeneratedType name="DocumentList.ПоступлениеПродукцииИзПроизводства" category="List">
				<xr:TypeId>7a093242-9559-49c2-b12a-03d37306a8bd</xr:TypeId>
				<xr:ValueId>2d6dd8dd-8cd8-4bc2-ad24-bf0dc6a78b7c</xr:ValueId>
			</xr:GeneratedType>
			<xr:GeneratedType name="DocumentManager.ПоступлениеПродукцииИзПроизводства" category="Manager">
				<xr:TypeId>acf67e9a-3833-4a63-a8f5-c6ec161b46a0</xr:TypeId>
				<xr:ValueId>c7bf6a31-d800-45c9-b0e9-8d0dd998ef5c</xr:ValueId>
			</xr:GeneratedType>
		</InternalInfo>
		<Properties>
			<ObjectBelonging>Adopted</ObjectBelonging>
			<Name>ПоступлениеПродукцииИзПроизводства</Name>
			<Comment/>
			<ExtendedConfigurationObject>8963ca27-5604-4698-8c02-fb62b49a9c8d</ExtendedConfigurationObject>
			<NumberType>String</NumberType>
			<NumberLength>11</NumberLength>
			<NumberAllowedLength>Fixed</NumberAllowedLength>
			<RegisterRecords/>
		</Properties>
		<ChildObjects>
			<Attribute uuid="486fbf69-d770-4dfb-9f7f-7ea4aaa3c7fb">
				<InternalInfo/>
				<Properties>
					<ObjectBelonging>Adopted</ObjectBelonging>
					<Name>ПроизводственныйУчасток</Name>
					<Comment/>
					<ExtendedConfigurationObject>426be353-bc52-4c25-93a2-d8e3bfc2ee39</ExtendedConfigurationObject>
					<Type>
						<v8:Type>cfg:CatalogRef.ПроизводственныеУчастки</v8:Type>
					</Type>
				</Properties>
			</Attribute>
			<Attribute uuid="3e74c79a-75fc-4f95-b8c8-5f41bdad8386">
				<InternalInfo/>
				<Properties>
					<ObjectBelonging>Adopted</ObjectBelonging>
					<Name>Потери</Name>
					<Comment/>
					<ExtendedConfigurationObject>e902f07a-03e8-4868-9c05-6dfac11db140</ExtendedConfigurationObject>
					<Type>
						<v8:Type>xs:decimal</v8:Type>
						<v8:NumberQualifiers>
							<v8:Digits>10</v8:Digits>
							<v8:FractionDigits>3</v8:FractionDigits>
							<v8:AllowedSign>Nonnegative</v8:AllowedSign>
						</v8:NumberQualifiers>
					</Type>
				</Properties>
			</Attribute>
			<Attribute uuid="ef72a8ab-5ab6-4202-955f-e6cf97c40403">
				<InternalInfo/>
				<Properties>
					<ObjectBelonging>Adopted</ObjectBelonging>
					<Name>Организация</Name>
					<Comment/>
					<ExtendedConfigurationObject>c6af4d69-7e61-420b-a99b-11d664b64c2e</ExtendedConfigurationObject>
					<Type>
						<v8:Type>cfg:CatalogRef.Организации</v8:Type>
					</Type>
				</Properties>
			</Attribute>
			<Attribute uuid="b42b6423-5eea-4e07-8991-8b2c7b3170da">
				<InternalInfo/>
				<Properties>
					<ObjectBelonging>Adopted</ObjectBelonging>
					<Name>Контрагент</Name>
					<Comment/>
					<ExtendedConfigurationObject>e1b37dbb-0557-43ae-98de-b322b03bf2d4</ExtendedConfigurationObject>
					<Type>
						<v8:Type>cfg:CatalogRef.Контрагенты</v8:Type>
					</Type>
				</Properties>
			</Attribute>
			<Attribute uuid="59f4d205-f842-41d4-9556-5fe50af2dd66">
				<InternalInfo/>
				<Properties>
					<ObjectBelonging>Adopted</ObjectBelonging>
					<Name>Сделка</Name>
					<Comment/>
					<ExtendedConfigurationObject>9ca47417-4d91-4e8c-a6e0-8a55bbfe7903</ExtendedConfigurationObject>
					<Type>
						<v8:TypeSet>cfg:AnyRef</v8:TypeSet>
					</Type>
				</Properties>
			</Attribute>
			<Attribute uuid="8abd8960-4352-4e30-b731-00ddc8fac1f7">
				<InternalInfo/>
				<Properties>
					<ObjectBelonging>Adopted</ObjectBelonging>
					<Name>МатериалВПроизводстве</Name>
					<Comment/>
					<ExtendedConfigurationObject>20d43bfd-6a41-4e57-bfca-e689afb3f589</ExtendedConfigurationObject>
					<Type>
						<v8:Type>cfg:EnumRef.МатериалВПроизводстве</v8:Type>
					</Type>
				</Properties>
			</Attribute>
			<Attribute uuid="60d10b76-3832-48e8-a8f1-422c84ef470e">
				<InternalInfo/>
				<Properties>
					<ObjectBelonging>Adopted</ObjectBelonging>
					<Name>Склад</Name>
					<Comment/>
					<ExtendedConfigurationObject>d9761455-29d5-4b70-9871-154004a76258</ExtendedConfigurationObject>
					<Type>
						<v8:Type>cfg:CatalogRef.Склады</v8:Type>
					</Type>
				</Properties>
			</Attribute>
			<Attribute uuid="a9c20eb1-20d8-4303-bb2f-5344edbc3b47">
				<InternalInfo/>
				<Properties>
					<ObjectBelonging>Adopted</ObjectBelonging>
					<Name>ДоговорКонтрагента</Name>
					<Comment/>
					<ExtendedConfigurationObject>09911d4f-f5ce-47cd-aa52-554fe65bc43e</ExtendedConfigurationObject>
					<Type>
						<v8:Type>cfg:CatalogRef.ДоговорыКонтрагентов</v8:Type>
					</Type>
				</Properties>
			</Attribute>
			<Attribute uuid="890e39d7-913e-4c2c-9617-282fb923e385">
				<InternalInfo/>
				<Properties>
					<ObjectBelonging>Adopted</ObjectBelonging>
					<Name>Проект</Name>
					<Comment/>
					<ExtendedConfigurationObject>83b3934f-2ecf-4a73-a780-ad92883ac716</ExtendedConfigurationObject>
					<Type>
						<v8:Type>cfg:CatalogRef.Проекты</v8:Type>
					</Type>
				</Properties>
			</Attribute>
			<Attribute uuid="ac8a187c-d5d9-4937-a896-9932cb0ef746">
				<InternalInfo/>
				<Properties>
					<ObjectBelonging>Adopted</ObjectBelonging>
					<Name>ДокументОснование</Name>
					<Comment/>
					<ExtendedConfigurationObject>c938ad2d-58df-485a-b8f0-47c86c8ad133</ExtendedConfigurationObject>
					<Type>
						<v8:TypeSet>cfg:DocumentRef</v8:TypeSet>
					</Type>
				</Properties>
			</Attribute>
			<Attribute uuid="5ba0952a-fc65-40f1-9d7e-8898a5a63af8">
				<InternalInfo/>
				<Properties>
					<ObjectBelonging>Adopted</ObjectBelonging>
					<Name>ПотериВПроцентах</Name>
					<Comment/>
					<ExtendedConfigurationObject>2ccd4a89-c4de-468d-8471-5a68303825a9</ExtendedConfigurationObject>
					<Type>
						<v8:Type>xs:boolean</v8:Type>
					</Type>
				</Properties>
			</Attribute>
			<Attribute uuid="18952932-5652-469e-9425-03f86d0edc23">
				<InternalInfo/>
				<Properties>
					<ObjectBelonging>Adopted</ObjectBelonging>
					<Name>ПотериПострочно</Name>
					<Comment/>
					<ExtendedConfigurationObject>15b01eee-84f5-42d1-81f2-2b64b51af0e0</ExtendedConfigurationObject>
					<Type>
						<v8:Type>xs:boolean</v8:Type>
					</Type>
				</Properties>
			</Attribute>
			<Attribute uuid="9121e709-f84a-4f2c-8fc9-12d6a4724695">
				<InternalInfo/>
				<Properties>
					<ObjectBelonging>Adopted</ObjectBelonging>
					<Name>УчитыватьВесВставок</Name>
					<Comment/>
					<ExtendedConfigurationObject>a67d1b6a-f769-4048-a9a9-29d3418f40e6</ExtendedConfigurationObject>
					<Type>
						<v8:Type>xs:boolean</v8:Type>
					</Type>
				</Properties>
			</Attribute>
			<Attribute uuid="92d9e909-46a9-416a-ac3b-a37194ba22f9">
				<InternalInfo/>
				<Properties>
					<ObjectBelonging>Adopted</ObjectBelonging>
					<Name>ХозяйственнаяОперация</Name>
					<Comment/>
					<ExtendedConfigurationObject>1e29811c-8fc7-4a71-bcb4-fed29b17b847</ExtendedConfigurationObject>
					<Type>
						<v8:Type>cfg:CatalogRef.ХозяйственныеОперации</v8:Type>
					</Type>
				</Properties>
			</Attribute>
			<Attribute uuid="fc4a0ac9-540f-4846-9db4-7d4c3b74568c">
				<InternalInfo/>
				<Properties>
					<ObjectBelonging>Adopted</ObjectBelonging>
					<Name>РучноеЗаполнениеИзрасходованныхМатериалов</Name>
					<Comment/>
					<ExtendedConfigurationObject>73c9a3f7-d932-43ce-9063-5695ada4a394</ExtendedConfigurationObject>
					<Type>
						<v8:Type>xs:boolean</v8:Type>
					</Type>
				</Properties>
			</Attribute>
			<Attribute uuid="3db4f844-4d2c-4a6a-9f19-a1ab536c5e17">
				<InternalInfo/>
				<Properties>
					<ObjectBelonging>Adopted</ObjectBelonging>
					<Name>УслугаДляВыводаВПечатныеФормы</Name>
					<Comment/>
					<ExtendedConfigurationObject>5ab0e66d-22d2-4af6-97f1-caa1ca9642fa</ExtendedConfigurationObject>
					<Type>
						<v8:Type>cfg:CatalogRef.Номенклатура</v8:Type>
					</Type>
				</Properties>
			</Attribute>
			<Attribute uuid="4c79e595-ec6c-4a0c-ab78-2091b3f1ebe8">
				<InternalInfo/>
				<Properties>
					<ObjectBelonging>Adopted</ObjectBelonging>
					<Name>УсловияОплаты</Name>
					<Comment/>
					<ExtendedConfigurationObject>bcd3fe04-12ab-4760-b7d1-7b870161e430</ExtendedConfigurationObject>
					<Type>
						<v8:Type>cfg:CatalogRef.УсловияОплаты</v8:Type>
					</Type>
				</Properties>
			</Attribute>
			<Attribute uuid="d9342566-311e-4c68-b8e0-7b811ecee759">
				<InternalInfo/>
				<Properties>
					<ObjectBelonging>Adopted</ObjectBelonging>
					<Name>НомерВходящегоДокумента</Name>
					<Comment/>
					<ExtendedConfigurationObject>59b31bb5-c382-4adf-835c-5e2489f41929</ExtendedConfigurationObject>
					<Type>
						<v8:Type>xs:string</v8:Type>
						<v8:StringQualifiers>
							<v8:Length>30</v8:Length>
							<v8:AllowedLength>Variable</v8:AllowedLength>
						</v8:StringQualifiers>
					</Type>
				</Properties>
			</Attribute>
			<Attribute uuid="cc1ee7c4-7f8b-4cc4-b0a5-4a7b75b1d15c">
				<InternalInfo/>
				<Properties>
					<ObjectBelonging>Adopted</ObjectBelonging>
					<Name>ДатаВходящегоДокумента</Name>
					<Comment/>
					<ExtendedConfigurationObject>c836b5d1-6677-46fc-9e03-8516f983ef11</ExtendedConfigurationObject>
					<Type>
						<v8:Type>xs:dateTime</v8:Type>
						<v8:DateQualifiers>
							<v8:DateFractions>Date</v8:DateFractions>
						</v8:DateQualifiers>
					</Type>
				</Properties>
			</Attribute>
			<Attribute uuid="0e15023a-2df2-4502-b911-e8f35681c4f6">
				<InternalInfo/>
				<Properties>
					<ObjectBelonging>Adopted</ObjectBelonging>
					<Name>Ответственный</Name>
					<Comment/>
					<ExtendedConfigurationObject>e1efafbf-405b-4d67-a8c2-976d4dd819d9</ExtendedConfigurationObject>
					<Type>
						<v8:Type>cfg:CatalogRef.Пользователи</v8:Type>
					</Type>
				</Properties>
			</Attribute>
			<Attribute uuid="ea9de5c1-6f2c-4fa8-921f-01a527604d75">
				<InternalInfo/>
				<Properties>
					<ObjectBelonging>Adopted</ObjectBelonging>
					<Name>Подразделение</Name>
					<Comment/>
					<ExtendedConfigurationObject>996cae38-559b-4230-89be-183f86eb023a</ExtendedConfigurationObject>
					<Type>
						<v8:Type>cfg:CatalogRef.Подразделения</v8:Type>
					</Type>
				</Properties>
			</Attribute>
			<Attribute uuid="49e90873-942f-488b-b256-dd0156011583">
				<InternalInfo/>
				<Properties>
					<ObjectBelonging>Adopted</ObjectBelonging>
					<Name>РучнойУчетВесаВставок</Name>
					<Comment/>
					<ExtendedConfigurationObject>f76a181c-78b6-4e55-93ed-d07d647a4c78</ExtendedConfigurationObject>
					<Type>
						<v8:Type>xs:boolean</v8:Type>
					</Type>
				</Properties>
			</Attribute>
			<Attribute uuid="de56954d-e079-4499-b59c-b3c61646e44f">
				<InternalInfo/>
				<Properties>
					<ObjectBelonging>Adopted</ObjectBelonging>
					<Name>Комментарий</Name>
					<Comment/>
					<ExtendedConfigurationObject>54b2bd63-82c4-424a-ad9a-c4bbc043baaf</ExtendedConfigurationObject>
					<Type>
						<v8:Type>xs:string</v8:Type>
						<v8:StringQualifiers>
							<v8:Length>0</v8:Length>
							<v8:AllowedLength>Variable</v8:AllowedLength>
						</v8:StringQualifiers>
					</Type>
				</Properties>
			</Attribute>
			<Attribute uuid="56a2c936-3bfe-4698-b492-3d0b6b346f44">
				<InternalInfo/>
				<Properties>
					<ObjectBelonging>Adopted</ObjectBelonging>
					<Name>СтатусЗапроса</Name>
					<Comment/>
					<ExtendedConfigurationObject>ac8761d3-3981-42a8-aedd-6828a80e9287</ExtendedConfigurationObject>
					<Type>
						<v8:Type>cfg:EnumRef.СтатусОтветаГИИСДМДК</v8:Type>
					</Type>
				</Properties>
			</Attribute>
			<Attribute uuid="d72b7966-6fe8-451e-bd63-4e7a18c96404">
				<InternalInfo/>
				<Properties>
					<ObjectBelonging>Adopted</ObjectBelonging>
					<Name>ОписаниеОшибки</Name>
					<Comment/>
					<ExtendedConfigurationObject>de69e0d0-6e82-43e0-bd52-29c10cdfc0d4</ExtendedConfigurationObject>
					<Type>
						<v8:Type>xs:string</v8:Type>
						<v8:StringQualifiers>
							<v8:Length>300</v8:Length>
							<v8:AllowedLength>Variable</v8:AllowedLength>
						</v8:StringQualifiers>
					</Type>
				</Properties>
			</Attribute>
			<Attribute uuid="3d8b78a4-67fa-4555-a447-687053ebfdf0">
				<InternalInfo/>
				<Properties>
					<ObjectBelonging>Adopted</ObjectBelonging>
					<Name>ИдентификаторЗапроса</Name>
					<Comment/>
					<ExtendedConfigurationObject>611f0375-6964-47c8-a8cc-d3421a229230</ExtendedConfigurationObject>
					<Type>
						<v8:Type>xs:string</v8:Type>
						<v8:StringQualifiers>
							<v8:Length>36</v8:Length>
							<v8:AllowedLength>Variable</v8:AllowedLength>
						</v8:StringQualifiers>
					</Type>
				</Properties>
			</Attribute>
			<Attribute uuid="cc5ec66d-0e76-412d-a0c6-cade2567ff94">
				<Properties>
					<Name>B1_Мастер</Name>
					<Synonym>
						<v8:item>
							<v8:lang>ru</v8:lang>
							<v8:content>Мастер</v8:content>
						</v8:item>
					</Synonym>
					<Comment/>
					<Type>
						<v8:Type>cfg:CatalogRef.Контрагенты</v8:Type>
					</Type>
					<PasswordMode>false</PasswordMode>
					<Format/>
					<EditFormat/>
					<ToolTip/>
					<MarkNegatives>false</MarkNegatives>
					<Mask/>
					<MultiLine>false</MultiLine>
					<ExtendedEdit>false</ExtendedEdit>
					<MinValue xsi:nil="true"/>
					<MaxValue xsi:nil="true"/>
					<FillFromFillingValue>false</FillFromFillingValue>
					<FillValue xsi:nil="true"/>
					<FillChecking>DontCheck</FillChecking>
					<ChoiceFoldersAndItems>Items</ChoiceFoldersAndItems>
					<ChoiceParameterLinks/>
					<ChoiceParameters/>
					<QuickChoice>Auto</QuickChoice>
					<CreateOnInput>Auto</CreateOnInput>
					<ChoiceForm/>
					<LinkByType/>
					<ChoiceHistoryOnInput>Auto</ChoiceHistoryOnInput>
					<Indexing>DontIndex</Indexing>
					<FullTextSearch>Use</FullTextSearch>
					<DataHistory>Use</DataHistory>
				</Properties>
			</Attribute>
			<Form>ФормаДокументаУ</Form>
			<TabularSection uuid="fc37ce7b-e79d-43ed-b4f7-4ce9508f4150">
				<InternalInfo>
					<xr:GeneratedType name="DocumentTabularSection.ПоступлениеПродукцииИзПроизводства.Материалы" category="TabularSection">
						<xr:TypeId>8bb2947a-d1c8-416a-8d7f-e67ec5833b4c</xr:TypeId>
						<xr:ValueId>98677a22-773b-40f0-86b0-ff402b7f4931</xr:ValueId>
					</xr:GeneratedType>
					<xr:GeneratedType name="DocumentTabularSectionRow.ПоступлениеПродукцииИзПроизводства.Материалы" category="TabularSectionRow">
						<xr:TypeId>81f461f9-feeb-4118-84f7-f918dac8098f</xr:TypeId>
						<xr:ValueId>a4d8862a-449a-4ada-8f81-e4407629a87c</xr:ValueId>
					</xr:GeneratedType>
				</InternalInfo>
				<Properties>
					<ObjectBelonging>Adopted</ObjectBelonging>
					<Name>Материалы</Name>
					<Comment/>
					<ExtendedConfigurationObject>dae73135-15a5-45e8-a27c-b0fea3480dec</ExtendedConfigurationObject>
				</Properties>
				<ChildObjects>
					<Attribute uuid="afecab64-6dff-4533-a0b7-4c10a1434615">
						<InternalInfo/>
						<Properties>
							<ObjectBelonging>Adopted</ObjectBelonging>
							<Name>КлючСвязи</Name>
							<Comment/>
							<ExtendedConfigurationObject>893d3513-c48f-4f3a-a106-d8b1b815d225</ExtendedConfigurationObject>
							<Type>
								<v8:Type>xs:decimal</v8:Type>
								<v8:NumberQualifiers>
									<v8:Digits>5</v8:Digits>
									<v8:FractionDigits>0</v8:FractionDigits>
									<v8:AllowedSign>Nonnegative</v8:AllowedSign>
								</v8:NumberQualifiers>
							</Type>
						</Properties>
					</Attribute>
					<Attribute uuid="c3c4b125-7757-41ba-9c96-47d5256a4309">
						<InternalInfo/>
						<Properties>
							<ObjectBelonging>Adopted</ObjectBelonging>
							<Name>Количество</Name>
							<Comment/>
							<ExtendedConfigurationObject>d2b64d6e-7f9f-4a99-b503-1448e5fbff29</ExtendedConfigurationObject>
							<Type>
								<v8:Type>xs:decimal</v8:Type>
								<v8:NumberQualifiers>
									<v8:Digits>15</v8:Digits>
									<v8:FractionDigits>0</v8:FractionDigits>
									<v8:AllowedSign>Any</v8:AllowedSign>
								</v8:NumberQualifiers>
							</Type>
						</Properties>
					</Attribute>
					<Attribute uuid="3aeb0474-dcac-4d2d-a188-739efaaf1d27">
						<InternalInfo/>
						<Properties>
							<ObjectBelonging>Adopted</ObjectBelonging>
							<Name>Потери</Name>
							<Comment/>
							<ExtendedConfigurationObject>81d3304a-ebb3-4ffc-a4e9-6d6590d32ab1</ExtendedConfigurationObject>
							<Type>
								<v8:Type>xs:decimal</v8:Type>
								<v8:NumberQualifiers>
									<v8:Digits>15</v8:Digits>
									<v8:FractionDigits>3</v8:FractionDigits>
									<v8:AllowedSign>Any</v8:AllowedSign>
								</v8:NumberQualifiers>
							</Type>
						</Properties>
					</Attribute>
					<Attribute uuid="c43658aa-9340-4fbc-af6d-b05ddfc6d96c">
						<InternalInfo/>
						<Properties>
							<ObjectBelonging>Adopted</ObjectBelonging>
							<Name>Номенклатура</Name>
							<Comment/>
							<ExtendedConfigurationObject>1b69fd7f-c9e8-432e-9bfb-f5369ca3d507</ExtendedConfigurationObject>
							<Type>
								<v8:TypeSet>cfg:AnyRef</v8:TypeSet>
							</Type>
						</Properties>
					</Attribute>
					<Attribute uuid="48857a08-d9a0-45c6-af17-44878e8de973">
						<InternalInfo/>
						<Properties>
							<ObjectBelonging>Adopted</ObjectBelonging>
							<Name>Размер</Name>
							<Comment/>
							<ExtendedConfigurationObject>4b40751c-5021-4eb8-adbc-ed7d245edaec</ExtendedConfigurationObject>
							<Type>
								<v8:Type>cfg:CatalogRef.Размер</v8:Type>
							</Type>
						</Properties>
					</Attribute>
					<Attribute uuid="330a64a0-7132-4d4e-b623-7b11b37bdada">
						<InternalInfo/>
						<Properties>
							<ObjectBelonging>Adopted</ObjectBelonging>
							<Name>СерияНоменклатуры</Name>
							<Comment/>
							<ExtendedConfigurationObject>0f5b70af-180c-4576-9ba0-4e3825308bd1</ExtendedConfigurationObject>
							<Type>
								<v8:Type>cfg:CatalogRef.СерииНоменклатуры</v8:Type>
							</Type>
						</Properties>
					</Attribute>
					<Attribute uuid="036a39e6-c66a-460d-836f-5c1465332055">
						<InternalInfo/>
						<Properties>
							<ObjectBelonging>Adopted</ObjectBelonging>
							<Name>ХарактеристикаНоменклатуры</Name>
							<Comment/>
							<ExtendedConfigurationObject>83ad624e-4699-41c8-93d8-5037ef0d3600</ExtendedConfigurationObject>
							<Type>
								<v8:Type>cfg:CatalogRef.ХарактеристикиНоменклатуры</v8:Type>
							</Type>
						</Properties>
					</Attribute>
					<Attribute uuid="0830c3b0-3309-482a-91b9-9548164e1d3c">
						<InternalInfo/>
						<Properties>
							<ObjectBelonging>Adopted</ObjectBelonging>
							<Name>ДокументОприходования</Name>
							<Comment/>
							<ExtendedConfigurationObject>aad8e1e5-7dff-4d24-ac3b-6b8006d67aec</ExtendedConfigurationObject>
							<Type>
								<v8:TypeSet>cfg:AnyRef</v8:TypeSet>
							</Type>
						</Properties>
					</Attribute>
					<Attribute uuid="32c86368-7a85-4f39-aa8a-20f7c3796629">
						<InternalInfo/>
						<Properties>
							<ObjectBelonging>Adopted</ObjectBelonging>
							<Name>Вес</Name>
							<Comment/>
							<ExtendedConfigurationObject>d2de5c37-96c9-4929-9240-0e5a9d99d417</ExtendedConfigurationObject>
							<Type>
								<v8:Type>xs:decimal</v8:Type>
								<v8:NumberQualifiers>
									<v8:Digits>15</v8:Digits>
									<v8:FractionDigits>3</v8:FractionDigits>
									<v8:AllowedSign>Any</v8:AllowedSign>
								</v8:NumberQualifiers>
							</Type>
						</Properties>
					</Attribute>
					<Attribute uuid="26f82a68-05ff-4a90-814d-808e8e02fd10">
						<InternalInfo/>
						<Properties>
							<ObjectBelonging>Adopted</ObjectBelonging>
							<Name>УИН</Name>
							<Comment/>
							<ExtendedConfigurationObject>c19678a1-f2ef-4703-a937-f7b62ed4b798</ExtendedConfigurationObject>
							<Type>
								<v8:Type>xs:string</v8:Type>
								<v8:StringQualifiers>
									<v8:Length>36</v8:Length>
									<v8:AllowedLength>Variable</v8:AllowedLength>
								</v8:StringQualifiers>
							</Type>
						</Properties>
					</Attribute>
					<Attribute uuid="2ab00842-b1dd-4a4b-8307-a63a35597640">
						<InternalInfo/>
						<Properties>
							<ObjectBelonging>Adopted</ObjectBelonging>
							<Name>ОписаниеОшибки</Name>
							<Comment/>
							<ExtendedConfigurationObject>c575b7cc-2da9-4b19-8442-e86f8ac3acf6</ExtendedConfigurationObject>
							<Type>
								<v8:Type>xs:string</v8:Type>
								<v8:StringQualifiers>
									<v8:Length>300</v8:Length>
									<v8:AllowedLength>Variable</v8:AllowedLength>
								</v8:StringQualifiers>
							</Type>
						</Properties>
					</Attribute>
					<Attribute uuid="7a839cc8-4d47-4c9c-9c59-c5ccee30f17e">
						<InternalInfo/>
						<Properties>
							<ObjectBelonging>Adopted</ObjectBelonging>
							<Name>ИдентификаторЗапроса</Name>
							<Comment/>
							<ExtendedConfigurationObject>0bd24df1-324a-4a64-955a-41e47b46ecc0</ExtendedConfigurationObject>
							<Type>
								<v8:Type>xs:string</v8:Type>
								<v8:StringQualifiers>
									<v8:Length>36</v8:Length>
									<v8:AllowedLength>Variable</v8:AllowedLength>
								</v8:StringQualifiers>
							</Type>
						</Properties>
					</Attribute>
					<Attribute uuid="0f6ff81b-bc59-4720-9611-394efb3457c1">
						<InternalInfo/>
						<Properties>
							<ObjectBelonging>Adopted</ObjectBelonging>
							<Name>СтатусЗапроса</Name>
							<Comment/>
							<ExtendedConfigurationObject>077b868a-0e70-4b42-873e-581378d0fc18</ExtendedConfigurationObject>
							<Type>
								<v8:Type>cfg:EnumRef.СтатусОтветаГИИСДМДК</v8:Type>
							</Type>
						</Properties>
					</Attribute>
					<Attribute uuid="3481f719-cb81-40e8-b545-e69f54bcf782">
						<InternalInfo/>
						<Properties>
							<ObjectBelonging>Adopted</ObjectBelonging>
							<Name>ВесБезПотерь</Name>
							<Comment/>
							<ExtendedConfigurationObject>3b7e8dee-a9f4-444f-8bdd-628279a2ff90</ExtendedConfigurationObject>
							<Type>
								<v8:Type>xs:decimal</v8:Type>
								<v8:NumberQualifiers>
									<v8:Digits>15</v8:Digits>
									<v8:FractionDigits>3</v8:FractionDigits>
									<v8:AllowedSign>Any</v8:AllowedSign>
								</v8:NumberQualifiers>
							</Type>
						</Properties>
					</Attribute>
					<Attribute uuid="af24c832-a296-40b0-bb5a-978a64a1c9f5">
						<InternalInfo/>
						<Properties>
							<ObjectBelonging>Adopted</ObjectBelonging>
							<Name>ВесВЧистоте</Name>
							<Comment/>
							<ExtendedConfigurationObject>a1dbdf27-9bed-43c1-8f4e-bc4340695244</ExtendedConfigurationObject>
							<Type>
								<v8:Type>xs:decimal</v8:Type>
								<v8:NumberQualifiers>
									<v8:Digits>15</v8:Digits>
									<v8:FractionDigits>5</v8:FractionDigits>
									<v8:AllowedSign>Any</v8:AllowedSign>
								</v8:NumberQualifiers>
							</Type>
						</Properties>
					</Attribute>
					<Attribute uuid="f6358bf2-a2f0-4081-b7d9-1db2c40a1f10">
						<InternalInfo/>
						<Properties>
							<ObjectBelonging>Adopted</ObjectBelonging>
							<Name>ПотериВЧистоте</Name>
							<Comment/>
							<ExtendedConfigurationObject>6be319c2-e9a6-467d-9f02-6a23c48f003b</ExtendedConfigurationObject>
							<Type>
								<v8:Type>xs:decimal</v8:Type>
								<v8:NumberQualifiers>
									<v8:Digits>15</v8:Digits>
									<v8:FractionDigits>5</v8:FractionDigits>
									<v8:AllowedSign>Any</v8:AllowedSign>
								</v8:NumberQualifiers>
							</Type>
						</Properties>
					</Attribute>
				</ChildObjects>
			</TabularSection>
			<TabularSection uuid="92b6e878-7f90-41e9-a500-c215e3bdb7bb">
				<InternalInfo>
					<xr:GeneratedType name="DocumentTabularSection.ПоступлениеПродукцииИзПроизводства.Товары" category="TabularSection">
						<xr:TypeId>29d3c7cd-d7a1-41e1-ab80-8f87f8bb3b68</xr:TypeId>
						<xr:ValueId>a597eac5-8f0b-42b8-94d0-7f10ee4c0602</xr:ValueId>
					</xr:GeneratedType>
					<xr:GeneratedType name="DocumentTabularSectionRow.ПоступлениеПродукцииИзПроизводства.Товары" category="TabularSectionRow">
						<xr:TypeId>4d61d44e-ea62-42f8-aa27-704d51b4d74b</xr:TypeId>
						<xr:ValueId>3099e9b6-a7bd-4c8e-89b4-4fbba59eaa29</xr:ValueId>
					</xr:GeneratedType>
				</InternalInfo>
				<Properties>
					<ObjectBelonging>Adopted</ObjectBelonging>
					<Name>Товары</Name>
					<Comment/>
					<ExtendedConfigurationObject>33924596-b7de-47ce-8d02-02c9473b9dba</ExtendedConfigurationObject>
				</Properties>
				<ChildObjects>
					<Attribute uuid="aa190792-2e5f-4dfd-9bac-a0dcf6d56013">
						<InternalInfo/>
						<Properties>
							<ObjectBelonging>Adopted</ObjectBelonging>
							<Name>КлючСвязи</Name>
							<Comment/>
							<ExtendedConfigurationObject>61ba3cd3-4a3d-4152-951e-55e5dc6d1dc4</ExtendedConfigurationObject>
							<Type>
								<v8:Type>xs:decimal</v8:Type>
								<v8:NumberQualifiers>
									<v8:Digits>5</v8:Digits>
									<v8:FractionDigits>0</v8:FractionDigits>
									<v8:AllowedSign>Nonnegative</v8:AllowedSign>
								</v8:NumberQualifiers>
							</Type>
						</Properties>
					</Attribute>
					<Attribute uuid="5b89e5d3-8199-4fc2-88c4-7b46ebfdc952">
						<InternalInfo/>
						<Properties>
							<ObjectBelonging>Adopted</ObjectBelonging>
							<Name>ЦветМеталла</Name>
							<Comment/>
							<ExtendedConfigurationObject>07c6a088-ed57-4003-82d3-037e5bc3fb80</ExtendedConfigurationObject>
							<Type>
								<v8:Type>cfg:CatalogRef.ЦветаМеталла</v8:Type>
							</Type>
						</Properties>
					</Attribute>
					<Attribute uuid="073e6c6b-d413-4989-a98a-17db01d175cc">
						<InternalInfo/>
						<Properties>
							<ObjectBelonging>Adopted</ObjectBelonging>
							<Name>ВесПотерь</Name>
							<Comment/>
							<ExtendedConfigurationObject>395b69eb-a722-490c-9e5e-ceeb4dc655e2</ExtendedConfigurationObject>
							<Type>
								<v8:Type>xs:decimal</v8:Type>
								<v8:NumberQualifiers>
									<v8:Digits>15</v8:Digits>
									<v8:FractionDigits>3</v8:FractionDigits>
									<v8:AllowedSign>Any</v8:AllowedSign>
								</v8:NumberQualifiers>
							</Type>
						</Properties>
					</Attribute>
					<Attribute uuid="dbffc125-5235-4bcb-bc26-da03fce00cea">
						<InternalInfo/>
						<Properties>
							<ObjectBelonging>Adopted</ObjectBelonging>
							<Name>Паспорт</Name>
							<Comment/>
							<ExtendedConfigurationObject>bb35fbde-cb6c-4aed-ba34-0d0e75cc0d5b</ExtendedConfigurationObject>
							<Type>
								<v8:Type>xs:string</v8:Type>
								<v8:StringQualifiers>
									<v8:Length>50</v8:Length>
									<v8:AllowedLength>Variable</v8:AllowedLength>
								</v8:StringQualifiers>
							</Type>
						</Properties>
					</Attribute>
					<Attribute uuid="ef29d2cf-5b5c-47ed-8568-c7b6168e4053">
						<InternalInfo/>
						<Properties>
							<ObjectBelonging>Adopted</ObjectBelonging>
							<Name>Номенклатура</Name>
							<Comment/>
							<ExtendedConfigurationObject>f4aa49fa-6d3c-47c2-bd26-3c82fe155251</ExtendedConfigurationObject>
							<Type>
								<v8:Type>cfg:CatalogRef.Номенклатура</v8:Type>
							</Type>
						</Properties>
					</Attribute>
					<Attribute uuid="b95e3e1b-a605-447b-8941-576bb42f9211">
						<InternalInfo/>
						<Properties>
							<ObjectBelonging>Adopted</ObjectBelonging>
							<Name>ХарактеристикаНоменклатуры</Name>
							<Comment/>
							<ExtendedConfigurationObject>f5f2bad6-7319-478a-9771-70292fe3441b</ExtendedConfigurationObject>
							<Type>
								<v8:Type>cfg:CatalogRef.ХарактеристикиНоменклатуры</v8:Type>
							</Type>
						</Properties>
					</Attribute>
					<Attribute uuid="2edfe826-4297-421e-a6b0-8b2911160284">
						<InternalInfo/>
						<Properties>
							<ObjectBelonging>Adopted</ObjectBelonging>
							<Name>СуммаНДСМеталла</Name>
							<Comment/>
							<ExtendedConfigurationObject>fc57ccb5-6ae9-491d-b73c-122f526447c8</ExtendedConfigurationObject>
							<Type>
								<v8:Type>xs:decimal</v8:Type>
								<v8:NumberQualifiers>
									<v8:Digits>15</v8:Digits>
									<v8:FractionDigits>2</v8:FractionDigits>
									<v8:AllowedSign>Any</v8:AllowedSign>
								</v8:NumberQualifiers>
							</Type>
						</Properties>
					</Attribute>
					<Attribute uuid="ea3b0920-dab5-4033-aa58-e4b98445b0b5">
						<InternalInfo/>
						<Properties>
							<ObjectBelonging>Adopted</ObjectBelonging>
							<Name>СтоимостьМеталла</Name>
							<Comment/>
							<ExtendedConfigurationObject>0a280dbd-5303-4bbe-a068-8920332aec95</ExtendedConfigurationObject>
							<Type>
								<v8:Type>xs:decimal</v8:Type>
								<v8:NumberQualifiers>
									<v8:Digits>15</v8:Digits>
									<v8:FractionDigits>2</v8:FractionDigits>
									<v8:AllowedSign>Nonnegative</v8:AllowedSign>
								</v8:NumberQualifiers>
							</Type>
						</Properties>
					</Attribute>
					<Attribute uuid="a501232e-9016-48de-a94c-fc36d774a599">
						<InternalInfo/>
						<Properties>
							<ObjectBelonging>Adopted</ObjectBelonging>
							<Name>Вес</Name>
							<Comment/>
							<ExtendedConfigurationObject>fe40abbd-3cbb-4d13-86c3-c5d19a5aeff9</ExtendedConfigurationObject>
							<Type>
								<v8:Type>xs:decimal</v8:Type>
								<v8:NumberQualifiers>
									<v8:Digits>15</v8:Digits>
									<v8:FractionDigits>3</v8:FractionDigits>
									<v8:AllowedSign>Any</v8:AllowedSign>
								</v8:NumberQualifiers>
							</Type>
						</Properties>
					</Attribute>
					<Attribute uuid="03bddcbe-36ad-4877-a306-5ef1636ef79c">
						<InternalInfo/>
						<Properties>
							<ObjectBelonging>Adopted</ObjectBelonging>
							<Name>ЦенаРабот</Name>
							<Comment/>
							<ExtendedConfigurationObject>3ca5892e-138f-45d1-9202-1c1d455d9564</ExtendedConfigurationObject>
							<Type>
								<v8:Type>xs:decimal</v8:Type>
								<v8:NumberQualifiers>
									<v8:Digits>15</v8:Digits>
									<v8:FractionDigits>2</v8:FractionDigits>
									<v8:AllowedSign>Nonnegative</v8:AllowedSign>
								</v8:NumberQualifiers>
							</Type>
						</Properties>
					</Attribute>
					<Attribute uuid="b7f82e7b-e094-4226-8209-1a02f8aec6e8">
						<InternalInfo/>
						<Properties>
							<ObjectBelonging>Adopted</ObjectBelonging>
							<Name>СтоимостьРабот</Name>
							<Comment/>
							<ExtendedConfigurationObject>1f1d5d6a-555f-4ccc-bd75-319da93912ce</ExtendedConfigurationObject>
							<Type>
								<v8:Type>xs:decimal</v8:Type>
								<v8:NumberQualifiers>
									<v8:Digits>15</v8:Digits>
									<v8:FractionDigits>2</v8:FractionDigits>
									<v8:AllowedSign>Nonnegative</v8:AllowedSign>
								</v8:NumberQualifiers>
							</Type>
						</Properties>
					</Attribute>
					<Attribute uuid="8deb8eb4-0025-4401-b06d-487570c0e620">
						<InternalInfo/>
						<Properties>
							<ObjectBelonging>Adopted</ObjectBelonging>
							<Name>СтоимостьВставок</Name>
							<Comment/>
							<ExtendedConfigurationObject>cad4fdea-bdbe-41db-b860-28ee744bf64d</ExtendedConfigurationObject>
							<Type>
								<v8:Type>xs:decimal</v8:Type>
								<v8:NumberQualifiers>
									<v8:Digits>15</v8:Digits>
									<v8:FractionDigits>2</v8:FractionDigits>
									<v8:AllowedSign>Nonnegative</v8:AllowedSign>
								</v8:NumberQualifiers>
							</Type>
						</Properties>
					</Attribute>
					<Attribute uuid="2f182c4c-eec7-4dc0-899e-4fe62a4a2f9d">
						<InternalInfo/>
						<Properties>
							<ObjectBelonging>Adopted</ObjectBelonging>
							<Name>СуммаНДС</Name>
							<Comment/>
							<ExtendedConfigurationObject>ac77762a-1a89-4a8f-825c-24a8392c2110</ExtendedConfigurationObject>
							<Type>
								<v8:Type>xs:decimal</v8:Type>
								<v8:NumberQualifiers>
									<v8:Digits>15</v8:Digits>
									<v8:FractionDigits>2</v8:FractionDigits>
									<v8:AllowedSign>Nonnegative</v8:AllowedSign>
								</v8:NumberQualifiers>
							</Type>
						</Properties>
					</Attribute>
					<Attribute uuid="78b5f80b-d5f8-49c9-b654-f6ec07751740">
						<InternalInfo/>
						<Properties>
							<ObjectBelonging>Adopted</ObjectBelonging>
							<Name>Количество</Name>
							<Comment/>
							<ExtendedConfigurationObject>94094768-d99e-492f-b16e-92b3ac27895a</ExtendedConfigurationObject>
							<Type>
								<v8:Type>xs:decimal</v8:Type>
								<v8:NumberQualifiers>
									<v8:Digits>15</v8:Digits>
									<v8:FractionDigits>0</v8:FractionDigits>
									<v8:AllowedSign>Any</v8:AllowedSign>
								</v8:NumberQualifiers>
							</Type>
						</Properties>
					</Attribute>
					<Attribute uuid="c19bf282-637c-48b5-a68f-8664137b923d">
						<InternalInfo/>
						<Properties>
							<ObjectBelonging>Adopted</ObjectBelonging>
							<Name>Размер</Name>
							<Comment/>
							<ExtendedConfigurationObject>ce358090-edba-42d7-9868-1b41dd10e934</ExtendedConfigurationObject>
							<Type>
								<v8:Type>cfg:CatalogRef.Размер</v8:Type>
							</Type>
						</Properties>
					</Attribute>
					<Attribute uuid="93440e4a-c819-48b0-b7fd-9ca22f6b114d">
						<InternalInfo/>
						<Properties>
							<ObjectBelonging>Adopted</ObjectBelonging>
							<Name>Весовой</Name>
							<Comment/>
							<ExtendedConfigurationObject>100c4510-641e-4aa7-b2f0-e1a6e55ded94</ExtendedConfigurationObject>
							<Type>
								<v8:Type>xs:decimal</v8:Type>
								<v8:NumberQualifiers>
									<v8:Digits>1</v8:Digits>
									<v8:FractionDigits>0</v8:FractionDigits>
									<v8:AllowedSign>Nonnegative</v8:AllowedSign>
								</v8:NumberQualifiers>
							</Type>
						</Properties>
					</Attribute>
					<Attribute uuid="bcdd3757-8e1a-46eb-a760-7885604aee2e">
						<InternalInfo/>
						<Properties>
							<ObjectBelonging>Adopted</ObjectBelonging>
							<Name>СерияНоменклатуры</Name>
							<Comment/>
							<ExtendedConfigurationObject>07f4b942-5300-4ea4-9d11-a43c65044c40</ExtendedConfigurationObject>
							<Type>
								<v8:Type>cfg:CatalogRef.СерииНоменклатуры</v8:Type>
							</Type>
						</Properties>
					</Attribute>
					<Attribute uuid="5e80bbff-5efb-4ea9-8702-eec02ae8883a">
						<InternalInfo/>
						<Properties>
							<ObjectBelonging>Adopted</ObjectBelonging>
							<Name>СуммаНДСРабот</Name>
							<Comment/>
							<ExtendedConfigurationObject>b48cfbf0-f0c9-4bc2-a3f8-b7664fc7ff7b</ExtendedConfigurationObject>
							<Type>
								<v8:Type>xs:decimal</v8:Type>
								<v8:NumberQualifiers>
									<v8:Digits>15</v8:Digits>
									<v8:FractionDigits>2</v8:FractionDigits>
									<v8:AllowedSign>Any</v8:AllowedSign>
								</v8:NumberQualifiers>
							</Type>
						</Properties>
					</Attribute>
					<Attribute uuid="561674d7-a6ad-42ab-a06c-d54f033e4d36">
						<InternalInfo/>
						<Properties>
							<ObjectBelonging>Adopted</ObjectBelonging>
							<Name>ВесВставок</Name>
							<Comment/>
							<ExtendedConfigurationObject>8ffca7cd-c774-404b-bb5b-14044708f429</ExtendedConfigurationObject>
							<Type>
								<v8:Type>xs:decimal</v8:Type>
								<v8:NumberQualifiers>
									<v8:Digits>15</v8:Digits>
									<v8:FractionDigits>3</v8:FractionDigits>
									<v8:AllowedSign>Any</v8:AllowedSign>
								</v8:NumberQualifiers>
							</Type>
						</Properties>
					</Attribute>
					<Attribute uuid="ba58c4fb-5f09-4f1f-a9ae-bfc581e404f2">
						<InternalInfo/>
						<Properties>
							<ObjectBelonging>Adopted</ObjectBelonging>
							<Name>ВесЧистоты</Name>
							<Comment/>
							<ExtendedConfigurationObject>c5a4933c-efa3-4a0a-835a-a0588dfb58d8</ExtendedConfigurationObject>
							<Type>
								<v8:Type>xs:decimal</v8:Type>
								<v8:NumberQualifiers>
									<v8:Digits>10</v8:Digits>
									<v8:FractionDigits>5</v8:FractionDigits>
									<v8:AllowedSign>Any</v8:AllowedSign>
								</v8:NumberQualifiers>
							</Type>
						</Properties>
					</Attribute>
					<Attribute uuid="5b75bc3d-c7d3-4593-a59e-2ae5d830b1da">
						<InternalInfo/>
						<Properties>
							<ObjectBelonging>Adopted</ObjectBelonging>
							<Name>ПроцентПотерь</Name>
							<Comment/>
							<ExtendedConfigurationObject>66d55014-6737-4362-81ef-de736c2df427</ExtendedConfigurationObject>
							<Type>
								<v8:Type>xs:decimal</v8:Type>
								<v8:NumberQualifiers>
									<v8:Digits>15</v8:Digits>
									<v8:FractionDigits>2</v8:FractionDigits>
									<v8:AllowedSign>Any</v8:AllowedSign>
								</v8:NumberQualifiers>
							</Type>
						</Properties>
					</Attribute>
					<Attribute uuid="d4347df6-cfc7-45dc-9514-aa1ad64313c4">
						<InternalInfo/>
						<Properties>
							<ObjectBelonging>Adopted</ObjectBelonging>
							<Name>СуммаНДСВставок</Name>
							<Comment/>
							<ExtendedConfigurationObject>1660c95d-2be1-4647-a2c5-bdea52563de7</ExtendedConfigurationObject>
							<Type>
								<v8:Type>xs:decimal</v8:Type>
								<v8:NumberQualifiers>
									<v8:Digits>15</v8:Digits>
									<v8:FractionDigits>2</v8:FractionDigits>
									<v8:AllowedSign>Any</v8:AllowedSign>
								</v8:NumberQualifiers>
							</Type>
						</Properties>
					</Attribute>
					<Attribute uuid="f775f0ad-6909-4a0c-a80b-b4465fa4d20f">
						<InternalInfo/>
						<Properties>
							<ObjectBelonging>Adopted</ObjectBelonging>
							<Name>Качество</Name>
							<Comment/>
							<ExtendedConfigurationObject>16af289d-cc2b-4725-93b4-5d5db19ba92d</ExtendedConfigurationObject>
							<Type>
								<v8:Type>cfg:CatalogRef.Качество</v8:Type>
							</Type>
						</Properties>
					</Attribute>
					<Attribute uuid="ae73a0e1-24ee-476c-823f-8b0bd163738a">
						<InternalInfo/>
						<Properties>
							<ObjectBelonging>Adopted</ObjectBelonging>
							<Name>Цена</Name>
							<Comment/>
							<ExtendedConfigurationObject>cd4f6bca-3c78-438f-90d8-119c55bfca36</ExtendedConfigurationObject>
							<Type>
								<v8:Type>xs:decimal</v8:Type>
								<v8:NumberQualifiers>
									<v8:Digits>15</v8:Digits>
									<v8:FractionDigits>2</v8:FractionDigits>
									<v8:AllowedSign>Nonnegative</v8:AllowedSign>
								</v8:NumberQualifiers>
							</Type>
						</Properties>
					</Attribute>
					<Attribute uuid="9c1e577d-385c-411a-9e73-8345562a9c97">
						<InternalInfo/>
						<Properties>
							<ObjectBelonging>Adopted</ObjectBelonging>
							<Name>Сумма</Name>
							<Comment/>
							<ExtendedConfigurationObject>0dfe7120-4b4e-42c6-9c26-912ca393bd4a</ExtendedConfigurationObject>
							<Type>
								<v8:Type>xs:decimal</v8:Type>
								<v8:NumberQualifiers>
									<v8:Digits>15</v8:Digits>
									<v8:FractionDigits>2</v8:FractionDigits>
									<v8:AllowedSign>Nonnegative</v8:AllowedSign>
								</v8:NumberQualifiers>
							</Type>
						</Properties>
					</Attribute>
					<Attribute uuid="1cc6d6be-1300-4691-bcbf-0ae6216815f1">
						<InternalInfo/>
						<Properties>
							<ObjectBelonging>Adopted</ObjectBelonging>
							<Name>СтавкаНДС</Name>
							<Comment/>
							<ExtendedConfigurationObject>8ceaece6-c40e-4914-affd-78e06d3c0fec</ExtendedConfigurationObject>
							<Type>
								<v8:Type>cfg:EnumRef.СтавкиНДС</v8:Type>
							</Type>
						</Properties>
					</Attribute>
					<Attribute uuid="c6c6f645-0ced-4b13-9eb8-fad6de284437">
						<InternalInfo/>
						<Properties>
							<ObjectBelonging>Adopted</ObjectBelonging>
							<Name>ЗаказКлиента</Name>
							<Comment/>
							<ExtendedConfigurationObject>ffb3b7e2-231e-4dfd-8f30-60f47ad212a1</ExtendedConfigurationObject>
							<Type>
								<v8:Type>cfg:DocumentRef.ЗаказКлиента</v8:Type>
							</Type>
						</Properties>
					</Attribute>
					<Attribute uuid="424987b2-63bb-4029-b992-9be5146eecbf">
						<InternalInfo/>
						<Properties>
							<ObjectBelonging>Adopted</ObjectBelonging>
							<Name>УИН</Name>
							<Comment/>
							<ExtendedConfigurationObject>debfb1dc-aa85-4145-9579-ea116380ddd4</ExtendedConfigurationObject>
							<Type>
								<v8:Type>xs:string</v8:Type>
								<v8:StringQualifiers>
									<v8:Length>36</v8:Length>
									<v8:AllowedLength>Variable</v8:AllowedLength>
								</v8:StringQualifiers>
							</Type>
						</Properties>
					</Attribute>
					<Attribute uuid="0a7f0e5d-77fc-424b-8f9b-182991cb774c">
						<InternalInfo/>
						<Properties>
							<ObjectBelonging>Adopted</ObjectBelonging>
							<Name>ОписаниеОшибки</Name>
							<Comment/>
							<ExtendedConfigurationObject>352cae80-94e3-4926-84c2-c6a6909f115f</ExtendedConfigurationObject>
							<Type>
								<v8:Type>xs:string</v8:Type>
								<v8:StringQualifiers>
									<v8:Length>300</v8:Length>
									<v8:AllowedLength>Variable</v8:AllowedLength>
								</v8:StringQualifiers>
							</Type>
						</Properties>
					</Attribute>
					<Attribute uuid="eee538eb-5b19-4ae4-ad93-304f0e1ff2d9">
						<InternalInfo/>
						<Properties>
							<ObjectBelonging>Adopted</ObjectBelonging>
							<Name>СтатусЗапроса</Name>
							<Comment/>
							<ExtendedConfigurationObject>7ab2ba63-c1d1-4b6a-92c5-ed6589c4d29e</ExtendedConfigurationObject>
							<Type>
								<v8:Type>cfg:EnumRef.СтатусОтветаГИИСДМДК</v8:Type>
							</Type>
						</Properties>
					</Attribute>
					<Attribute uuid="67e976b1-c896-4b57-936f-c0839652ccd4">
						<InternalInfo/>
						<Properties>
							<ObjectBelonging>Adopted</ObjectBelonging>
							<Name>СтавкаНДСРабот</Name>
							<Comment/>
							<ExtendedConfigurationObject>802dadb6-6111-47a3-94f0-00a760ed7669</ExtendedConfigurationObject>
							<Type>
								<v8:Type>cfg:EnumRef.СтавкиНДС</v8:Type>
							</Type>
						</Properties>
					</Attribute>
					<Attribute uuid="abe98fbc-8b1c-457c-9476-d9321ca3adc1">
						<InternalInfo/>
						<Properties>
							<ObjectBelonging>Adopted</ObjectBelonging>
							<Name>ЕстьФизическаяМаркировка</Name>
							<Comment/>
							<ExtendedConfigurationObject>943a7820-5b19-4fb9-8ee2-3d10d848d6a9</ExtendedConfigurationObject>
							<Type>
								<v8:Type>xs:boolean</v8:Type>
							</Type>
						</Properties>
					</Attribute>
					<Attribute uuid="c428a2ff-a1af-4312-b07c-abc6b5869fde">
						<InternalInfo/>
						<Properties>
							<ObjectBelonging>Adopted</ObjectBelonging>
							<Name>НельзяНанестиФизическуюМаркировку</Name>
							<Comment/>
							<ExtendedConfigurationObject>4e24fa1a-1763-46f5-a817-fd6e6e278888</ExtendedConfigurationObject>
							<Type>
								<v8:Type>xs:boolean</v8:Type>
							</Type>
						</Properties>
					</Attribute>
					<Attribute uuid="d02d20ed-1e83-4bb7-9d57-caa50abf4e37">
						<InternalInfo/>
						<Properties>
							<ObjectBelonging>Adopted</ObjectBelonging>
							<Name>ВидПартийГИИС</Name>
							<Comment/>
							<ExtendedConfigurationObject>d8d09cf2-1b86-48a6-8dbd-907a954a0197</ExtendedConfigurationObject>
							<Type>
								<v8:Type>cfg:CatalogRef.ВидыПартийГИИС</v8:Type>
							</Type>
						</Properties>
					</Attribute>
					<Attribute uuid="b1e4d670-a6f1-42b5-bbaf-c80ca368a95e">
						<InternalInfo/>
						<Properties>
							<ObjectBelonging>Adopted</ObjectBelonging>
							<Name>ДополнительнаяКлассификация</Name>
							<Comment/>
							<ExtendedConfigurationObject>7b3a33e4-7645-4de7-b1be-b509cfd65ddb</ExtendedConfigurationObject>
							<Type>
								<v8:Type>cfg:CatalogRef.ДополнительнаяКлассификацияГИИСДМДК</v8:Type>
							</Type>
						</Properties>
					</Attribute>
					<Attribute uuid="f06a434c-bc0a-454e-a991-53dbd09d1ecc">
						<InternalInfo/>
						<Properties>
							<ObjectBelonging>Adopted</ObjectBelonging>
							<Name>ЗаказПоставщику</Name>
							<Comment/>
							<ExtendedConfigurationObject>f8215cbd-7dff-47a9-8a2e-115562e1da08</ExtendedConfigurationObject>
							<Type>
								<v8:Type>cfg:DocumentRef.ЗаказПоставщику</v8:Type>
							</Type>
						</Properties>
					</Attribute>
				</ChildObjects>
			</TabularSection>
			<TabularSection uuid="707926c4-0ed0-41ab-849c-dd0b629c8102">
				<InternalInfo>
					<xr:GeneratedType name="DocumentTabularSection.ПоступлениеПродукцииИзПроизводства.МатериалыДляПередачиВГИИСДМДК" category="TabularSection">
						<xr:TypeId>ed0c1be4-3167-432a-98ae-abdf1fca8fd5</xr:TypeId>
						<xr:ValueId>57dfdeb8-83d4-4dfe-be6e-6be49de4e183</xr:ValueId>
					</xr:GeneratedType>
					<xr:GeneratedType name="DocumentTabularSectionRow.ПоступлениеПродукцииИзПроизводства.МатериалыДляПередачиВГИИСДМДК" category="TabularSectionRow">
						<xr:TypeId>c4cb49a0-a567-4dde-ac52-c2208c24359f</xr:TypeId>
						<xr:ValueId>9dfaff9e-9a9c-42e6-9e38-c2859c46dc52</xr:ValueId>
					</xr:GeneratedType>
				</InternalInfo>
				<Properties>
					<ObjectBelonging>Adopted</ObjectBelonging>
					<Name>МатериалыДляПередачиВГИИСДМДК</Name>
					<Comment/>
					<ExtendedConfigurationObject>e86c98cd-7f22-42df-a3ab-a3baa29710e8</ExtendedConfigurationObject>
				</Properties>
				<ChildObjects>
					<Attribute uuid="38e756b5-ee31-4c97-8489-7476f538c30e">
						<InternalInfo/>
						<Properties>
							<ObjectBelonging>Adopted</ObjectBelonging>
							<Name>ХарактеристикаНоменклатуры</Name>
							<Comment/>
							<ExtendedConfigurationObject>fc74fcd0-ee80-47d6-8542-be5d1c299739</ExtendedConfigurationObject>
							<Type>
								<v8:Type>cfg:CatalogRef.ХарактеристикиНоменклатуры</v8:Type>
							</Type>
						</Properties>
					</Attribute>
					<Attribute uuid="415d37ed-ec29-472a-9286-cd41448e1c02">
						<InternalInfo/>
						<Properties>
							<ObjectBelonging>Adopted</ObjectBelonging>
							<Name>Потери</Name>
							<Comment/>
							<ExtendedConfigurationObject>82598413-5b23-457c-9601-cc747d06492b</ExtendedConfigurationObject>
							<Type>
								<v8:Type>xs:boolean</v8:Type>
							</Type>
						</Properties>
					</Attribute>
					<Attribute uuid="badee213-39cf-4c20-b353-aeaccfd7ce0f">
						<InternalInfo/>
						<Properties>
							<ObjectBelonging>Adopted</ObjectBelonging>
							<Name>Номенклатура</Name>
							<Comment/>
							<ExtendedConfigurationObject>deb19136-c0d9-4ae4-af57-102a979ac87f</ExtendedConfigurationObject>
							<Type>
								<v8:TypeSet>cfg:AnyRef</v8:TypeSet>
							</Type>
						</Properties>
					</Attribute>
					<Attribute uuid="0e596b72-89cf-405e-8a44-ceb84f006997">
						<InternalInfo/>
						<Properties>
							<ObjectBelonging>Adopted</ObjectBelonging>
							<Name>Размер</Name>
							<Comment/>
							<ExtendedConfigurationObject>de8ce12f-0fd9-4f14-833f-0df231cb53b8</ExtendedConfigurationObject>
							<Type>
								<v8:Type>cfg:CatalogRef.Размер</v8:Type>
							</Type>
						</Properties>
					</Attribute>
					<Attribute uuid="0c8b6818-d554-487b-8122-7478cf384de6">
						<InternalInfo/>
						<Properties>
							<ObjectBelonging>Adopted</ObjectBelonging>
							<Name>СерияНоменклатуры</Name>
							<Comment/>
							<ExtendedConfigurationObject>77f95d43-9d56-4d2d-8886-c4da03cd6800</ExtendedConfigurationObject>
							<Type>
								<v8:Type>cfg:CatalogRef.СерииНоменклатуры</v8:Type>
							</Type>
						</Properties>
					</Attribute>
					<Attribute uuid="b9fd9da5-727d-42d5-9932-51f3fb691ff8">
						<InternalInfo/>
						<Properties>
							<ObjectBelonging>Adopted</ObjectBelonging>
							<Name>УИН</Name>
							<Comment/>
							<ExtendedConfigurationObject>eaae3a43-dd47-49e6-8eb4-573d8820808a</ExtendedConfigurationObject>
							<Type>
								<v8:Type>xs:string</v8:Type>
								<v8:StringQualifiers>
									<v8:Length>36</v8:Length>
									<v8:AllowedLength>Variable</v8:AllowedLength>
								</v8:StringQualifiers>
							</Type>
						</Properties>
					</Attribute>
					<Attribute uuid="10f00e00-175b-448d-aff2-21c1a567d879">
						<InternalInfo/>
						<Properties>
							<ObjectBelonging>Adopted</ObjectBelonging>
							<Name>ДокументОприходования</Name>
							<Comment/>
							<ExtendedConfigurationObject>1a508b71-76ac-49e2-b25e-cc66fe822380</ExtendedConfigurationObject>
							<Type>
								<v8:TypeSet>cfg:AnyRef</v8:TypeSet>
							</Type>
						</Properties>
					</Attribute>
					<Attribute uuid="b1f0ddba-8666-43d8-bf02-b387f11f8922">
						<InternalInfo/>
						<Properties>
							<ObjectBelonging>Adopted</ObjectBelonging>
							<Name>Количество</Name>
							<Comment/>
							<ExtendedConfigurationObject>00d0fb37-273a-4779-9f26-54d6ce7a1578</ExtendedConfigurationObject>
							<Type>
								<v8:Type>xs:decimal</v8:Type>
								<v8:NumberQualifiers>
									<v8:Digits>15</v8:Digits>
									<v8:FractionDigits>0</v8:FractionDigits>
									<v8:AllowedSign>Any</v8:AllowedSign>
								</v8:NumberQualifiers>
							</Type>
						</Properties>
					</Attribute>
					<Attribute uuid="51d68028-3a2f-4953-919f-b5c96bd768e6">
						<InternalInfo/>
						<Properties>
							<ObjectBelonging>Adopted</ObjectBelonging>
							<Name>ВесДляОтправки</Name>
							<Comment/>
							<ExtendedConfigurationObject>bf23a9bf-5068-4243-9a96-d7d15b0be9b7</ExtendedConfigurationObject>
							<Type>
								<v8:Type>xs:decimal</v8:Type>
								<v8:NumberQualifiers>
									<v8:Digits>15</v8:Digits>
									<v8:FractionDigits>3</v8:FractionDigits>
									<v8:AllowedSign>Any</v8:AllowedSign>
								</v8:NumberQualifiers>
							</Type>
						</Properties>
					</Attribute>
					<Attribute uuid="633db6cd-16d5-43fa-9322-5dff4288ce36">
						<InternalInfo/>
						<Properties>
							<ObjectBelonging>Adopted</ObjectBelonging>
							<Name>ВесДляОтправкиВЧистоте</Name>
							<Comment/>
							<ExtendedConfigurationObject>85ba6687-0f0a-4316-9590-1bab2e7728d0</ExtendedConfigurationObject>
							<Type>
								<v8:Type>xs:decimal</v8:Type>
								<v8:NumberQualifiers>
									<v8:Digits>15</v8:Digits>
									<v8:FractionDigits>5</v8:FractionDigits>
									<v8:AllowedSign>Any</v8:AllowedSign>
								</v8:NumberQualifiers>
							</Type>
						</Properties>
					</Attribute>
					<Attribute uuid="47ef48d9-06ea-4d2c-96d8-1170e21a4f40">
						<InternalInfo/>
						<Properties>
							<ObjectBelonging>Adopted</ObjectBelonging>
							<Name>Вес</Name>
							<Comment/>
							<ExtendedConfigurationObject>00f78ba2-46bc-4ffa-b3a1-d7517f9f0c10</ExtendedConfigurationObject>
							<Type>
								<v8:Type>xs:decimal</v8:Type>
								<v8:NumberQualifiers>
									<v8:Digits>15</v8:Digits>
									<v8:FractionDigits>3</v8:FractionDigits>
									<v8:AllowedSign>Any</v8:AllowedSign>
								</v8:NumberQualifiers>
							</Type>
						</Properties>
					</Attribute>
					<Attribute uuid="9fdb7ef1-4b51-42b1-8c7d-66ac554c4687">
						<InternalInfo/>
						<Properties>
							<ObjectBelonging>Adopted</ObjectBelonging>
							<Name>СтатусЗапроса</Name>
							<Comment/>
							<ExtendedConfigurationObject>ad1a2ba8-8571-4db6-aa49-dc24ca79aead</ExtendedConfigurationObject>
							<Type>
								<v8:Type>cfg:EnumRef.СтатусОтветаГИИСДМДК</v8:Type>
							</Type>
						</Properties>
					</Attribute>
					<Attribute uuid="63a78866-c5dd-4108-9ed0-c7d766d8844f">
						<InternalInfo/>
						<Properties>
							<ObjectBelonging>Adopted</ObjectBelonging>
							<Name>ОписаниеОшибки</Name>
							<Comment/>
							<ExtendedConfigurationObject>12a46d9c-b1e1-4d27-a838-c96b05bb9958</ExtendedConfigurationObject>
							<Type>
								<v8:Type>xs:string</v8:Type>
								<v8:StringQualifiers>
									<v8:Length>300</v8:Length>
									<v8:AllowedLength>Variable</v8:AllowedLength>
								</v8:StringQualifiers>
							</Type>
						</Properties>
					</Attribute>
					<Attribute uuid="aaa001ff-faea-4458-ab7f-6054ba2dad55">
						<InternalInfo/>
						<Properties>
							<ObjectBelonging>Adopted</ObjectBelonging>
							<Name>ИдентификаторЗапроса</Name>
							<Comment/>
							<ExtendedConfigurationObject>5a2cf5ec-4fdc-40c6-946f-bf1ceeb92b4e</ExtendedConfigurationObject>
							<Type>
								<v8:Type>xs:string</v8:Type>
								<v8:StringQualifiers>
									<v8:Length>36</v8:Length>
									<v8:AllowedLength>Variable</v8:AllowedLength>
								</v8:StringQualifiers>
							</Type>
						</Properties>
					</Attribute>
					<Attribute uuid="7ebfd1c9-3f3e-4d7c-aba5-e6b68c812b1b">
						<InternalInfo/>
						<Properties>
							<ObjectBelonging>Adopted</ObjectBelonging>
							<Name>ВесОстатка</Name>
							<Comment/>
							<ExtendedConfigurationObject>25b54e37-397e-46f1-9d75-9196c4620007</ExtendedConfigurationObject>
							<Type>
								<v8:Type>xs:decimal</v8:Type>
								<v8:NumberQualifiers>
									<v8:Digits>15</v8:Digits>
									<v8:FractionDigits>3</v8:FractionDigits>
									<v8:AllowedSign>Any</v8:AllowedSign>
								</v8:NumberQualifiers>
							</Type>
						</Properties>
					</Attribute>
					<Attribute uuid="0af27c41-2eb5-4f0c-b54a-cf8008c0be43">
						<InternalInfo/>
						<Properties>
							<ObjectBelonging>Adopted</ObjectBelonging>
							<Name>ВесОстаткаВЧистоте</Name>
							<Comment/>
							<ExtendedConfigurationObject>2becc38d-1a75-4829-9927-a18ca9b67b38</ExtendedConfigurationObject>
							<Type>
								<v8:Type>xs:decimal</v8:Type>
								<v8:NumberQualifiers>
									<v8:Digits>15</v8:Digits>
									<v8:FractionDigits>5</v8:FractionDigits>
									<v8:AllowedSign>Any</v8:AllowedSign>
								</v8:NumberQualifiers>
							</Type>
						</Properties>
					</Attribute>
				</ChildObjects>
			</TabularSection>
		</ChildObjects>
	</Document>
</MetaDataObject>