﻿<?xml version="1.0" encoding="UTF-8"?>
<MetaDataObject xmlns="http://v8.1c.ru/8.3/MDClasses" xmlns:app="http://v8.1c.ru/8.2/managed-application/core" xmlns:cfg="http://v8.1c.ru/8.1/data/enterprise/current-config" xmlns:cmi="http://v8.1c.ru/8.2/managed-application/cmi" xmlns:ent="http://v8.1c.ru/8.1/data/enterprise" xmlns:lf="http://v8.1c.ru/8.2/managed-application/logform" xmlns:style="http://v8.1c.ru/8.1/data/ui/style" xmlns:sys="http://v8.1c.ru/8.1/data/ui/fonts/system" xmlns:v8="http://v8.1c.ru/8.1/data/core" xmlns:v8ui="http://v8.1c.ru/8.1/data/ui" xmlns:web="http://v8.1c.ru/8.1/data/ui/colors/web" xmlns:win="http://v8.1c.ru/8.1/data/ui/colors/windows" xmlns:xen="http://v8.1c.ru/8.3/xcf/enums" xmlns:xpr="http://v8.1c.ru/8.3/xcf/predef" xmlns:xr="http://v8.1c.ru/8.3/xcf/readable" xmlns:xs="http://www.w3.org/2001/XMLSchema" xmlns:xsi="http://www.w3.org/2001/XMLSchema-instance" version="2.18">
	<AccumulationRegister uuid="994ebfbd-8c3f-4025-a550-1072dc960942">
		<InternalInfo>
			<xr:GeneratedType name="AccumulationRegisterRecord.ТоварыВНеавтоматизированныхТорговыхТочках" category="Record">
				<xr:TypeId>3dbde09c-aa63-4fea-81a2-277725492e88</xr:TypeId>
				<xr:ValueId>c7245def-5042-45ab-b685-87489fb76fd1</xr:ValueId>
			</xr:GeneratedType>
			<xr:GeneratedType name="AccumulationRegisterManager.ТоварыВНеавтоматизированныхТорговыхТочках" category="Manager">
				<xr:TypeId>ded65a94-dee6-43c1-9934-59aa6ad0ec4c</xr:TypeId>
				<xr:ValueId>2ff72fd7-2b23-4a76-a53d-9708eaed641d</xr:ValueId>
			</xr:GeneratedType>
			<xr:GeneratedType name="AccumulationRegisterSelection.ТоварыВНеавтоматизированныхТорговыхТочках" category="Selection">
				<xr:TypeId>dcb7300f-ad55-44d4-968f-1ed18d24d85d</xr:TypeId>
				<xr:ValueId>901658db-fcfd-4f99-a205-ddbfddeffae9</xr:ValueId>
			</xr:GeneratedType>
			<xr:GeneratedType name="AccumulationRegisterList.ТоварыВНеавтоматизированныхТорговыхТочках" category="List">
				<xr:TypeId>e13d7ad0-1a1e-4273-aabe-f10b8aa071cc</xr:TypeId>
				<xr:ValueId>f5ec4add-4904-4d79-b7e1-b6ef8b7bd665</xr:ValueId>
			</xr:GeneratedType>
			<xr:GeneratedType name="AccumulationRegisterRecordSet.ТоварыВНеавтоматизированныхТорговыхТочках" category="RecordSet">
				<xr:TypeId>9ad2d545-32d2-45d9-91f2-5c27fad43622</xr:TypeId>
				<xr:ValueId>4402788e-d0c0-4c09-9388-f6d6cd967158</xr:ValueId>
			</xr:GeneratedType>
			<xr:GeneratedType name="AccumulationRegisterRecordKey.ТоварыВНеавтоматизированныхТорговыхТочках" category="RecordKey">
				<xr:TypeId>ecce2b1b-bfdd-4343-9191-05cfb50558c4</xr:TypeId>
				<xr:ValueId>9e436e81-5341-4288-9b54-c58a5fa164cb</xr:ValueId>
			</xr:GeneratedType>
		</InternalInfo>
		<Properties>
			<ObjectBelonging>Adopted</ObjectBelonging>
			<Name>ТоварыВНеавтоматизированныхТорговыхТочках</Name>
			<Comment/>
			<ExtendedConfigurationObject>d4b16389-43ee-4a73-8ffb-72d657a98762</ExtendedConfigurationObject>
			<RegisterType>Balance</RegisterType>
		</Properties>
		<ChildObjects/>
	</AccumulationRegister>
</MetaDataObject>