﻿<?xml version="1.0" encoding="UTF-8"?>
<MetaDataObject xmlns="http://v8.1c.ru/8.3/MDClasses" xmlns:app="http://v8.1c.ru/8.2/managed-application/core" xmlns:cfg="http://v8.1c.ru/8.1/data/enterprise/current-config" xmlns:cmi="http://v8.1c.ru/8.2/managed-application/cmi" xmlns:ent="http://v8.1c.ru/8.1/data/enterprise" xmlns:lf="http://v8.1c.ru/8.2/managed-application/logform" xmlns:style="http://v8.1c.ru/8.1/data/ui/style" xmlns:sys="http://v8.1c.ru/8.1/data/ui/fonts/system" xmlns:v8="http://v8.1c.ru/8.1/data/core" xmlns:v8ui="http://v8.1c.ru/8.1/data/ui" xmlns:web="http://v8.1c.ru/8.1/data/ui/colors/web" xmlns:win="http://v8.1c.ru/8.1/data/ui/colors/windows" xmlns:xen="http://v8.1c.ru/8.3/xcf/enums" xmlns:xpr="http://v8.1c.ru/8.3/xcf/predef" xmlns:xr="http://v8.1c.ru/8.3/xcf/readable" xmlns:xs="http://www.w3.org/2001/XMLSchema" xmlns:xsi="http://www.w3.org/2001/XMLSchema-instance" version="2.18">
	<Enum uuid="916cf486-c8e7-460a-834c-45a91402352d">
		<InternalInfo>
			<xr:GeneratedType name="EnumRef.СтатусОтветаГИИСДМДК" category="Ref">
				<xr:TypeId>45bca384-251b-4a90-b400-f9ffbfc632d0</xr:TypeId>
				<xr:ValueId>14b818d2-8b85-4861-8a3d-f175c7d1f2a2</xr:ValueId>
			</xr:GeneratedType>
			<xr:GeneratedType name="EnumManager.СтатусОтветаГИИСДМДК" category="Manager">
				<xr:TypeId>97774512-def9-489a-92c2-962ed1dc5f3c</xr:TypeId>
				<xr:ValueId>99f5917e-52e4-4e48-b72f-53933b4f4dc8</xr:ValueId>
			</xr:GeneratedType>
			<xr:GeneratedType name="EnumList.СтатусОтветаГИИСДМДК" category="List">
				<xr:TypeId>fc737367-ddaa-42ad-a783-2773a01651b2</xr:TypeId>
				<xr:ValueId>c650341b-f97f-4e5f-acb3-073c3087a4bf</xr:ValueId>
			</xr:GeneratedType>
		</InternalInfo>
		<Properties>
			<ObjectBelonging>Adopted</ObjectBelonging>
			<Name>СтатусОтветаГИИСДМДК</Name>
			<Comment/>
			<ExtendedConfigurationObject>eae3aa3a-920f-4152-a1d9-304bfd554954</ExtendedConfigurationObject>
		</Properties>
		<ChildObjects/>
	</Enum>
</MetaDataObject>