﻿<?xml version="1.0" encoding="UTF-8"?>
<MetaDataObject xmlns="http://v8.1c.ru/8.3/MDClasses" xmlns:app="http://v8.1c.ru/8.2/managed-application/core" xmlns:cfg="http://v8.1c.ru/8.1/data/enterprise/current-config" xmlns:cmi="http://v8.1c.ru/8.2/managed-application/cmi" xmlns:ent="http://v8.1c.ru/8.1/data/enterprise" xmlns:lf="http://v8.1c.ru/8.2/managed-application/logform" xmlns:style="http://v8.1c.ru/8.1/data/ui/style" xmlns:sys="http://v8.1c.ru/8.1/data/ui/fonts/system" xmlns:v8="http://v8.1c.ru/8.1/data/core" xmlns:v8ui="http://v8.1c.ru/8.1/data/ui" xmlns:web="http://v8.1c.ru/8.1/data/ui/colors/web" xmlns:win="http://v8.1c.ru/8.1/data/ui/colors/windows" xmlns:xen="http://v8.1c.ru/8.3/xcf/enums" xmlns:xpr="http://v8.1c.ru/8.3/xcf/predef" xmlns:xr="http://v8.1c.ru/8.3/xcf/readable" xmlns:xs="http://www.w3.org/2001/XMLSchema" xmlns:xsi="http://www.w3.org/2001/XMLSchema-instance" version="2.18">
	<Enum uuid="8e5b8a18-fbcc-46f0-87a2-68cca19e3030">
		<InternalInfo>
			<xr:GeneratedType name="EnumRef.УсловияСкидкиНаценки" category="Ref">
				<xr:TypeId>01c05f0f-0a60-4c99-914e-899c66c6717b</xr:TypeId>
				<xr:ValueId>94eda3a4-fe31-4773-bda2-b60e3b30e28d</xr:ValueId>
			</xr:GeneratedType>
			<xr:GeneratedType name="EnumManager.УсловияСкидкиНаценки" category="Manager">
				<xr:TypeId>25535774-9f3e-4a6c-9ddd-1a45af5a4e1f</xr:TypeId>
				<xr:ValueId>d3d58ffb-1e3d-44bc-afb5-8d19c1436221</xr:ValueId>
			</xr:GeneratedType>
			<xr:GeneratedType name="EnumList.УсловияСкидкиНаценки" category="List">
				<xr:TypeId>d9202654-7c74-488f-b81a-6fe3b5abe1e7</xr:TypeId>
				<xr:ValueId>2bd8b94f-9c4b-4ac2-8ef6-21c583004745</xr:ValueId>
			</xr:GeneratedType>
		</InternalInfo>
		<Properties>
			<ObjectBelonging>Adopted</ObjectBelonging>
			<Name>УсловияСкидкиНаценки</Name>
			<Comment/>
			<ExtendedConfigurationObject>6331801c-12b1-4768-88a7-f491098eb7c6</ExtendedConfigurationObject>
		</Properties>
		<ChildObjects/>
	</Enum>
</MetaDataObject>