﻿<?xml version="1.0" encoding="UTF-8"?>
<MetaDataObject xmlns="http://v8.1c.ru/8.3/MDClasses" xmlns:app="http://v8.1c.ru/8.2/managed-application/core" xmlns:cfg="http://v8.1c.ru/8.1/data/enterprise/current-config" xmlns:cmi="http://v8.1c.ru/8.2/managed-application/cmi" xmlns:ent="http://v8.1c.ru/8.1/data/enterprise" xmlns:lf="http://v8.1c.ru/8.2/managed-application/logform" xmlns:style="http://v8.1c.ru/8.1/data/ui/style" xmlns:sys="http://v8.1c.ru/8.1/data/ui/fonts/system" xmlns:v8="http://v8.1c.ru/8.1/data/core" xmlns:v8ui="http://v8.1c.ru/8.1/data/ui" xmlns:web="http://v8.1c.ru/8.1/data/ui/colors/web" xmlns:win="http://v8.1c.ru/8.1/data/ui/colors/windows" xmlns:xen="http://v8.1c.ru/8.3/xcf/enums" xmlns:xpr="http://v8.1c.ru/8.3/xcf/predef" xmlns:xr="http://v8.1c.ru/8.3/xcf/readable" xmlns:xs="http://www.w3.org/2001/XMLSchema" xmlns:xsi="http://www.w3.org/2001/XMLSchema-instance" version="2.18">
	<Enum uuid="d369ec19-7ea8-40c6-93ff-d0737fb65629">
		<InternalInfo>
			<xr:GeneratedType name="EnumRef.ВидыДоговоровКонтрагентов" category="Ref">
				<xr:TypeId>1065be95-4a8d-403b-a967-3dbea5613e37</xr:TypeId>
				<xr:ValueId>359c53b3-70b3-4478-a9a6-3aa50f9060e3</xr:ValueId>
			</xr:GeneratedType>
			<xr:GeneratedType name="EnumManager.ВидыДоговоровКонтрагентов" category="Manager">
				<xr:TypeId>acb5e549-16a5-435f-b1fe-f6dc384ba5d6</xr:TypeId>
				<xr:ValueId>6b6ea17c-f1fd-426c-bd93-a052a0b57187</xr:ValueId>
			</xr:GeneratedType>
			<xr:GeneratedType name="EnumList.ВидыДоговоровКонтрагентов" category="List">
				<xr:TypeId>d0716f48-3898-4bbe-a5a1-72a0b022d5a9</xr:TypeId>
				<xr:ValueId>481f1e36-6017-4dee-b091-67d679768936</xr:ValueId>
			</xr:GeneratedType>
		</InternalInfo>
		<Properties>
			<ObjectBelonging>Adopted</ObjectBelonging>
			<Name>ВидыДоговоровКонтрагентов</Name>
			<Comment/>
			<ExtendedConfigurationObject>47846b3a-8f3c-4ca1-a4d2-1a9727b8d23b</ExtendedConfigurationObject>
		</Properties>
		<ChildObjects>
			<EnumValue uuid="d778e707-08b2-45bd-8694-db639f70f3f8">
				<InternalInfo/>
				<Properties>
					<ObjectBelonging>Adopted</ObjectBelonging>
					<Name>СПроизводителем</Name>
					<Comment/>
					<ExtendedConfigurationObject>1630152b-f80f-48fb-bf9c-a86d06837e8e</ExtendedConfigurationObject>
				</Properties>
			</EnumValue>
		</ChildObjects>
	</Enum>
</MetaDataObject>