﻿<?xml version="1.0" encoding="UTF-8"?>
<MetaDataObject xmlns="http://v8.1c.ru/8.3/MDClasses" xmlns:app="http://v8.1c.ru/8.2/managed-application/core" xmlns:cfg="http://v8.1c.ru/8.1/data/enterprise/current-config" xmlns:cmi="http://v8.1c.ru/8.2/managed-application/cmi" xmlns:ent="http://v8.1c.ru/8.1/data/enterprise" xmlns:lf="http://v8.1c.ru/8.2/managed-application/logform" xmlns:style="http://v8.1c.ru/8.1/data/ui/style" xmlns:sys="http://v8.1c.ru/8.1/data/ui/fonts/system" xmlns:v8="http://v8.1c.ru/8.1/data/core" xmlns:v8ui="http://v8.1c.ru/8.1/data/ui" xmlns:web="http://v8.1c.ru/8.1/data/ui/colors/web" xmlns:win="http://v8.1c.ru/8.1/data/ui/colors/windows" xmlns:xen="http://v8.1c.ru/8.3/xcf/enums" xmlns:xpr="http://v8.1c.ru/8.3/xcf/predef" xmlns:xr="http://v8.1c.ru/8.3/xcf/readable" xmlns:xs="http://www.w3.org/2001/XMLSchema" xmlns:xsi="http://www.w3.org/2001/XMLSchema-instance" version="2.18">
	<Enum uuid="2d83b4b0-18f4-4ab5-adf9-6643ee6eddfc">
		<InternalInfo>
			<xr:GeneratedType name="EnumRef.СтавкиНДС" category="Ref">
				<xr:TypeId>400662fb-0f3f-4df2-8029-9069beb9eeb8</xr:TypeId>
				<xr:ValueId>afc190a2-2490-4116-a34b-79ef1dece0f2</xr:ValueId>
			</xr:GeneratedType>
			<xr:GeneratedType name="EnumManager.СтавкиНДС" category="Manager">
				<xr:TypeId>de0c425c-7f0a-42ca-87cf-8b2195bf029f</xr:TypeId>
				<xr:ValueId>67d3b982-c2b7-42c3-9471-40a1995ca8a3</xr:ValueId>
			</xr:GeneratedType>
			<xr:GeneratedType name="EnumList.СтавкиНДС" category="List">
				<xr:TypeId>02e4e4f3-2512-48cf-a892-d55109d5d574</xr:TypeId>
				<xr:ValueId>43641e0e-751c-4973-aee2-d042fde75f86</xr:ValueId>
			</xr:GeneratedType>
		</InternalInfo>
		<Properties>
			<ObjectBelonging>Adopted</ObjectBelonging>
			<Name>СтавкиНДС</Name>
			<Comment/>
			<ExtendedConfigurationObject>4150420f-a24b-43a9-bf32-3df801c3dacc</ExtendedConfigurationObject>
		</Properties>
		<ChildObjects/>
	</Enum>
</MetaDataObject>