﻿<?xml version="1.0" encoding="UTF-8"?>
<MetaDataObject xmlns="http://v8.1c.ru/8.3/MDClasses" xmlns:app="http://v8.1c.ru/8.2/managed-application/core" xmlns:cfg="http://v8.1c.ru/8.1/data/enterprise/current-config" xmlns:cmi="http://v8.1c.ru/8.2/managed-application/cmi" xmlns:ent="http://v8.1c.ru/8.1/data/enterprise" xmlns:lf="http://v8.1c.ru/8.2/managed-application/logform" xmlns:style="http://v8.1c.ru/8.1/data/ui/style" xmlns:sys="http://v8.1c.ru/8.1/data/ui/fonts/system" xmlns:v8="http://v8.1c.ru/8.1/data/core" xmlns:v8ui="http://v8.1c.ru/8.1/data/ui" xmlns:web="http://v8.1c.ru/8.1/data/ui/colors/web" xmlns:win="http://v8.1c.ru/8.1/data/ui/colors/windows" xmlns:xen="http://v8.1c.ru/8.3/xcf/enums" xmlns:xpr="http://v8.1c.ru/8.3/xcf/predef" xmlns:xr="http://v8.1c.ru/8.3/xcf/readable" xmlns:xs="http://www.w3.org/2001/XMLSchema" xmlns:xsi="http://www.w3.org/2001/XMLSchema-instance" version="2.18">
	<Enum uuid="34a3a805-30db-4857-a5b2-0008d050072e">
		<InternalInfo>
			<xr:GeneratedType name="EnumRef.ВидыНоменклатуры" category="Ref">
				<xr:TypeId>31323288-1c07-4e54-b38d-c4da76c62c27</xr:TypeId>
				<xr:ValueId>6c4941ae-e272-46af-a77a-f725eb682ca6</xr:ValueId>
			</xr:GeneratedType>
			<xr:GeneratedType name="EnumManager.ВидыНоменклатуры" category="Manager">
				<xr:TypeId>f836375f-17aa-4e90-86a9-f67d1f4d89ed</xr:TypeId>
				<xr:ValueId>aafc0be9-770b-47a8-b16a-4db5deebb244</xr:ValueId>
			</xr:GeneratedType>
			<xr:GeneratedType name="EnumList.ВидыНоменклатуры" category="List">
				<xr:TypeId>82a76fb2-43f0-4144-8772-fde7414f92a2</xr:TypeId>
				<xr:ValueId>8d889666-f62b-4b1c-8ff4-2a52e473b8eb</xr:ValueId>
			</xr:GeneratedType>
		</InternalInfo>
		<Properties>
			<ObjectBelonging>Adopted</ObjectBelonging>
			<Name>ВидыНоменклатуры</Name>
			<Comment/>
			<ExtendedConfigurationObject>57929cc3-e5fd-4117-becf-4759c4fdb811</ExtendedConfigurationObject>
		</Properties>
		<ChildObjects>
			<EnumValue uuid="d4ee7781-9cb3-4e1d-8a38-15f5c560efde">
				<InternalInfo/>
				<Properties>
					<ObjectBelonging>Adopted</ObjectBelonging>
					<Name>Услуга</Name>
					<Comment/>
					<ExtendedConfigurationObject>50c5c33a-b7ac-49bf-a50c-d01e3e4fd9c9</ExtendedConfigurationObject>
				</Properties>
			</EnumValue>
			<EnumValue uuid="12ead20c-f96c-49ff-a602-a2c1ddc70028">
				<InternalInfo/>
				<Properties>
					<ObjectBelonging>Adopted</ObjectBelonging>
					<Name>Металл</Name>
					<Comment/>
					<ExtendedConfigurationObject>bbe15dd9-8460-42ee-9abf-f654db2cfd2a</ExtendedConfigurationObject>
				</Properties>
			</EnumValue>
			<EnumValue uuid="459814d1-aa2e-44ea-ad72-6cdddc939334">
				<InternalInfo/>
				<Properties>
					<ObjectBelonging>Adopted</ObjectBelonging>
					<Name>Вставка</Name>
					<Comment/>
					<ExtendedConfigurationObject>6206e3c1-2a98-4484-b60b-41087eab51ed</ExtendedConfigurationObject>
				</Properties>
			</EnumValue>
		</ChildObjects>
	</Enum>
</MetaDataObject>