﻿<?xml version="1.0" encoding="UTF-8"?>
<MetaDataObject xmlns="http://v8.1c.ru/8.3/MDClasses" xmlns:app="http://v8.1c.ru/8.2/managed-application/core" xmlns:cfg="http://v8.1c.ru/8.1/data/enterprise/current-config" xmlns:cmi="http://v8.1c.ru/8.2/managed-application/cmi" xmlns:ent="http://v8.1c.ru/8.1/data/enterprise" xmlns:lf="http://v8.1c.ru/8.2/managed-application/logform" xmlns:style="http://v8.1c.ru/8.1/data/ui/style" xmlns:sys="http://v8.1c.ru/8.1/data/ui/fonts/system" xmlns:v8="http://v8.1c.ru/8.1/data/core" xmlns:v8ui="http://v8.1c.ru/8.1/data/ui" xmlns:web="http://v8.1c.ru/8.1/data/ui/colors/web" xmlns:win="http://v8.1c.ru/8.1/data/ui/colors/windows" xmlns:xen="http://v8.1c.ru/8.3/xcf/enums" xmlns:xpr="http://v8.1c.ru/8.3/xcf/predef" xmlns:xr="http://v8.1c.ru/8.3/xcf/readable" xmlns:xs="http://www.w3.org/2001/XMLSchema" xmlns:xsi="http://www.w3.org/2001/XMLSchema-instance" version="2.18">
	<DataProcessor uuid="cd6026fe-edd1-4620-8a54-7ac3065458b9">
		<InternalInfo>
			<xr:GeneratedType name="DataProcessorObject.ВыгрузкаНаСайтУФ" category="Object">
				<xr:TypeId>ad560610-03ad-43ea-ad45-922518513e2c</xr:TypeId>
				<xr:ValueId>c97e9124-9c99-45ec-94fc-c5e4d28f342d</xr:ValueId>
			</xr:GeneratedType>
			<xr:GeneratedType name="DataProcessorManager.ВыгрузкаНаСайтУФ" category="Manager">
				<xr:TypeId>0e6c4a73-b972-4997-9cd0-9611977561cf</xr:TypeId>
				<xr:ValueId>3a6f6f96-5729-4e5d-a49b-4c4e61acad30</xr:ValueId>
			</xr:GeneratedType>
		</InternalInfo>
		<Properties>
			<Name>ВыгрузкаНаСайтУФ</Name>
			<Synonym>
				<v8:item>
					<v8:lang>ru</v8:lang>
					<v8:content>Выгрузка на сайт</v8:content>
				</v8:item>
			</Synonym>
			<Comment/>
			<UseStandardCommands>true</UseStandardCommands>
			<DefaultForm>DataProcessor.ВыгрузкаНаСайтУФ.Form.Форма</DefaultForm>
			<AuxiliaryForm/>
			<IncludeHelpInContents>false</IncludeHelpInContents>
			<ExtendedPresentation/>
			<Explanation/>
		</Properties>
		<ChildObjects>
			<Form>Форма</Form>
		</ChildObjects>
	</DataProcessor>
</MetaDataObject>