﻿<?xml version="1.0" encoding="UTF-8"?>
<MetaDataObject xmlns="http://v8.1c.ru/8.3/MDClasses" xmlns:app="http://v8.1c.ru/8.2/managed-application/core" xmlns:cfg="http://v8.1c.ru/8.1/data/enterprise/current-config" xmlns:cmi="http://v8.1c.ru/8.2/managed-application/cmi" xmlns:ent="http://v8.1c.ru/8.1/data/enterprise" xmlns:lf="http://v8.1c.ru/8.2/managed-application/logform" xmlns:style="http://v8.1c.ru/8.1/data/ui/style" xmlns:sys="http://v8.1c.ru/8.1/data/ui/fonts/system" xmlns:v8="http://v8.1c.ru/8.1/data/core" xmlns:v8ui="http://v8.1c.ru/8.1/data/ui" xmlns:web="http://v8.1c.ru/8.1/data/ui/colors/web" xmlns:win="http://v8.1c.ru/8.1/data/ui/colors/windows" xmlns:xen="http://v8.1c.ru/8.3/xcf/enums" xmlns:xpr="http://v8.1c.ru/8.3/xcf/predef" xmlns:xr="http://v8.1c.ru/8.3/xcf/readable" xmlns:xs="http://www.w3.org/2001/XMLSchema" xmlns:xsi="http://www.w3.org/2001/XMLSchema-instance" version="2.18">
	<DataProcessor uuid="480d0520-bae4-463e-aa8b-4747b4678433">
		<InternalInfo>
			<xr:GeneratedType name="DataProcessorObject.РабочееМестоОператораГИИСДМДК" category="Object">
				<xr:TypeId>b776ca47-fac6-4a1c-ada3-99f80e877f70</xr:TypeId>
				<xr:ValueId>c92fea57-834d-4cb8-bf9d-7e98f0da9956</xr:ValueId>
			</xr:GeneratedType>
			<xr:GeneratedType name="DataProcessorManager.РабочееМестоОператораГИИСДМДК" category="Manager">
				<xr:TypeId>a0a7b10f-f586-43a0-b7ec-6dbcc02db20f</xr:TypeId>
				<xr:ValueId>ea8f61db-8233-42ea-8b32-b9e240fae729</xr:ValueId>
			</xr:GeneratedType>
		</InternalInfo>
		<Properties>
			<ObjectBelonging>Adopted</ObjectBelonging>
			<Name>РабочееМестоОператораГИИСДМДК</Name>
			<Comment/>
			<ExtendedConfigurationObject>2cf0ac71-2c10-4384-b1e9-0c73e156d3ca</ExtendedConfigurationObject>
		</Properties>
		<ChildObjects>
			<Form>Форма</Form>
		</ChildObjects>
	</DataProcessor>
</MetaDataObject>