﻿<?xml version="1.0" encoding="UTF-8"?>
<MetaDataObject xmlns="http://v8.1c.ru/8.3/MDClasses" xmlns:app="http://v8.1c.ru/8.2/managed-application/core" xmlns:cfg="http://v8.1c.ru/8.1/data/enterprise/current-config" xmlns:cmi="http://v8.1c.ru/8.2/managed-application/cmi" xmlns:ent="http://v8.1c.ru/8.1/data/enterprise" xmlns:lf="http://v8.1c.ru/8.2/managed-application/logform" xmlns:style="http://v8.1c.ru/8.1/data/ui/style" xmlns:sys="http://v8.1c.ru/8.1/data/ui/fonts/system" xmlns:v8="http://v8.1c.ru/8.1/data/core" xmlns:v8ui="http://v8.1c.ru/8.1/data/ui" xmlns:web="http://v8.1c.ru/8.1/data/ui/colors/web" xmlns:win="http://v8.1c.ru/8.1/data/ui/colors/windows" xmlns:xen="http://v8.1c.ru/8.3/xcf/enums" xmlns:xpr="http://v8.1c.ru/8.3/xcf/predef" xmlns:xr="http://v8.1c.ru/8.3/xcf/readable" xmlns:xs="http://www.w3.org/2001/XMLSchema" xmlns:xsi="http://www.w3.org/2001/XMLSchema-instance" version="2.18">
	<DataProcessor uuid="30de69e4-ea6b-45e3-9ee8-d0519163ea44">
		<InternalInfo>
			<xr:GeneratedType name="DataProcessorObject.ЗаполнениеШтрихкодовВТабличнойЧасти" category="Object">
				<xr:TypeId>4db3fecc-8ad5-43f5-b1f8-65d189980f11</xr:TypeId>
				<xr:ValueId>70ab20b7-a6f3-4f97-9e0b-d6e35b147590</xr:ValueId>
			</xr:GeneratedType>
			<xr:GeneratedType name="DataProcessorManager.ЗаполнениеШтрихкодовВТабличнойЧасти" category="Manager">
				<xr:TypeId>0512a81e-8a02-4771-a371-65c0159d4ded</xr:TypeId>
				<xr:ValueId>69cff1af-4fdc-4823-8022-231316cdc99b</xr:ValueId>
			</xr:GeneratedType>
		</InternalInfo>
		<Properties>
			<Name>ЗаполнениеШтрихкодовВТабличнойЧасти</Name>
			<Synonym>
				<v8:item>
					<v8:lang>ru</v8:lang>
					<v8:content>Заполнение штрихкодов в табличной части</v8:content>
				</v8:item>
			</Synonym>
			<Comment/>
			<UseStandardCommands>false</UseStandardCommands>
			<DefaultForm>DataProcessor.ЗаполнениеШтрихкодовВТабличнойЧасти.Form.Форма</DefaultForm>
			<AuxiliaryForm/>
			<IncludeHelpInContents>false</IncludeHelpInContents>
			<ExtendedPresentation/>
			<Explanation/>
		</Properties>
		<ChildObjects>
			<Form>Форма</Form>
			<Form>ФормаОбработки</Form>
		</ChildObjects>
	</DataProcessor>
</MetaDataObject>