﻿<?xml version="1.0" encoding="UTF-8"?>
<MetaDataObject xmlns="http://v8.1c.ru/8.3/MDClasses" xmlns:app="http://v8.1c.ru/8.2/managed-application/core" xmlns:cfg="http://v8.1c.ru/8.1/data/enterprise/current-config" xmlns:cmi="http://v8.1c.ru/8.2/managed-application/cmi" xmlns:ent="http://v8.1c.ru/8.1/data/enterprise" xmlns:lf="http://v8.1c.ru/8.2/managed-application/logform" xmlns:style="http://v8.1c.ru/8.1/data/ui/style" xmlns:sys="http://v8.1c.ru/8.1/data/ui/fonts/system" xmlns:v8="http://v8.1c.ru/8.1/data/core" xmlns:v8ui="http://v8.1c.ru/8.1/data/ui" xmlns:web="http://v8.1c.ru/8.1/data/ui/colors/web" xmlns:win="http://v8.1c.ru/8.1/data/ui/colors/windows" xmlns:xen="http://v8.1c.ru/8.3/xcf/enums" xmlns:xpr="http://v8.1c.ru/8.3/xcf/predef" xmlns:xr="http://v8.1c.ru/8.3/xcf/readable" xmlns:xs="http://www.w3.org/2001/XMLSchema" xmlns:xsi="http://www.w3.org/2001/XMLSchema-instance" version="2.18">
	<DataProcessor uuid="c7515b28-1b93-426b-b2f1-8a7e22441427">
		<InternalInfo>
			<xr:GeneratedType name="DataProcessorObject.ПодборНоменклатуры" category="Object">
				<xr:TypeId>3ea2f583-e808-48fe-9e39-e19a2209e0b0</xr:TypeId>
				<xr:ValueId>f31fee93-490c-48ab-bf32-e81b9e3de7cf</xr:ValueId>
			</xr:GeneratedType>
			<xr:GeneratedType name="DataProcessorManager.ПодборНоменклатуры" category="Manager">
				<xr:TypeId>faaa0336-f60c-4920-9e55-448a07b0eda2</xr:TypeId>
				<xr:ValueId>b2bc93f1-69c1-462c-836d-ffab6f5cfc04</xr:ValueId>
			</xr:GeneratedType>
		</InternalInfo>
		<Properties>
			<ObjectBelonging>Adopted</ObjectBelonging>
			<Name>ПодборНоменклатуры</Name>
			<Comment/>
			<ExtendedConfigurationObject>6be8cbd8-0946-41cb-8062-648f93500c48</ExtendedConfigurationObject>
		</Properties>
		<ChildObjects>
			<Form>ФормаПодбораПоШтрихКодуУ</Form>
		</ChildObjects>
	</DataProcessor>
</MetaDataObject>