﻿<?xml version="1.0" encoding="UTF-8"?>
<Form xmlns="http://v8.1c.ru/8.3/xcf/logform" xmlns:app="http://v8.1c.ru/8.2/managed-application/core" xmlns:cfg="http://v8.1c.ru/8.1/data/enterprise/current-config" xmlns:dcscor="http://v8.1c.ru/8.1/data-composition-system/core" xmlns:dcsset="http://v8.1c.ru/8.1/data-composition-system/settings" xmlns:ent="http://v8.1c.ru/8.1/data/enterprise" xmlns:lf="http://v8.1c.ru/8.2/managed-application/logform" xmlns:style="http://v8.1c.ru/8.1/data/ui/style" xmlns:sys="http://v8.1c.ru/8.1/data/ui/fonts/system" xmlns:v8="http://v8.1c.ru/8.1/data/core" xmlns:v8ui="http://v8.1c.ru/8.1/data/ui" xmlns:web="http://v8.1c.ru/8.1/data/ui/colors/web" xmlns:win="http://v8.1c.ru/8.1/data/ui/colors/windows" xmlns:xr="http://v8.1c.ru/8.3/xcf/readable" xmlns:xs="http://www.w3.org/2001/XMLSchema" xmlns:xsi="http://www.w3.org/2001/XMLSchema-instance" version="2.18">
	<Title>
		<v8:item>
			<v8:lang>ru</v8:lang>
			<v8:content>Выбор номенклатуры</v8:content>
		</v8:item>
	</Title>
	<AutoTitle>false</AutoTitle>
	<CommandBarLocation>Bottom</CommandBarLocation>
	<CommandSet>
		<ExcludedCommand>Abort</ExcludedCommand>
		<ExcludedCommand>Cancel</ExcludedCommand>
		<ExcludedCommand>CustomizeForm</ExcludedCommand>
		<ExcludedCommand>Help</ExcludedCommand>
		<ExcludedCommand>Ignore</ExcludedCommand>
		<ExcludedCommand>No</ExcludedCommand>
		<ExcludedCommand>OK</ExcludedCommand>
		<ExcludedCommand>RestoreValues</ExcludedCommand>
		<ExcludedCommand>Retry</ExcludedCommand>
		<ExcludedCommand>SaveValues</ExcludedCommand>
		<ExcludedCommand>Yes</ExcludedCommand>
	</CommandSet>
	<AutoCommandBar name="ФормаКоманднаяПанель" id="-1">
		<HorizontalAlign>Right</HorizontalAlign>
		<ChildItems>
			<Button name="ФормаОсновныеДействияФормыВыбрать" id="68">
				<Type>CommandBarButton</Type>
				<DefaultButton>true</DefaultButton>
				<CommandName>1:409b9a53-7f7e-4178-86c1-33176c7c7a7a</CommandName>
				<ExtendedTooltip name="ФормаОсновныеДействияФормыВыбратьРасширеннаяПодсказка" id="69"/>
			</Button>
			<Button name="ФормаКнопка1" id="70">
				<Type>CommandBarButton</Type>
				<Representation>PictureAndText</Representation>
				<CommandName>Form.StandardCommand.Close</CommandName>
				<Title>
					<v8:item>
						<v8:lang>ru</v8:lang>
						<v8:content>Закрыть</v8:content>
					</v8:item>
				</Title>
				<ExtendedTooltip name="ФормаКнопка1РасширеннаяПодсказка" id="71"/>
			</Button>
		</ChildItems>
	</AutoCommandBar>
	<ChildItems>
		<Table name="Товары" id="1">
			<Representation>List</Representation>
			<ReadOnly>true</ReadOnly>
			<AutoInsertNewRow>true</AutoInsertNewRow>
			<EnableStartDrag>true</EnableStartDrag>
			<EnableDrag>true</EnableDrag>
			<FileDragMode>AsFile</FileDragMode>
			<DataPath>1</DataPath>
			<RowFilter xsi:nil="true"/>
			<ContextMenu name="ТоварыКонтекстноеМеню" id="2"/>
			<AutoCommandBar name="ТоварыКоманднаяПанель" id="3">
				<Autofill>false</Autofill>
			</AutoCommandBar>
			<ExtendedTooltip name="ТоварыРасширеннаяПодсказка" id="4"/>
			<SearchStringAddition name="ТоварыСтрокаПоиска" id="5">
				<AdditionSource>
					<Item>Товары</Item>
					<Type>SearchStringRepresentation</Type>
				</AdditionSource>
				<ContextMenu name="ТоварыСтрокаПоискаКонтекстноеМеню" id="8"/>
				<ExtendedTooltip name="ТоварыСтрокаПоискаРасширеннаяПодсказка" id="9"/>
			</SearchStringAddition>
			<ViewStatusAddition name="ТоварыСостояниеПросмотра" id="10">
				<AdditionSource>
					<Item>Товары</Item>
					<Type>ViewStatusRepresentation</Type>
				</AdditionSource>
				<ContextMenu name="ТоварыСостояниеПросмотраКонтекстноеМеню" id="13"/>
				<ExtendedTooltip name="ТоварыСостояниеПросмотраРасширеннаяПодсказка" id="14"/>
			</ViewStatusAddition>
			<SearchControlAddition name="ТоварыУправлениеПоиском" id="15">
				<AdditionSource>
					<Item>Товары</Item>
					<Type>SearchControl</Type>
				</AdditionSource>
				<ContextMenu name="ТоварыУправлениеПоискомКонтекстноеМеню" id="18"/>
				<ExtendedTooltip name="ТоварыУправлениеПоискомРасширеннаяПодсказка" id="19"/>
			</SearchControlAddition>
			<ChildItems>
				<InputField name="ТоварыКод" id="20">
					<DataPath>1/1</DataPath>
					<Visible>false</Visible>
					<EditMode>EnterOnInput</EditMode>
					<ContextMenu name="ТоварыКодКонтекстноеМеню" id="21"/>
					<ExtendedTooltip name="ТоварыКодРасширеннаяПодсказка" id="22"/>
				</InputField>
				<InputField name="ТоварыНоменклатураАртикул" id="62">
					<DataPath>1/2/0:c7f45eeb-dd7b-4843-ba99-a23f78b8e7e4</DataPath>
					<EditMode>EnterOnInput</EditMode>
					<ContextMenu name="ТоварыНоменклатураАртикулКонтекстноеМеню" id="63"/>
					<ExtendedTooltip name="ТоварыНоменклатураАртикулРасширеннаяПодсказка" id="64"/>
				</InputField>
				<InputField name="ТоварыНоменклатура" id="23">
					<DataPath>1/2</DataPath>
					<EditMode>EnterOnInput</EditMode>
					<ContextMenu name="ТоварыНоменклатураКонтекстноеМеню" id="24"/>
					<ExtendedTooltip name="ТоварыНоменклатураРасширеннаяПодсказка" id="25"/>
				</InputField>
				<InputField name="ТоварыНоменклатураПроба" id="65">
					<DataPath>1/2/0:8309b3c2-4574-403f-915b-7cea6f425140</DataPath>
					<EditMode>EnterOnInput</EditMode>
					<ContextMenu name="ТоварыНоменклатураПробаКонтекстноеМеню" id="66"/>
					<ExtendedTooltip name="ТоварыНоменклатураПробаРасширеннаяПодсказка" id="67"/>
				</InputField>
				<InputField name="ТоварыХарактеристикаНоменклатуры" id="26">
					<DataPath>1/3</DataPath>
					<EditMode>EnterOnInput</EditMode>
					<ContextMenu name="ТоварыХарактеристикаНоменклатурыКонтекстноеМеню" id="27"/>
					<ExtendedTooltip name="ТоварыХарактеристикаНоменклатурыРасширеннаяПодсказка" id="28"/>
				</InputField>
				<InputField name="ТоварыРазмер" id="29">
					<DataPath>1/4</DataPath>
					<EditMode>EnterOnInput</EditMode>
					<ContextMenu name="ТоварыРазмерКонтекстноеМеню" id="30"/>
					<ExtendedTooltip name="ТоварыРазмерРасширеннаяПодсказка" id="31"/>
				</InputField>
				<InputField name="ТоварыСерияНоменклатуры" id="32">
					<DataPath>1/5</DataPath>
					<EditMode>EnterOnInput</EditMode>
					<ContextMenu name="ТоварыСерияНоменклатурыКонтекстноеМеню" id="33"/>
					<ExtendedTooltip name="ТоварыСерияНоменклатурыРасширеннаяПодсказка" id="34"/>
				</InputField>
				<InputField name="ТоварыКоличество" id="35">
					<DataPath>1/6</DataPath>
					<EditMode>EnterOnInput</EditMode>
					<ContextMenu name="ТоварыКоличествоКонтекстноеМеню" id="36"/>
					<ExtendedTooltip name="ТоварыКоличествоРасширеннаяПодсказка" id="37"/>
				</InputField>
				<InputField name="ТоварыВес" id="38">
					<DataPath>1/7</DataPath>
					<EditMode>EnterOnInput</EditMode>
					<ContextMenu name="ТоварыВесКонтекстноеМеню" id="39"/>
					<ExtendedTooltip name="ТоварыВесРасширеннаяПодсказка" id="40"/>
				</InputField>
				<InputField name="ТоварыЦенаВРознице" id="41">
					<DataPath>1/8</DataPath>
					<EditMode>EnterOnInput</EditMode>
					<ContextMenu name="ТоварыЦенаВРозницеКонтекстноеМеню" id="42"/>
					<ExtendedTooltip name="ТоварыЦенаВРозницеРасширеннаяПодсказка" id="43"/>
				</InputField>
				<InputField name="ТоварыСкидкаСуммой" id="44">
					<DataPath>1/9</DataPath>
					<EditMode>EnterOnInput</EditMode>
					<ContextMenu name="ТоварыСкидкаСуммойКонтекстноеМеню" id="45"/>
					<ExtendedTooltip name="ТоварыСкидкаСуммойРасширеннаяПодсказка" id="46"/>
				</InputField>
				<InputField name="ТоварыСтоимость" id="47">
					<DataPath>1/10</DataPath>
					<EditMode>EnterOnInput</EditMode>
					<ContextMenu name="ТоварыСтоимостьКонтекстноеМеню" id="48"/>
					<ExtendedTooltip name="ТоварыСтоимостьРасширеннаяПодсказка" id="49"/>
				</InputField>
				<InputField name="ТоварыНомерПаспорта" id="50">
					<DataPath>1/11</DataPath>
					<EditMode>EnterOnInput</EditMode>
					<ContextMenu name="ТоварыНомерПаспортаКонтекстноеМеню" id="51"/>
					<ExtendedTooltip name="ТоварыНомерПаспортаРасширеннаяПодсказка" id="52"/>
				</InputField>
				<InputField name="ТоварыЗаказКлиента" id="53">
					<DataPath>1/12</DataPath>
					<EditMode>EnterOnInput</EditMode>
					<ContextMenu name="ТоварыЗаказКлиентаКонтекстноеМеню" id="54"/>
					<ExtendedTooltip name="ТоварыЗаказКлиентаРасширеннаяПодсказка" id="55"/>
				</InputField>
				<InputField name="ТоварыДокументПоступления" id="56">
					<DataPath>1/13</DataPath>
					<EditMode>EnterOnInput</EditMode>
					<ContextMenu name="ТоварыДокументПоступленияКонтекстноеМеню" id="57"/>
					<ExtendedTooltip name="ТоварыДокументПоступленияРасширеннаяПодсказка" id="58"/>
				</InputField>
				<InputField name="ТоварыПродажа" id="59">
					<DataPath>1/14</DataPath>
					<EditMode>EnterOnInput</EditMode>
					<ContextMenu name="ТоварыПродажаКонтекстноеМеню" id="60"/>
					<ExtendedTooltip name="ТоварыПродажаРасширеннаяПодсказка" id="61"/>
				</InputField>
			</ChildItems>
		</Table>
	</ChildItems>
	<Attributes/>
	<BaseForm version="2.18">
		<Title>
			<v8:item>
				<v8:lang>ru</v8:lang>
				<v8:content>Выбор номенклатуры</v8:content>
			</v8:item>
		</Title>
		<AutoTitle>false</AutoTitle>
		<CommandBarLocation>Bottom</CommandBarLocation>
		<CommandSet>
			<ExcludedCommand>Abort</ExcludedCommand>
			<ExcludedCommand>Cancel</ExcludedCommand>
			<ExcludedCommand>CustomizeForm</ExcludedCommand>
			<ExcludedCommand>Help</ExcludedCommand>
			<ExcludedCommand>Ignore</ExcludedCommand>
			<ExcludedCommand>No</ExcludedCommand>
			<ExcludedCommand>OK</ExcludedCommand>
			<ExcludedCommand>RestoreValues</ExcludedCommand>
			<ExcludedCommand>Retry</ExcludedCommand>
			<ExcludedCommand>SaveValues</ExcludedCommand>
			<ExcludedCommand>Yes</ExcludedCommand>
		</CommandSet>
		<AutoCommandBar name="ФормаКоманднаяПанель" id="-1">
			<HorizontalAlign>Right</HorizontalAlign>
			<ChildItems>
				<Button name="ФормаОсновныеДействияФормыВыбрать" id="68">
					<Type>CommandBarButton</Type>
					<DefaultButton>true</DefaultButton>
					<CommandName>1:409b9a53-7f7e-4178-86c1-33176c7c7a7a</CommandName>
					<ExtendedTooltip name="ФормаОсновныеДействияФормыВыбратьРасширеннаяПодсказка" id="69"/>
				</Button>
				<Button name="ФормаКнопка1" id="70">
					<Type>CommandBarButton</Type>
					<Representation>PictureAndText</Representation>
					<CommandName>Form.StandardCommand.Close</CommandName>
					<Title>
						<v8:item>
							<v8:lang>ru</v8:lang>
							<v8:content>Закрыть</v8:content>
						</v8:item>
					</Title>
					<ExtendedTooltip name="ФормаКнопка1РасширеннаяПодсказка" id="71"/>
				</Button>
			</ChildItems>
		</AutoCommandBar>
		<ChildItems>
			<Table name="Товары" id="1">
				<Representation>List</Representation>
				<ReadOnly>true</ReadOnly>
				<AutoInsertNewRow>true</AutoInsertNewRow>
				<EnableStartDrag>true</EnableStartDrag>
				<EnableDrag>true</EnableDrag>
				<FileDragMode>AsFile</FileDragMode>
				<DataPath>1</DataPath>
				<RowFilter xsi:nil="true"/>
				<ContextMenu name="ТоварыКонтекстноеМеню" id="2"/>
				<AutoCommandBar name="ТоварыКоманднаяПанель" id="3">
					<Autofill>false</Autofill>
				</AutoCommandBar>
				<ExtendedTooltip name="ТоварыРасширеннаяПодсказка" id="4"/>
				<SearchStringAddition name="ТоварыСтрокаПоиска" id="5">
					<AdditionSource>
						<Item>Товары</Item>
						<Type>SearchStringRepresentation</Type>
					</AdditionSource>
					<ContextMenu name="ТоварыСтрокаПоискаКонтекстноеМеню" id="8"/>
					<ExtendedTooltip name="ТоварыСтрокаПоискаРасширеннаяПодсказка" id="9"/>
				</SearchStringAddition>
				<ViewStatusAddition name="ТоварыСостояниеПросмотра" id="10">
					<AdditionSource>
						<Item>Товары</Item>
						<Type>ViewStatusRepresentation</Type>
					</AdditionSource>
					<ContextMenu name="ТоварыСостояниеПросмотраКонтекстноеМеню" id="13"/>
					<ExtendedTooltip name="ТоварыСостояниеПросмотраРасширеннаяПодсказка" id="14"/>
				</ViewStatusAddition>
				<SearchControlAddition name="ТоварыУправлениеПоиском" id="15">
					<AdditionSource>
						<Item>Товары</Item>
						<Type>SearchControl</Type>
					</AdditionSource>
					<ContextMenu name="ТоварыУправлениеПоискомКонтекстноеМеню" id="18"/>
					<ExtendedTooltip name="ТоварыУправлениеПоискомРасширеннаяПодсказка" id="19"/>
				</SearchControlAddition>
				<ChildItems>
					<InputField name="ТоварыКод" id="20">
						<DataPath>1/1</DataPath>
						<Visible>false</Visible>
						<EditMode>EnterOnInput</EditMode>
						<ContextMenu name="ТоварыКодКонтекстноеМеню" id="21"/>
						<ExtendedTooltip name="ТоварыКодРасширеннаяПодсказка" id="22"/>
					</InputField>
					<InputField name="ТоварыНоменклатураАртикул" id="62">
						<DataPath>1/2/0:c7f45eeb-dd7b-4843-ba99-a23f78b8e7e4</DataPath>
						<EditMode>EnterOnInput</EditMode>
						<ContextMenu name="ТоварыНоменклатураАртикулКонтекстноеМеню" id="63"/>
						<ExtendedTooltip name="ТоварыНоменклатураАртикулРасширеннаяПодсказка" id="64"/>
					</InputField>
					<InputField name="ТоварыНоменклатура" id="23">
						<DataPath>1/2</DataPath>
						<EditMode>EnterOnInput</EditMode>
						<ContextMenu name="ТоварыНоменклатураКонтекстноеМеню" id="24"/>
						<ExtendedTooltip name="ТоварыНоменклатураРасширеннаяПодсказка" id="25"/>
					</InputField>
					<InputField name="ТоварыНоменклатураПроба" id="65">
						<DataPath>1/2/0:8309b3c2-4574-403f-915b-7cea6f425140</DataPath>
						<EditMode>EnterOnInput</EditMode>
						<ContextMenu name="ТоварыНоменклатураПробаКонтекстноеМеню" id="66"/>
						<ExtendedTooltip name="ТоварыНоменклатураПробаРасширеннаяПодсказка" id="67"/>
					</InputField>
					<InputField name="ТоварыХарактеристикаНоменклатуры" id="26">
						<DataPath>1/3</DataPath>
						<EditMode>EnterOnInput</EditMode>
						<ContextMenu name="ТоварыХарактеристикаНоменклатурыКонтекстноеМеню" id="27"/>
						<ExtendedTooltip name="ТоварыХарактеристикаНоменклатурыРасширеннаяПодсказка" id="28"/>
					</InputField>
					<InputField name="ТоварыРазмер" id="29">
						<DataPath>1/4</DataPath>
						<EditMode>EnterOnInput</EditMode>
						<ContextMenu name="ТоварыРазмерКонтекстноеМеню" id="30"/>
						<ExtendedTooltip name="ТоварыРазмерРасширеннаяПодсказка" id="31"/>
					</InputField>
					<InputField name="ТоварыСерияНоменклатуры" id="32">
						<DataPath>1/5</DataPath>
						<EditMode>EnterOnInput</EditMode>
						<ContextMenu name="ТоварыСерияНоменклатурыКонтекстноеМеню" id="33"/>
						<ExtendedTooltip name="ТоварыСерияНоменклатурыРасширеннаяПодсказка" id="34"/>
					</InputField>
					<InputField name="ТоварыКоличество" id="35">
						<DataPath>1/6</DataPath>
						<EditMode>EnterOnInput</EditMode>
						<ContextMenu name="ТоварыКоличествоКонтекстноеМеню" id="36"/>
						<ExtendedTooltip name="ТоварыКоличествоРасширеннаяПодсказка" id="37"/>
					</InputField>
					<InputField name="ТоварыВес" id="38">
						<DataPath>1/7</DataPath>
						<EditMode>EnterOnInput</EditMode>
						<ContextMenu name="ТоварыВесКонтекстноеМеню" id="39"/>
						<ExtendedTooltip name="ТоварыВесРасширеннаяПодсказка" id="40"/>
					</InputField>
					<InputField name="ТоварыЦенаВРознице" id="41">
						<DataPath>1/8</DataPath>
						<EditMode>EnterOnInput</EditMode>
						<ContextMenu name="ТоварыЦенаВРозницеКонтекстноеМеню" id="42"/>
						<ExtendedTooltip name="ТоварыЦенаВРозницеРасширеннаяПодсказка" id="43"/>
					</InputField>
					<InputField name="ТоварыСкидкаСуммой" id="44">
						<DataPath>1/9</DataPath>
						<EditMode>EnterOnInput</EditMode>
						<ContextMenu name="ТоварыСкидкаСуммойКонтекстноеМеню" id="45"/>
						<ExtendedTooltip name="ТоварыСкидкаСуммойРасширеннаяПодсказка" id="46"/>
					</InputField>
					<InputField name="ТоварыСтоимость" id="47">
						<DataPath>1/10</DataPath>
						<EditMode>EnterOnInput</EditMode>
						<ContextMenu name="ТоварыСтоимостьКонтекстноеМеню" id="48"/>
						<ExtendedTooltip name="ТоварыСтоимостьРасширеннаяПодсказка" id="49"/>
					</InputField>
					<InputField name="ТоварыНомерПаспорта" id="50">
						<DataPath>1/11</DataPath>
						<EditMode>EnterOnInput</EditMode>
						<ContextMenu name="ТоварыНомерПаспортаКонтекстноеМеню" id="51"/>
						<ExtendedTooltip name="ТоварыНомерПаспортаРасширеннаяПодсказка" id="52"/>
					</InputField>
					<InputField name="ТоварыЗаказКлиента" id="53">
						<DataPath>1/12</DataPath>
						<EditMode>EnterOnInput</EditMode>
						<ContextMenu name="ТоварыЗаказКлиентаКонтекстноеМеню" id="54"/>
						<ExtendedTooltip name="ТоварыЗаказКлиентаРасширеннаяПодсказка" id="55"/>
					</InputField>
					<InputField name="ТоварыДокументПоступления" id="56">
						<DataPath>1/13</DataPath>
						<EditMode>EnterOnInput</EditMode>
						<ContextMenu name="ТоварыДокументПоступленияКонтекстноеМеню" id="57"/>
						<ExtendedTooltip name="ТоварыДокументПоступленияРасширеннаяПодсказка" id="58"/>
					</InputField>
					<InputField name="ТоварыПродажа" id="59">
						<DataPath>1/14</DataPath>
						<EditMode>EnterOnInput</EditMode>
						<ContextMenu name="ТоварыПродажаКонтекстноеМеню" id="60"/>
						<ExtendedTooltip name="ТоварыПродажаРасширеннаяПодсказка" id="61"/>
					</InputField>
				</ChildItems>
			</Table>
		</ChildItems>
		<Attributes/>
	</BaseForm>
</Form>