﻿<?xml version="1.0" encoding="UTF-8"?>
<MetaDataObject xmlns="http://v8.1c.ru/8.3/MDClasses" xmlns:app="http://v8.1c.ru/8.2/managed-application/core" xmlns:cfg="http://v8.1c.ru/8.1/data/enterprise/current-config" xmlns:cmi="http://v8.1c.ru/8.2/managed-application/cmi" xmlns:ent="http://v8.1c.ru/8.1/data/enterprise" xmlns:lf="http://v8.1c.ru/8.2/managed-application/logform" xmlns:style="http://v8.1c.ru/8.1/data/ui/style" xmlns:sys="http://v8.1c.ru/8.1/data/ui/fonts/system" xmlns:v8="http://v8.1c.ru/8.1/data/core" xmlns:v8ui="http://v8.1c.ru/8.1/data/ui" xmlns:web="http://v8.1c.ru/8.1/data/ui/colors/web" xmlns:win="http://v8.1c.ru/8.1/data/ui/colors/windows" xmlns:xen="http://v8.1c.ru/8.3/xcf/enums" xmlns:xpr="http://v8.1c.ru/8.3/xcf/predef" xmlns:xr="http://v8.1c.ru/8.3/xcf/readable" xmlns:xs="http://www.w3.org/2001/XMLSchema" xmlns:xsi="http://www.w3.org/2001/XMLSchema-instance" version="2.18">
	<CommonModule uuid="9db13e60-bcb4-4b90-9181-7573e82f82b8">
		<InternalInfo/>
		<Properties>
			<ObjectBelonging>Adopted</ObjectBelonging>
			<Name>ИнтеграцияГИИСДМДКЮТДСервер</Name>
			<Comment/>
			<ExtendedConfigurationObject>7a89ff80-2668-4d79-8bf5-5746c33c94f3</ExtendedConfigurationObject>
			<Global>false</Global>
			<ClientManagedApplication>false</ClientManagedApplication>
			<Server>true</Server>
			<ExternalConnection>true</ExternalConnection>
			<ClientOrdinaryApplication>true</ClientOrdinaryApplication>
			<ServerCall>false</ServerCall>
		</Properties>
	</CommonModule>
</MetaDataObject>