﻿<?xml version="1.0" encoding="UTF-8"?>
<MetaDataObject xmlns="http://v8.1c.ru/8.3/MDClasses" xmlns:app="http://v8.1c.ru/8.2/managed-application/core" xmlns:cfg="http://v8.1c.ru/8.1/data/enterprise/current-config" xmlns:cmi="http://v8.1c.ru/8.2/managed-application/cmi" xmlns:ent="http://v8.1c.ru/8.1/data/enterprise" xmlns:lf="http://v8.1c.ru/8.2/managed-application/logform" xmlns:style="http://v8.1c.ru/8.1/data/ui/style" xmlns:sys="http://v8.1c.ru/8.1/data/ui/fonts/system" xmlns:v8="http://v8.1c.ru/8.1/data/core" xmlns:v8ui="http://v8.1c.ru/8.1/data/ui" xmlns:web="http://v8.1c.ru/8.1/data/ui/colors/web" xmlns:win="http://v8.1c.ru/8.1/data/ui/colors/windows" xmlns:xen="http://v8.1c.ru/8.3/xcf/enums" xmlns:xpr="http://v8.1c.ru/8.3/xcf/predef" xmlns:xr="http://v8.1c.ru/8.3/xcf/readable" xmlns:xs="http://www.w3.org/2001/XMLSchema" xmlns:xsi="http://www.w3.org/2001/XMLSchema-instance" version="2.18">
	<ChartOfCharacteristicTypes uuid="b9b81eeb-6f7f-4016-9992-c3910aac76aa">
		<InternalInfo>
			<xr:GeneratedType name="ChartOfCharacteristicTypesObject.СвойстваОбъектов" category="Object">
				<xr:TypeId>c042f1d6-5285-4657-bc9d-09180d0422d2</xr:TypeId>
				<xr:ValueId>58b8a9cc-1cb3-4cb3-884f-0cc4fd7b07b8</xr:ValueId>
			</xr:GeneratedType>
			<xr:GeneratedType name="ChartOfCharacteristicTypesRef.СвойстваОбъектов" category="Ref">
				<xr:TypeId>938f2cb9-10ba-4527-a0f4-afc1b23ae43d</xr:TypeId>
				<xr:ValueId>dfac35e5-7695-4741-81f4-25c593fc9150</xr:ValueId>
			</xr:GeneratedType>
			<xr:GeneratedType name="ChartOfCharacteristicTypesSelection.СвойстваОбъектов" category="Selection">
				<xr:TypeId>5730ee11-21df-4dbf-b3ca-dce852d98c69</xr:TypeId>
				<xr:ValueId>bfa80c95-e6d0-45ac-8e7d-ca9f97a336ef</xr:ValueId>
			</xr:GeneratedType>
			<xr:GeneratedType name="ChartOfCharacteristicTypesList.СвойстваОбъектов" category="List">
				<xr:TypeId>478ef1a5-29ad-4b8b-a9ec-d7ba56460281</xr:TypeId>
				<xr:ValueId>046a5c0e-c065-4a2b-bee4-f8790b991ad1</xr:ValueId>
			</xr:GeneratedType>
			<xr:GeneratedType name="Characteristic.СвойстваОбъектов" category="Characteristic">
				<xr:TypeId>3e782d3c-ff2d-4f02-9025-5c14288355db</xr:TypeId>
				<xr:ValueId>54f58352-d703-4978-889b-0174e94ea2ce</xr:ValueId>
			</xr:GeneratedType>
			<xr:GeneratedType name="ChartOfCharacteristicTypesManager.СвойстваОбъектов" category="Manager">
				<xr:TypeId>9fe52d42-e8b9-4968-b8e3-a5285678495c</xr:TypeId>
				<xr:ValueId>2374fdfd-6677-4aa0-bda9-9c39efa0d5b2</xr:ValueId>
			</xr:GeneratedType>
		</InternalInfo>
		<Properties>
			<ObjectBelonging>Adopted</ObjectBelonging>
			<Name>СвойстваОбъектов</Name>
			<Comment/>
			<ExtendedConfigurationObject>9905c644-bfc0-45c8-8309-1c001815953c</ExtendedConfigurationObject>
		</Properties>
		<ChildObjects/>
	</ChartOfCharacteristicTypes>
</MetaDataObject>